-- phpMyAdmin SQL Dump
-- version 4.5.1
-- http://www.phpmyadmin.net
--
-- Host: 127.0.0.1
-- Generation Time: Jan 02, 2020 at 05:01 PM
-- Server version: 10.1.10-MariaDB
-- PHP Version: 5.6.19

SET SQL_MODE = "NO_AUTO_VALUE_ON_ZERO";
SET time_zone = "+00:00";


/*!40101 SET @OLD_CHARACTER_SET_CLIENT=@@CHARACTER_SET_CLIENT */;
/*!40101 SET @OLD_CHARACTER_SET_RESULTS=@@CHARACTER_SET_RESULTS */;
/*!40101 SET @OLD_COLLATION_CONNECTION=@@COLLATION_CONNECTION */;
/*!40101 SET NAMES utf8mb4 */;

--
-- Database: `qc_3dquangcao`
--

-- --------------------------------------------------------

--
-- Table structure for table `migrations`
--

CREATE TABLE `migrations` (
  `id` int(10) UNSIGNED NOT NULL,
  `migration` varchar(255) COLLATE utf8mb4_unicode_ci NOT NULL,
  `batch` int(11) NOT NULL
) ENGINE=InnoDB DEFAULT CHARSET=utf8mb4 COLLATE=utf8mb4_unicode_ci;

--
-- Dumping data for table `migrations`
--

INSERT INTO `migrations` (`id`, `migration`, `batch`) VALUES
(1, '2018_03_07_083017_create_qc_company', 1),
(2, '2018_03_07_093153_create_qc_department', 2),
(3, '2018_03_07_140604_create_qc_staff', 3),
(4, '2018_03_07_152020_create_qc_department_staff', 4),
(5, '2018_03_07_153342_create_qc_staff_salary_basic', 5),
(6, '2018_03_07_160336_create_qc_work', 6),
(7, '2018_03_07_163418_create_qc_timekeeping', 7),
(8, '2018_03_07_170407_create_qc_timekeeping_off', 8),
(9, '2018_03_07_171754_create_qc_off_work', 9),
(10, '2018_04_17_035654_SalaryBeforePay', 10),
(11, '2018_04_17_043632_Salary', 11),
(12, '2018_04_17_044817_SalaryPay', 12),
(13, '2018_04_17_082553_MinusMoney', 13),
(14, '2018_05_17_164914_Customer', 14),
(15, '2018_05_17_170845_Order', 15),
(16, '2018_05_17_172703_OrderPay', 16),
(17, '2018_05_18_093449_ProductType', 17),
(18, '2018_05_18_094320_Product', 18),
(19, '2018_06_04_033433_Rule', 19),
(20, '2018_06_04_033918_PaymentType', 19),
(21, '2018_06_04_034242_Payment', 20),
(22, '2018_06_14_022026_Transfers', 21),
(23, '2018_11_12_075537_rank', 22),
(24, '2018_11_20_030230_TimekeepingProvisional', 23),
(25, '2018_11_20_153113_LicensenOffWork', 24),
(26, '2018_11_20_153944_LicenseLateWork', 25),
(27, '2018_12_15_043834_SalaryBeforePayRequest', 26),
(28, '2019_01_14_045847_PunishType', 27),
(29, '2019_01_14_050145_PunishContent', 28),
(30, '2019_02_22_031255_Supplies', 29),
(31, '2019_03_24_161659_Tool', 30),
(32, '2019_03_26_040015_Import', 31),
(33, '2019_03_29_092015_ImportDetail', 32),
(34, '2019_03_29_093302_ImportImage', 33),
(35, '2019_03_29_093319_ImportPay', 33),
(36, '2019_03_29_172728_ToolAllocation', 34),
(37, '2019_03_29_172744_ToolReturn', 34),
(38, '2019_03_29_174115_ToolReturnDetail', 35),
(39, '2019_03_29_174131_ToolAllocationDetail', 35),
(40, '2019_03_29_180207_ToolStaff', 36),
(41, '2019_03_29_181308_CompanyStore', 37),
(42, '2019_05_14_163739_WorkAllocation', 38),
(43, '2019_05_14_170515_WorkAllocationFinish', 39),
(44, '2019_05_14_172418_WorkAllocationReport', 40),
(45, '2019_05_14_172707_WorkAllocationReportImage', 41),
(46, '2019_05_30_092955_ProductRepair', 42),
(47, '2019_05_30_094434_ProductRepairAllocation', 43),
(48, '2019_05_30_104933_ProductRepairFinish', 44),
(49, '2019_05_30_105522_ProductRepairFinishImage', 45),
(50, '2019_06_21_143104_SalesLevel', 46),
(51, '2019_06_21_175324_StaffSales', 47),
(52, '2019_07_01_130213_OrderAllocation', 48),
(53, '2019_07_15_055205_TansfersDetail', 49),
(54, '2019_07_21_065047_CompanyStaffWork', 50),
(55, '2019_07_21_071225_CompanyStaffWorkEnd', 51),
(56, '2019_07_24_034544_StaffWorkSalary', 52),
(57, '2019_08_17_042803_PayActivity', 53),
(58, '2019_08_18_093503_PayActivityList', 54),
(59, '2019_08_24_043853_SystemDateOff', 55),
(60, '2019_09_14_040210_StaffWorkMethod', 56),
(61, '2019_09_23_053230_ProductTypePrice', 57),
(62, '2019_09_26_083302_ProductTypeImage', 58),
(63, '2019_11_22_123404_Kpi', 59),
(64, '2019_11_22_130430_StaffKpi', 60),
(65, '2019_12_09_075458_StaffKpiRegister', 61);

-- --------------------------------------------------------

--
-- Table structure for table `password_resets`
--

CREATE TABLE `password_resets` (
  `email` varchar(255) COLLATE utf8mb4_unicode_ci NOT NULL,
  `token` varchar(255) COLLATE utf8mb4_unicode_ci NOT NULL,
  `created_at` timestamp NULL DEFAULT NULL
) ENGINE=InnoDB DEFAULT CHARSET=utf8mb4 COLLATE=utf8mb4_unicode_ci;

-- --------------------------------------------------------

--
-- Table structure for table `qc_companies`
--

CREATE TABLE `qc_companies` (
  `company_id` int(10) UNSIGNED NOT NULL,
  `companyCode` varchar(30) COLLATE utf8mb4_unicode_ci NOT NULL,
  `name` varchar(50) COLLATE utf8mb4_unicode_ci NOT NULL,
  `nameCode` varchar(30) COLLATE utf8mb4_unicode_ci NOT NULL,
  `address` varchar(50) COLLATE utf8mb4_unicode_ci DEFAULT NULL,
  `phone` varchar(30) COLLATE utf8mb4_unicode_ci DEFAULT NULL,
  `email` varchar(250) COLLATE utf8mb4_unicode_ci DEFAULT NULL,
  `website` varchar(250) COLLATE utf8mb4_unicode_ci DEFAULT NULL,
  `logo` varchar(300) COLLATE utf8mb4_unicode_ci DEFAULT NULL,
  `companyType` tinyint(1) NOT NULL DEFAULT '1',
  `action` tinyint(1) NOT NULL DEFAULT '1',
  `created_at` datetime NOT NULL
) ENGINE=InnoDB DEFAULT CHARSET=utf8mb4 COLLATE=utf8mb4_unicode_ci;

--
-- Dumping data for table `qc_companies`
--

INSERT INTO `qc_companies` (`company_id`, `companyCode`, `name`, `nameCode`, `address`, `phone`, `email`, `website`, `logo`, `companyType`, `action`, `created_at`) VALUES
(1, '0123456789', 'CÔNG TY QUẢNG CÁO 1', 'CN1', '995 Hoàng Sa, Phường 11, Quận 3. TP.HCM, Việt Nam', '0909889907', 'phanmemquangcao@gmail.com', '/www.facebook.com/quochuy.nguyen.549', '0123456789-190607173944.JPG', 0, 1, '2018-03-15 06:23:17'),
(2, '0123456789-02', 'CÔNG TY QUẢNG CÁO 2', 'CN2', 'B17/18 QL50, Bình Hưng, Bình Chánh, TP.HCM', '0939889907', 'quochuy@gmail.com', 'www.facebook.com/quochuy.nguyen.549', NULL, 1, 1, '2018-03-15 08:24:50'),
(3, '131414343-5', '3dquangcao 4', '3DCN-4', 'nguyen van linh', '0123456789', NULL, NULL, '131414343-5-190607170939.JPG', 1, 1, '2019-06-07 17:09:39');

-- --------------------------------------------------------

--
-- Table structure for table `qc_company_staff_work`
--

CREATE TABLE `qc_company_staff_work` (
  `work_id` int(10) UNSIGNED NOT NULL,
  `beginDate` datetime NOT NULL,
  `level` tinyint(4) NOT NULL DEFAULT '5',
  `action` tinyint(4) NOT NULL DEFAULT '1',
  `created_at` datetime NOT NULL,
  `staff_id` int(10) UNSIGNED NOT NULL,
  `staffAdd_id` int(10) UNSIGNED NOT NULL,
  `company_id` int(10) UNSIGNED NOT NULL
) ENGINE=InnoDB DEFAULT CHARSET=utf8mb4 COLLATE=utf8mb4_unicode_ci;

--
-- Dumping data for table `qc_company_staff_work`
--

INSERT INTO `qc_company_staff_work` (`work_id`, `beginDate`, `level`, `action`, `created_at`, `staff_id`, `staffAdd_id`, `company_id`) VALUES
(5, '2019-07-01 00:00:00', 3, 1, '2019-07-27 21:19:52', 5, 1, 2),
(6, '2019-07-01 00:00:00', 2, 1, '2019-07-29 15:01:58', 12, 1, 2),
(7, '2019-07-01 00:00:00', 0, 1, '2019-07-29 15:35:33', 1, 1, 1),
(8, '2019-07-01 00:00:00', 3, 0, '2019-07-29 15:36:32', 10, 1, 1),
(9, '2019-07-13 00:00:00', 2, 1, '2019-07-29 15:38:38', 16, 1, 2),
(10, '2019-07-01 00:00:00', 5, 1, '2019-07-29 15:39:26', 14, 1, 1),
(11, '2019-07-01 00:00:00', 1, 0, '2019-07-29 15:40:32', 15, 1, 1),
(12, '2019-07-01 00:00:00', 3, 1, '2019-07-29 15:45:19', 9, 1, 1),
(13, '2019-07-01 00:00:00', 0, 1, '2019-07-29 15:54:18', 7, 1, 1),
(14, '2019-07-28 00:00:00', 5, 0, '2019-07-29 22:59:53', 17, 1, 1),
(15, '2019-07-28 00:00:00', 5, 1, '2019-07-29 23:13:22', 18, 1, 2),
(16, '2019-07-01 00:00:00', 3, 1, '2019-08-02 00:54:42', 8, 1, 2),
(17, '2019-07-01 00:00:00', 3, 1, '2019-08-02 09:58:40', 10, 1, 2),
(18, '2019-07-28 00:00:00', 5, 1, '2019-08-02 10:44:31', 17, 1, 2),
(19, '2019-08-01 00:00:00', 3, 0, '2019-08-02 11:02:31', 19, 1, 2),
(20, '2019-08-01 00:00:00', 5, 1, '2019-08-02 11:12:07', 19, 1, 1),
(21, '2019-07-01 00:00:00', 5, 1, '2019-08-02 11:17:11', 15, 1, 2),
(22, '2019-08-14 00:00:00', 5, 1, '2019-08-14 10:58:04', 20, 1, 2),
(23, '2019-08-29 00:00:00', 5, 1, '2019-08-29 14:12:24', 21, 1, 2),
(24, '2019-08-29 00:00:00', 5, 1, '2019-08-29 16:06:53', 22, 1, 2),
(25, '2019-08-29 00:00:00', 5, 1, '2019-08-29 16:16:26', 23, 1, 2),
(26, '2019-10-01 00:00:00', 1, 1, '2019-10-01 11:34:55', 24, 1, 2);

-- --------------------------------------------------------

--
-- Table structure for table `qc_company_staff_work_end`
--

CREATE TABLE `qc_company_staff_work_end` (
  `end_id` int(10) UNSIGNED NOT NULL,
  `endDate` datetime NOT NULL,
  `endReason` varchar(255) COLLATE utf8mb4_unicode_ci DEFAULT NULL,
  `action` tinyint(4) NOT NULL DEFAULT '1',
  `created_at` datetime NOT NULL,
  `work_id` int(10) UNSIGNED NOT NULL,
  `staff_id` int(10) UNSIGNED NOT NULL
) ENGINE=InnoDB DEFAULT CHARSET=utf8mb4 COLLATE=utf8mb4_unicode_ci;

--
-- Dumping data for table `qc_company_staff_work_end`
--

INSERT INTO `qc_company_staff_work_end` (`end_id`, `endDate`, `endReason`, `action`, `created_at`, `work_id`, `staff_id`) VALUES
(1, '2019-08-01 00:00:00', 'Chuyển công tác', 1, '2019-08-02 11:12:07', 19, 1),
(2, '2019-07-01 00:00:00', 'Chuyển công tác', 1, '2019-08-02 11:17:11', 11, 1);

-- --------------------------------------------------------

--
-- Table structure for table `qc_company_store`
--

CREATE TABLE `qc_company_store` (
  `store_id` int(10) UNSIGNED NOT NULL,
  `amount` int(11) NOT NULL,
  `updateDate` datetime NOT NULL,
  `created_at` datetime NOT NULL,
  `company_id` int(10) UNSIGNED NOT NULL,
  `tool_id` int(10) UNSIGNED DEFAULT NULL,
  `supplies_id` int(10) UNSIGNED DEFAULT NULL
) ENGINE=InnoDB DEFAULT CHARSET=utf8mb4 COLLATE=utf8mb4_unicode_ci;

--
-- Dumping data for table `qc_company_store`
--

INSERT INTO `qc_company_store` (`store_id`, `amount`, `updateDate`, `created_at`, `company_id`, `tool_id`, `supplies_id`) VALUES
(1, 1, '2019-04-11 17:27:40', '2019-04-11 17:27:40', 2, NULL, 13),
(2, 7, '2019-12-14 23:46:04', '2019-04-11 17:44:37', 2, NULL, 15),
(3, 22, '2019-12-14 23:51:30', '2019-04-11 17:44:37', 2, NULL, 2),
(4, 3, '2019-04-15 05:52:33', '2019-04-11 17:44:38', 2, 3, NULL),
(5, 2, '2019-04-11 17:56:43', '2019-04-11 17:56:43', 2, 9, NULL),
(6, 3, '2019-06-17 07:49:24', '2019-04-11 18:01:23', 2, 11, NULL),
(7, 5, '2019-04-11 18:05:53', '2019-04-11 18:05:53', 2, 12, NULL),
(8, 1, '2019-04-11 18:05:54', '2019-04-11 18:05:54', 2, 13, NULL),
(9, 1, '2019-04-11 18:19:40', '2019-04-11 18:19:40', 2, NULL, 16),
(10, 2, '2019-04-11 18:20:55', '2019-04-11 18:20:55', 2, NULL, 17),
(11, 11, '2019-05-10 04:19:56', '2019-04-11 18:20:55', 2, NULL, 22),
(12, 5, '2019-08-09 22:34:32', '2019-04-11 18:22:01', 2, 6, NULL),
(13, 37, '2019-08-09 16:21:56', '2019-04-11 18:22:01', 2, 1, NULL),
(14, 22, '2019-08-09 16:21:56', '2019-04-12 10:22:10', 2, NULL, 12),
(15, 1, '2019-04-15 05:52:33', '2019-04-15 05:52:33', 2, 7, NULL),
(16, 10, '2019-04-15 07:10:31', '2019-04-15 07:10:31', 2, NULL, 21),
(17, 1, '2019-04-15 07:10:31', '2019-04-15 07:10:31', 2, 14, NULL),
(18, 2, '2019-08-09 16:21:56', '2019-06-17 07:49:24', 2, NULL, 3),
(19, 7, '2019-12-14 23:46:04', '2019-06-17 08:56:07', 2, NULL, 15),
(20, 1, '2019-06-17 08:56:07', '2019-06-17 08:56:07', 2, 9, NULL),
(21, 10, '2019-07-18 20:50:23', '2019-07-18 20:50:23', 1, NULL, 18),
(22, 2, '2019-08-09 22:40:18', '2019-08-09 22:34:32', 1, 8, NULL),
(23, 8, '2019-08-09 23:49:40', '2019-08-09 23:49:40', 1, 6, NULL),
(24, 8, '2019-08-10 01:09:02', '2019-08-10 01:01:00', 2, 8, NULL),
(25, 3, '2019-08-21 17:26:13', '2019-08-21 17:26:13', 1, 11, NULL),
(26, 3, '2019-08-21 17:30:43', '2019-08-21 17:30:43', 1, 5, NULL),
(27, 1, '2019-09-18 23:15:56', '2019-09-18 23:15:56', 2, 5, NULL),
(28, 4, '2019-12-16 20:35:44', '2019-11-20 02:00:30', 1, NULL, 13),
(29, 111, '2019-12-16 20:35:18', '2019-12-02 16:21:07', 1, NULL, 15),
(30, 10, '2019-12-03 02:37:42', '2019-12-03 02:37:42', 1, NULL, 21),
(31, 2, '2019-12-16 20:35:18', '2019-12-16 20:35:18', 1, 1, NULL),
(32, 1, '2019-12-18 22:48:00', '2019-12-18 22:48:00', 1, NULL, 24);

-- --------------------------------------------------------

--
-- Table structure for table `qc_customers`
--

CREATE TABLE `qc_customers` (
  `customer_id` int(10) UNSIGNED NOT NULL,
  `nameCode` varchar(30) COLLATE utf8mb4_unicode_ci NOT NULL,
  `name` varchar(50) COLLATE utf8mb4_unicode_ci NOT NULL,
  `address` varchar(50) COLLATE utf8mb4_unicode_ci DEFAULT NULL,
  `phone` varchar(30) COLLATE utf8mb4_unicode_ci DEFAULT NULL,
  `email` varchar(250) COLLATE utf8mb4_unicode_ci DEFAULT NULL,
  `zalo` varchar(30) COLLATE utf8mb4_unicode_ci DEFAULT NULL,
  `birthDay` date DEFAULT NULL,
  `created_at` datetime NOT NULL
) ENGINE=InnoDB DEFAULT CHARSET=utf8mb4 COLLATE=utf8mb4_unicode_ci;

--
-- Dumping data for table `qc_customers`
--

INSERT INTO `qc_customers` (`customer_id`, `nameCode`, `name`, `address`, `phone`, `email`, `zalo`, `birthDay`, `created_at`) VALUES
(1, '180620063144', 'Hồng Mi', 'Đường số 21', NULL, NULL, NULL, NULL, '2018-06-20 06:31:44'),
(2, '180620070209', 'Trung', NULL, '0936656785', NULL, '0936656785', NULL, '2018-06-20 07:02:09'),
(3, '180620090045', 'Hưởng', NULL, '0978958022', NULL, NULL, NULL, '2018-06-20 09:00:45'),
(6, '180621142711', 'Trang', NULL, '0968024444', NULL, NULL, NULL, '2018-06-21 14:27:11'),
(7, '180623075014', 'abc', NULL, '0912345678', NULL, NULL, NULL, '2018-06-23 07:50:14'),
(8, '180623075203', 'ffffabc', NULL, '0412345678', NULL, NULL, NULL, '2018-06-23 07:52:03'),
(9, '180629112556', 'Trần văn Đồng', NULL, '0123456789', NULL, NULL, NULL, '2018-06-29 11:25:56'),
(10, '180707033855', 'Trần văn tý', NULL, '13124456546', NULL, NULL, NULL, '2018-07-07 03:38:55'),
(11, '180707045356', 'huỳnh văn sửu', NULL, '0923423423', NULL, NULL, NULL, '2018-07-07 04:53:56'),
(12, '190608193913', 'Nguyễn văn a', NULL, '012345698', NULL, NULL, NULL, '2019-06-08 19:39:13'),
(16, '190616125412', 'Nguyen van b', '5 QL 50', '0123456987', NULL, '0123456987', NULL, '2019-06-16 12:54:12'),
(17, '190616134608', 'Nguyen van c', NULL, '0147852369', NULL, '0147852369', NULL, '2019-06-16 13:46:08'),
(18, '190616135601', 'Trần văn Đồng b', '20 ql 50', '0123456781', NULL, NULL, NULL, '2019-06-16 13:56:01'),
(19, '190617110010', 'Huynh tan phat', NULL, '01236923333', NULL, '01236923333', NULL, '2019-06-17 11:00:10'),
(20, '190619200556', 'tran quoc thảo', 'TQB', '0123444444', NULL, '0123444444', NULL, '2019-06-19 20:05:56'),
(21, '190619205203', 'tran tien xuan', NULL, '012345555', NULL, '012345555', NULL, '2019-06-19 20:52:03'),
(22, '190619205415', 'loc', NULL, '0123456666', NULL, NULL, NULL, '2019-06-19 20:54:15'),
(23, '190626102818', 'nguyen van b', NULL, '0123698745', NULL, '0123698745', NULL, '2019-06-26 10:28:18'),
(24, '190628203114', 'test cancel', NULL, '0123658749', NULL, '0123658749', NULL, '2019-06-28 20:31:14'),
(25, '190629124936', 'test  order contact', 'abc', '0123698547', NULL, '0123698547', NULL, '2019-06-29 12:49:36'),
(26, '190630185734', 'test  order contact 1', 'quoc lo 50', '0258794613', NULL, '0258794613', NULL, '2019-06-30 18:57:34'),
(27, '190704134757', 'test giao công trình', 'ql 50', '0147285963', NULL, '0147285963', NULL, '2019-07-04 13:47:57'),
(28, '190705194036', 'aaa', 'ql5', '01236852727278', NULL, '014275275385', NULL, '2019-07-05 19:40:36'),
(29, '190713111323', 'bb', NULL, '1234678897', NULL, '1234678897', NULL, '2019-07-13 11:13:23'),
(30, '190715221907', 'khach hang 1', NULL, '0124587963', NULL, NULL, NULL, '2019-07-15 22:19:07'),
(31, '190715222125', 'khach hang 2', NULL, '255874561', NULL, NULL, NULL, '2019-07-15 22:21:25'),
(32, '190720125152', 'tssss', NULL, '789564123', NULL, NULL, NULL, '2019-07-20 12:51:52'),
(33, '190812152354', 'khach hang thang 8', NULL, '0987541236', NULL, '0147854123', NULL, '2019-08-12 15:23:54'),
(34, '190812153434', 'khach anh chi nhanh 2  - 1', NULL, '096587426', NULL, '014785963', NULL, '2019-08-12 15:34:34'),
(35, '190815170342', 'khach hang 15-08-2019', 'QL 50', '09856321479', NULL, '02356987419', NULL, '2019-08-15 17:03:42'),
(36, '190906163154', 'CHỊ BÁN GÀ NƯỚNG', '', '0104104', '', NULL, NULL, '2019-09-06 16:31:54'),
(37, '190906163317', 'CHỊ B&Aacute;N G&Agrave; NƯỚNG', NULL, '012587469', NULL, NULL, NULL, '2019-09-06 16:33:17'),
(38, '190913143811', 'hùng', NULL, '0908939278', NULL, '0123456963', NULL, '2019-09-13 14:38:11'),
(39, '190913144348', 'l&ecirc; dương', NULL, '0936317881', NULL, '0898156605', NULL, '2019-09-13 14:43:48'),
(40, '190918100715', 'khách hang a', NULL, '023698547', NULL, NULL, NULL, '2019-09-18 10:07:15'),
(41, '191001163024', 'khác hàng 5', NULL, '012369787', NULL, '012369787', NULL, '2019-10-01 16:30:24'),
(42, '191001163136', 'khác hàng 6', NULL, '02589633', NULL, NULL, NULL, '2019-10-01 16:31:36'),
(43, '191018015207', 'test new 18/10', NULL, '2022', NULL, NULL, NULL, '2019-10-18 01:52:07'),
(44, '191130102128', 'khách hàng tháng 11', NULL, '012369845', NULL, NULL, NULL, '2019-11-30 10:21:28'),
(45, '191130130607', 'khách hàng tháng 11 -1', NULL, '147869535', NULL, NULL, NULL, '2019-11-30 13:06:07'),
(46, '191214141754', 'khach hang 11', NULL, '0335927506', NULL, NULL, NULL, '2019-12-14 14:17:54'),
(47, '191221231930', 'a tung', NULL, '012352147869', NULL, NULL, NULL, '2019-12-21 23:19:30'),
(48, '191223171300', 'khach hang test bao gia', NULL, '01256984', NULL, NULL, NULL, '2019-12-23 17:13:00'),
(49, '191225100120', 'test  báo giá 3', NULL, '0265985478', NULL, '0265985478', NULL, '2019-12-25 10:01:20');

-- --------------------------------------------------------

--
-- Table structure for table `qc_departments`
--

CREATE TABLE `qc_departments` (
  `department_id` int(10) UNSIGNED NOT NULL,
  `departmentCode` varchar(10) COLLATE utf8mb4_unicode_ci NOT NULL,
  `name` varchar(30) COLLATE utf8mb4_unicode_ci NOT NULL,
  `activityStatus` tinyint(1) NOT NULL DEFAULT '1',
  `created_at` datetime NOT NULL
) ENGINE=InnoDB DEFAULT CHARSET=utf8mb4 COLLATE=utf8mb4_unicode_ci;

--
-- Dumping data for table `qc_departments`
--

INSERT INTO `qc_departments` (`department_id`, `departmentCode`, `name`, `activityStatus`, `created_at`) VALUES
(1, 'QL', 'Quản lý', 1, '2018-03-16 00:00:00'),
(2, 'TC', 'Thi công', 1, '2018-03-16 00:00:00'),
(3, 'KT', 'Kế toán', 1, '2018-03-16 00:00:00'),
(4, 'TK', 'Thiết kế', 1, '2018-11-12 04:57:24'),
(5, 'KD', 'Kinh Doanh', 1, '2019-06-18 08:36:55'),
(6, 'NS', 'Nhân sự', 1, '2019-06-18 09:09:16'),
(7, 'TQ', 'Thủ quỹ', 1, '2019-07-18 09:47:22');

-- --------------------------------------------------------

--
-- Table structure for table `qc_department_staffs`
--

CREATE TABLE `qc_department_staffs` (
  `department_staff_id` int(10) UNSIGNED NOT NULL,
  `action` tinyint(4) NOT NULL DEFAULT '1',
  `created_at` datetime NOT NULL,
  `staff_id` int(10) UNSIGNED DEFAULT NULL,
  `department_id` int(10) UNSIGNED NOT NULL,
  `rank_id` int(10) UNSIGNED DEFAULT NULL,
  `permission` varchar(1) COLLATE utf8mb4_unicode_ci NOT NULL DEFAULT 'f'
) ENGINE=InnoDB DEFAULT CHARSET=utf8mb4 COLLATE=utf8mb4_unicode_ci;

--
-- Dumping data for table `qc_department_staffs`
--

INSERT INTO `qc_department_staffs` (`department_staff_id`, `action`, `created_at`, `staff_id`, `department_id`, `rank_id`, `permission`) VALUES
(1, 0, '2018-03-19 19:56:13', 1, 1, 1, 'f'),
(5, 0, '2018-03-20 16:10:39', 5, 3, 1, 'f'),
(6, 0, '2018-03-21 04:57:29', 5, 2, 1, 'f'),
(7, 1, '2018-03-21 05:02:42', 6, 2, 2, 'f'),
(8, 1, '2018-03-21 05:23:11', 7, 1, 1, 'f'),
(9, 1, '2018-05-24 04:59:18', 8, 1, 1, 'f'),
(10, 1, '2018-05-25 07:16:52', 9, 1, 2, 'f'),
(11, 0, '2018-05-31 06:58:02', 10, 2, 1, 'f'),
(12, 0, '2018-05-31 07:04:56', 12, 2, 2, 'f'),
(14, 1, '2018-11-14 08:16:22', 14, 1, 1, 'f'),
(15, 1, '2018-11-14 08:16:22', 14, 4, 1, 'f'),
(16, 1, '2018-11-14 08:16:22', 14, 3, 1, 'f'),
(17, 0, '2018-11-15 15:29:51', 12, 1, 1, 'f'),
(18, 0, '2018-11-15 15:35:43', 12, 1, 1, 'f'),
(19, 1, '2018-12-04 19:17:46', 5, 2, 1, 'f'),
(20, 1, '2018-12-04 19:17:46', 5, 3, 2, 'f'),
(21, 0, '2019-05-28 08:30:04', 10, 2, 1, 'f'),
(22, 1, '2019-05-28 09:06:44', 10, 2, 1, 'f'),
(23, 1, '2019-06-18 12:46:04', 15, 5, 2, 'f'),
(24, 0, '2019-06-24 10:19:33', 1, 1, 1, 'f'),
(25, 0, '2019-06-24 10:19:33', 1, 5, 1, 'f'),
(26, 0, '2019-07-15 22:08:49', 1, 1, 1, 'f'),
(27, 0, '2019-07-15 22:08:49', 1, 5, 1, 'f'),
(28, 0, '2019-07-15 22:12:09', 16, 1, 1, 'f'),
(29, 0, '2019-07-15 22:12:09', 16, 5, 1, 'f'),
(30, 1, '2019-07-15 22:13:10', 16, 1, 1, 'f'),
(31, 1, '2019-07-15 22:13:10', 16, 5, 1, 'f'),
(32, 1, '2019-07-18 09:48:20', 1, 1, 1, 'f'),
(33, 1, '2019-07-18 09:48:20', 1, 5, 1, 'f'),
(34, 1, '2019-07-18 09:48:20', 1, 7, 1, 'f'),
(35, 1, '2019-07-19 09:14:06', 12, 1, 1, 'f'),
(36, 1, '2019-07-19 09:14:06', 12, 7, 1, 'f'),
(37, 1, '2019-07-19 09:14:06', 12, 5, 1, 'f');

-- --------------------------------------------------------

--
-- Table structure for table `qc_import`
--

CREATE TABLE `qc_import` (
  `import_id` int(10) UNSIGNED NOT NULL,
  `importDate` datetime NOT NULL,
  `confirmDate` datetime DEFAULT NULL,
  `confirmStatus` tinyint(4) NOT NULL DEFAULT '0',
  `confirmNote` text COLLATE utf8mb4_unicode_ci,
  `payStatus` tinyint(4) NOT NULL DEFAULT '0',
  `exactlyStatus` tinyint(4) NOT NULL DEFAULT '1',
  `created_at` datetime NOT NULL,
  `company_id` int(10) UNSIGNED NOT NULL,
  `confirmStaff_id` int(10) UNSIGNED DEFAULT NULL,
  `importStaff_id` int(10) UNSIGNED NOT NULL
) ENGINE=InnoDB DEFAULT CHARSET=utf8mb4 COLLATE=utf8mb4_unicode_ci;

--
-- Dumping data for table `qc_import`
--

INSERT INTO `qc_import` (`import_id`, `importDate`, `confirmDate`, `confirmStatus`, `confirmNote`, `payStatus`, `exactlyStatus`, `created_at`, `company_id`, `confirmStaff_id`, `importStaff_id`) VALUES
(3, '2019-04-05 00:00:00', '2019-04-11 17:44:37', 1, NULL, 1, 1, '2019-04-05 05:20:15', 2, 1, 1),
(4, '2019-04-05 00:00:00', '2019-04-11 17:28:16', 1, NULL, 1, 1, '2019-04-05 07:23:06', 2, 1, 1),
(6, '2019-04-06 00:00:00', '2019-04-11 18:19:40', 1, NULL, 1, 1, '2019-04-06 09:31:35', 2, 1, 1),
(7, '2019-04-08 00:00:00', '2019-04-11 18:20:55', 1, NULL, 1, 1, '2019-04-08 09:46:45', 2, 1, 1),
(8, '2019-04-09 00:00:00', '2019-04-11 18:24:49', 1, NULL, 1, 1, '2019-04-09 03:15:03', 2, 1, 1),
(9, '2019-04-11 00:00:00', '2019-04-11 17:59:58', 1, NULL, 1, 1, '2019-04-11 17:54:43', 2, 1, 1),
(10, '2019-04-11 00:00:00', '2019-04-11 18:01:23', 1, NULL, 1, 1, '2019-04-11 18:00:50', 2, 1, 1),
(11, '2019-04-11 00:00:00', '2019-04-11 18:05:53', 1, NULL, 1, 1, '2019-04-11 18:05:21', 2, 1, 1),
(12, '2019-04-11 00:00:00', '2019-04-11 18:26:59', 1, NULL, 1, 1, '2019-04-11 18:25:24', 2, 1, 1),
(13, '2019-04-11 00:00:00', '2019-04-11 18:30:43', 1, NULL, 1, 1, '2019-04-11 18:30:30', 2, 1, 1),
(14, '2019-04-11 00:00:00', '2019-04-11 18:32:28', 1, NULL, 1, 1, '2019-04-11 18:32:14', 2, 1, 1),
(15, '2019-04-12 00:00:00', '2019-04-12 10:22:10', 1, NULL, 1, 1, '2019-04-12 09:50:33', 2, 1, 1),
(16, '2019-04-12 00:00:00', NULL, 0, NULL, 0, 1, '2019-04-12 10:21:13', 2, NULL, 1),
(17, '2019-04-15 00:00:00', '2019-04-15 05:52:33', 1, NULL, 1, 1, '2019-04-15 05:51:53', 2, 1, 1),
(18, '2019-04-15 00:00:00', '2019-04-15 07:10:31', 1, NULL, 1, 1, '2019-04-15 07:08:30', 2, 1, 1),
(19, '2019-05-10 00:00:00', NULL, 0, NULL, 0, 1, '2019-05-10 04:18:00', 2, NULL, 1),
(20, '2019-05-10 00:00:00', '2019-05-10 04:19:56', 1, NULL, 1, 1, '2019-05-10 04:18:41', 2, 1, 1),
(21, '2019-06-17 00:00:00', '2019-06-17 07:49:24', 1, NULL, 1, 1, '2019-06-17 07:48:48', 2, 1, 1),
(22, '2019-06-17 00:00:00', '2019-06-17 08:56:07', 1, NULL, 1, 1, '2019-06-17 08:51:24', 2, 1, 1),
(23, '2019-07-18 00:00:00', '2019-07-18 20:50:23', 1, NULL, 1, 1, '2019-07-18 19:52:13', 1, 1, 1),
(24, '2019-07-18 00:00:00', NULL, 0, NULL, 0, 1, '2019-07-18 20:13:59', 1, NULL, 1),
(25, '2019-07-26 00:00:00', NULL, 0, NULL, 0, 1, '2019-07-26 14:01:58', 2, NULL, 15),
(26, '2019-08-04 00:00:00', '2019-08-09 16:21:56', 1, NULL, 1, 1, '2019-08-04 17:28:11', 1, 1, 1),
(28, '2019-08-09 00:00:00', '2019-08-09 22:34:32', 1, NULL, 1, 1, '2019-08-09 22:33:43', 1, 1, 1),
(29, '2019-08-09 00:00:00', '2019-08-09 22:40:18', 1, NULL, 1, 1, '2019-08-09 22:39:48', 1, 1, 1),
(30, '2019-08-09 00:00:00', '2019-08-09 23:49:40', 1, NULL, 1, 1, '2019-08-09 23:49:29', 1, 1, 1),
(31, '2019-08-09 00:00:00', '2019-08-10 01:03:34', 1, NULL, 1, 1, '2019-08-10 00:56:08', 2, 1, 15),
(32, '2019-08-09 00:00:00', '2019-08-10 01:04:30', 1, NULL, 1, 1, '2019-08-10 00:57:19', 2, 1, 15),
(33, '2019-08-09 00:00:00', '2019-08-10 01:09:01', 1, NULL, 1, 1, '2019-08-10 00:58:17', 2, 1, 15),
(34, '2019-08-16 00:00:00', NULL, 0, NULL, 0, 1, '2019-08-16 09:43:12', 1, NULL, 1),
(35, '2019-08-16 00:00:00', NULL, 0, NULL, 0, 1, '2019-08-16 10:57:13', 1, NULL, 1),
(36, '2019-08-16 00:00:00', NULL, 0, NULL, 0, 1, '2019-08-16 23:52:27', 1, NULL, 1),
(37, '2019-08-16 00:00:00', NULL, 0, NULL, 0, 1, '2019-08-16 23:57:42', 1, NULL, 1),
(38, '2019-08-16 00:00:00', NULL, 0, NULL, 0, 1, '2019-08-16 23:59:22', 1, NULL, 1),
(39, '2019-08-21 00:00:00', '2019-08-21 17:26:13', 1, NULL, 1, 1, '2019-08-21 17:25:14', 1, 1, 1),
(40, '2019-08-21 00:00:00', '2019-08-21 17:30:43', 1, NULL, 1, 1, '2019-08-21 17:28:18', 1, 1, 1),
(41, '2019-09-13 00:00:00', '2019-09-18 23:15:55', 1, NULL, 1, 1, '2019-09-13 14:40:43', 2, 16, 16),
(42, '2019-09-16 00:00:00', '2019-09-16 22:07:53', 1, NULL, 1, 1, '2019-09-16 22:07:06', 2, 1, 16),
(43, '2019-09-18 00:00:00', NULL, 0, NULL, 0, 1, '2019-09-18 10:08:31', 1, NULL, 1),
(44, '2019-11-19 00:00:00', NULL, 0, NULL, 0, 1, '2019-11-19 18:53:53', 1, NULL, 1),
(45, '2019-11-20 00:00:00', '2019-11-20 02:00:29', 1, NULL, 1, 1, '2019-11-20 01:46:22', 1, 1, 1),
(46, '2019-08-02 00:00:00', '2019-12-02 16:21:07', 1, NULL, 1, 1, '2019-12-02 16:19:08', 1, 1, 1),
(47, '2019-12-02 00:00:00', '2019-12-16 20:35:18', 1, NULL, 1, 1, '2019-12-03 00:12:55', 1, 1, 1),
(48, '2019-09-09 00:00:00', '2019-12-03 02:37:42', 1, NULL, 1, 1, '2019-12-03 02:37:14', 1, 1, 1),
(49, '2019-12-14 00:00:00', '2019-12-14 23:46:04', 1, NULL, 0, 1, '2019-12-14 23:35:15', 2, 10, 10),
(50, '2019-12-14 00:00:00', '2019-12-14 23:51:30', 1, NULL, 1, 1, '2019-12-14 23:51:03', 2, 10, 10),
(51, '2019-12-16 00:00:00', '2019-12-16 20:35:44', 1, NULL, 1, 1, '2019-12-16 20:34:39', 1, 1, 1),
(52, '2019-12-17 00:00:00', NULL, 0, NULL, 0, 1, '2019-12-17 19:19:10', 2, NULL, 10),
(53, '2019-12-17 00:00:00', '2019-12-17 20:51:24', 1, 'Nhập vật tư không đúng', 0, 0, '2019-12-17 19:21:15', 1, 1, 1),
(54, '2019-12-17 00:00:00', '2019-12-17 22:28:23', 1, 'nhập không đúng vị trí', 0, 0, '2019-12-17 22:15:11', 1, 1, 1),
(55, '2019-12-17 00:00:00', NULL, 0, NULL, 0, 1, '2019-12-17 22:34:19', 1, NULL, 1),
(56, '2019-12-18 00:00:00', '2019-12-18 22:47:59', 1, NULL, 1, 1, '2019-12-18 22:47:21', 1, 1, 1);

-- --------------------------------------------------------

--
-- Table structure for table `qc_import_detail`
--

CREATE TABLE `qc_import_detail` (
  `detail_id` int(10) UNSIGNED NOT NULL,
  `price` int(11) NOT NULL,
  `amount` int(11) NOT NULL,
  `totalMoney` int(11) NOT NULL,
  `created_at` datetime NOT NULL,
  `import_id` int(10) UNSIGNED NOT NULL,
  `tool_id` int(10) UNSIGNED DEFAULT NULL,
  `supplies_id` int(10) UNSIGNED DEFAULT NULL,
  `product_id` int(10) UNSIGNED DEFAULT NULL,
  `newName` varchar(50) COLLATE utf8mb4_unicode_ci DEFAULT NULL
) ENGINE=InnoDB DEFAULT CHARSET=utf8mb4 COLLATE=utf8mb4_unicode_ci;

--
-- Dumping data for table `qc_import_detail`
--

INSERT INTO `qc_import_detail` (`detail_id`, `price`, `amount`, `totalMoney`, `created_at`, `import_id`, `tool_id`, `supplies_id`, `product_id`, `newName`) VALUES
(1, 100000, 1, 100000, '2019-04-05 05:20:15', 3, NULL, 15, NULL, NULL),
(2, 15000, 2, 30000, '2019-04-05 05:20:15', 3, NULL, 2, NULL, NULL),
(3, 1, 1, 100000, '2019-04-05 05:20:15', 3, 3, NULL, NULL, NULL),
(4, 50000, 1, 50000, '2019-04-05 05:20:16', 3, NULL, NULL, NULL, 'dung cu moi 1'),
(5, 1, 1, 20000, '2019-04-05 05:20:16', 3, NULL, NULL, NULL, 'vat tu moi 1'),
(6, 30000, 1, 30000, '2019-04-05 07:23:07', 4, NULL, 13, NULL, NULL),
(8, 150000, 1, 150000, '2019-04-06 09:31:36', 6, NULL, 16, NULL, NULL),
(9, 25000, 2, 50000, '2019-04-08 09:46:46', 7, NULL, 17, NULL, NULL),
(10, 20000, 10, 200000, '2019-04-08 09:46:46', 7, NULL, 22, NULL, 'viền nhôm'),
(11, 500000, 3, 1500000, '2019-04-09 03:15:04', 8, 6, NULL, NULL, NULL),
(12, 600000, 3, 1800000, '2019-04-09 03:15:04', 8, 1, NULL, NULL, NULL),
(13, 20000, 5, 100000, '2019-04-09 03:15:04', 8, 3, NULL, NULL, NULL),
(14, 500000, 2, 1000000, '2019-04-11 17:54:43', 9, 9, NULL, NULL, 'dụng cụ 2'),
(15, 500000, 1, 500000, '2019-04-11 18:00:50', 10, 11, NULL, NULL, 'dụng cụ 3'),
(16, 2000000, 5, 10000000, '2019-04-11 18:05:22', 11, 12, NULL, NULL, 'dụng cụ 4'),
(17, 30000, 1, 30000, '2019-04-11 18:05:22', 11, 13, NULL, NULL, 'dụng cụ 5'),
(18, 500000, 1, 500000, '2019-04-11 18:25:24', 12, 1, NULL, NULL, NULL),
(19, 250000, 2, 500000, '2019-04-11 18:30:30', 13, 1, NULL, NULL, NULL),
(20, 16666667, 30, 500000000, '2019-04-11 18:32:14', 14, 1, NULL, NULL, NULL),
(21, 30000, 1, 30000, '2019-04-12 09:50:34', 15, NULL, 12, NULL, NULL),
(22, 10000, 5, 50000, '2019-04-12 10:21:13', 16, NULL, 2, NULL, NULL),
(23, 15000, 2, 30000, '2019-04-12 10:21:14', 16, NULL, 3, NULL, NULL),
(24, 75000, 10, 750000, '2019-04-12 10:21:14', 16, NULL, 21, NULL, NULL),
(25, 1000, 1, 1000, '2019-04-12 10:21:14', 16, 1, NULL, NULL, NULL),
(26, 20000, 2, 40000, '2019-04-15 05:51:54', 17, 3, NULL, NULL, NULL),
(27, 800000, 1, 800000, '2019-04-15 05:51:54', 17, 1, NULL, NULL, NULL),
(28, 900000, 1, 900000, '2019-04-15 05:51:54', 17, 7, NULL, NULL, NULL),
(29, 10000, 1, 10000, '2019-04-15 07:08:30', 18, NULL, 12, NULL, NULL),
(30, 75000, 10, 750000, '2019-04-15 07:08:30', 18, NULL, 21, NULL, NULL),
(31, 50000, 1, 50000, '2019-04-15 07:08:31', 18, 14, NULL, NULL, 'thuoc thuy'),
(32, 1000000, 1, 1000000, '2019-05-10 04:18:00', 19, NULL, 15, NULL, NULL),
(33, 500000, 1, 500000, '2019-05-10 04:18:00', 19, 11, NULL, NULL, NULL),
(34, 6000000, 1, 6000000, '2019-05-10 04:18:00', 19, NULL, NULL, NULL, 'dụng cụ 20'),
(35, 100000, 1, 100000, '2019-05-10 04:18:41', 20, NULL, 22, NULL, NULL),
(36, 10000, 1, 10000, '2019-06-17 07:48:48', 21, NULL, 3, NULL, NULL),
(37, 50000, 2, 100000, '2019-06-17 07:48:49', 21, 11, NULL, NULL, NULL),
(38, 50000, 1, 50000, '2019-06-17 07:48:49', 21, 11, NULL, NULL, 'dụng cụ 3'),
(39, 370000, 1, 370000, '2019-06-17 08:51:25', 22, NULL, 15, NULL, 'Alu'),
(40, 60000, 1, 60000, '2019-06-17 08:51:25', 22, 9, NULL, NULL, 'dụng cụ 2'),
(41, 1000, 10, 10000, '2019-07-18 19:52:14', 23, NULL, 18, NULL, NULL),
(42, 2500, 20, 50000, '2019-07-18 20:13:59', 24, NULL, 11, NULL, NULL),
(43, 900000, 1, 900000, '2019-07-18 20:13:59', 24, 1, NULL, NULL, NULL),
(44, 75000, 10, 750000, '2019-07-26 14:01:58', 25, NULL, 21, NULL, NULL),
(45, 5000, 20, 100000, '2019-08-04 17:28:11', 26, NULL, 12, NULL, NULL),
(46, 20000, 1, 20000, '2019-08-04 17:28:11', 26, NULL, 3, NULL, NULL),
(47, 800000, 1, 800000, '2019-08-04 17:28:11', 26, 1, NULL, NULL, NULL),
(49, 450000, 2, 900000, '2019-08-09 22:33:44', 28, 6, NULL, NULL, NULL),
(50, 5000000, 1, 5000000, '2019-08-09 22:33:44', 28, 8, NULL, NULL, NULL),
(51, 600000, 1, 600000, '2019-08-09 22:39:48', 29, 8, NULL, NULL, NULL),
(52, 875000, 8, 7000000, '2019-08-09 23:49:30', 30, 6, NULL, NULL, NULL),
(53, 4000000, 1, 4000000, '2019-08-10 00:56:09', 31, 8, NULL, NULL, NULL),
(54, 750000, 2, 1500000, '2019-08-10 00:57:20', 32, 8, NULL, NULL, NULL),
(55, 1000000, 5, 5000000, '2019-08-10 00:58:17', 33, 8, NULL, NULL, NULL),
(56, 250000, 2, 500000, '2019-08-16 09:43:15', 34, NULL, 10, NULL, NULL),
(57, 2667, 30, 80000, '2019-08-16 10:57:13', 35, NULL, 5, NULL, NULL),
(58, 7500, 10, 75000, '2019-08-16 10:57:13', 35, NULL, 20, NULL, NULL),
(59, 40000, 5, 200000, '2019-08-16 23:52:27', 36, NULL, 19, 55, NULL),
(60, 30000, 10, 300000, '2019-08-16 23:52:27', 36, NULL, 2, NULL, NULL),
(61, 30000, 3, 90000, '2019-08-16 23:52:27', 36, NULL, 17, 55, NULL),
(62, 50000, 1, 50000, '2019-08-16 23:52:27', 36, NULL, NULL, 55, 'test 16/8'),
(63, 200000, 2, 400000, '2019-08-16 23:57:42', 37, NULL, 15, 55, NULL),
(64, 10000, 3, 30000, '2019-08-16 23:57:42', 37, NULL, 1, 18, NULL),
(65, 10000, 1, 10000, '2019-08-16 23:59:22', 38, NULL, 11, 18, NULL),
(66, 10000, 10, 100000, '2019-08-16 23:59:22', 38, NULL, 4, NULL, NULL),
(67, 100000, 5, 500000, '2019-08-16 23:59:22', 38, NULL, 6, 55, NULL),
(68, 500000, 3, 1500000, '2019-08-21 17:25:15', 39, 11, NULL, NULL, NULL),
(69, 700000, 3, 2100000, '2019-08-21 17:28:19', 40, 5, NULL, NULL, NULL),
(70, 350000, 1, 350000, '2019-09-13 14:40:43', 41, NULL, 15, NULL, NULL),
(71, 720000, 1, 720000, '2019-09-13 14:40:44', 41, 5, NULL, NULL, NULL),
(72, 10000, 10, 100000, '2019-09-16 22:07:07', 42, NULL, 2, NULL, NULL),
(73, 360000, 2, 720000, '2019-09-18 10:08:31', 43, NULL, 15, 55, NULL),
(74, 10000, 10, 100000, '2019-11-19 18:53:53', 44, NULL, 12, 24, NULL),
(75, 50000, 1, 50000, '2019-11-20 01:46:22', 45, NULL, 13, 55, NULL),
(76, 100000, 1, 100000, '2019-12-02 16:19:08', 46, NULL, 15, 18, NULL),
(77, 1000000, 10, 10000000, '2019-12-03 00:12:56', 47, NULL, 15, 74, NULL),
(78, 750000, 2, 1500000, '2019-12-03 00:12:56', 47, 1, NULL, NULL, NULL),
(79, 100000, 100, 10000000, '2019-12-03 02:37:14', 48, NULL, 15, 24, NULL),
(80, 75000, 10, 750000, '2019-12-03 02:37:14', 48, NULL, 21, 74, NULL),
(81, 350000, 1, 350000, '2019-12-14 23:35:16', 49, NULL, 15, NULL, NULL),
(82, 20000, 10, 200000, '2019-12-14 23:51:04', 50, NULL, 2, NULL, NULL),
(83, 166667, 3, 500000, '2019-12-16 20:34:39', 51, NULL, 13, NULL, NULL),
(84, 50000, 10, 500000, '2019-12-17 19:19:10', 52, NULL, 6, NULL, NULL),
(85, 900000, 1, 900000, '2019-12-17 19:21:15', 53, 8, NULL, NULL, NULL),
(86, 500000, 1, 500000, '2019-12-17 22:15:11', 54, NULL, NULL, NULL, 'sâsa'),
(87, 30000, 10, 300000, '2019-12-17 22:34:19', 55, NULL, 11, NULL, NULL),
(88, 60000, 1, 60000, '2019-12-18 22:47:21', 56, NULL, 24, NULL, NULL);

-- --------------------------------------------------------

--
-- Table structure for table `qc_import_image`
--

CREATE TABLE `qc_import_image` (
  `image_id` int(10) UNSIGNED NOT NULL,
  `name` varchar(255) COLLATE utf8mb4_unicode_ci NOT NULL,
  `created_at` datetime NOT NULL,
  `import_id` int(10) UNSIGNED NOT NULL
) ENGINE=InnoDB DEFAULT CHARSET=utf8mb4 COLLATE=utf8mb4_unicode_ci;

--
-- Dumping data for table `qc_import_image`
--

INSERT INTO `qc_import_image` (`image_id`, `name`, `created_at`, `import_id`) VALUES
(1, '190405052015_1.jpg', '2019-04-05 05:20:15', 3),
(2, '190405052015_2.jpg', '2019-04-05 05:20:15', 3),
(3, '190405072306_1.jpg', '2019-04-05 07:23:06', 4),
(5, '190406093135_1.jpg', '2019-04-06 09:31:36', 6),
(6, '190408094645_1.jpg', '2019-04-08 09:46:46', 7),
(7, '190409031504_1.jpg', '2019-04-09 03:15:04', 8),
(8, '190411175443_1.jpg', '2019-04-11 17:54:43', 9),
(9, '190411180050_1.jpg', '2019-04-11 18:00:50', 10),
(10, '190411180521_1.jpg', '2019-04-11 18:05:21', 11),
(11, '190411182524_1.jpg', '2019-04-11 18:25:24', 12),
(12, '190412095034_1.jpg', '2019-04-12 09:50:34', 15),
(13, '190412102113_1.jpg', '2019-04-12 10:21:13', 16),
(14, '190415055154_1.jpg', '2019-04-15 05:51:54', 17),
(15, '190415070830_1.jpg', '2019-04-15 07:08:30', 18),
(16, '190415070830_2.jpg', '2019-04-15 07:08:30', 18),
(17, '190510041800_1.jpg', '2019-05-10 04:18:00', 19),
(18, '190510041841_1.jpg', '2019-05-10 04:18:41', 20),
(19, '190617074848_1.png', '2019-06-17 07:48:48', 21),
(20, '190617085124_1.JPG', '2019-06-17 08:51:25', 22),
(21, '190718195214_1.JPG', '2019-07-18 19:52:14', 23),
(22, '190718201359_1.JPG', '2019-07-18 20:13:59', 24),
(23, '190726140158_1.JPG', '2019-07-26 14:01:58', 25),
(24, '190804172811_1.png', '2019-08-04 17:28:11', 26),
(26, '190809223344_1.jpg', '2019-08-09 22:33:44', 28),
(27, '190809223948_1.JPG', '2019-08-09 22:39:48', 29),
(28, '190809234930_1.JPG', '2019-08-09 23:49:30', 30),
(29, '190810005608_1.jpg', '2019-08-10 00:56:09', 31),
(30, '190810005817_1.JPG', '2019-08-10 00:58:17', 33),
(31, '190816094315_1.JPG', '2019-08-16 09:43:15', 34),
(32, '190816105713_1.jpg', '2019-08-16 10:57:13', 35),
(33, '190816105713_2.JPG', '2019-08-16 10:57:13', 35),
(34, '190816235227_1.JPG', '2019-08-16 23:52:27', 36),
(35, '190816235742_1.jpg', '2019-08-16 23:57:42', 37),
(36, '190816235922_1.jpg', '2019-08-16 23:59:22', 38),
(37, '190821172515_1.png', '2019-08-21 17:25:15', 39),
(38, '190821172818_1.jpg', '2019-08-21 17:28:19', 40),
(39, '190913144043_1.jpg', '2019-09-13 14:40:43', 41),
(40, '190918100831_1.jpg', '2019-09-18 10:08:31', 43),
(41, '191119185353_1.jpg', '2019-11-19 18:53:53', 44),
(42, '191120014622_1.JPG', '2019-11-20 01:46:22', 45),
(43, '191202161908_1.jpg', '2019-12-02 16:19:08', 46),
(44, '191203001255_1.png', '2019-12-03 00:12:56', 47),
(45, '191203023714_1.jpg', '2019-12-03 02:37:14', 48),
(46, '191214233515_1.jpg', '2019-12-14 23:35:16', 49),
(47, '191214235104_1.png', '2019-12-14 23:51:04', 50),
(48, '191216203439_1.JPG', '2019-12-16 20:34:39', 51),
(49, '191217191910_1.jpg', '2019-12-17 19:19:10', 52),
(50, '191217192115_1.JPG', '2019-12-17 19:21:15', 53),
(51, '191217223419_1.png', '2019-12-17 22:34:19', 55),
(52, '191218224721_1.jpg', '2019-12-18 22:47:21', 56);

-- --------------------------------------------------------

--
-- Table structure for table `qc_import_pay`
--

CREATE TABLE `qc_import_pay` (
  `pay_id` int(10) UNSIGNED NOT NULL,
  `money` int(11) NOT NULL,
  `confirmStatus` tinyint(4) NOT NULL DEFAULT '0',
  `confirmDate` datetime DEFAULT NULL,
  `created_at` datetime NOT NULL,
  `import_id` int(10) UNSIGNED NOT NULL,
  `staff_id` int(10) UNSIGNED NOT NULL
) ENGINE=InnoDB DEFAULT CHARSET=utf8mb4 COLLATE=utf8mb4_unicode_ci;

--
-- Dumping data for table `qc_import_pay`
--

INSERT INTO `qc_import_pay` (`pay_id`, `money`, `confirmStatus`, `confirmDate`, `created_at`, `import_id`, `staff_id`) VALUES
(1, 30000, 1, '2019-04-12 09:47:17', '2019-04-11 17:23:38', 4, 1),
(5, 300000, 1, '2019-04-12 09:47:14', '2019-04-11 17:44:37', 3, 1),
(6, 1000000, 1, '2019-04-12 09:49:11', '2019-04-11 17:56:42', 9, 1),
(7, 1000000, 1, '2019-04-12 09:49:11', '2019-04-11 17:59:58', 9, 1),
(8, 500000, 1, '2019-04-12 09:49:14', '2019-04-11 18:01:23', 10, 1),
(9, 10030000, 1, '2019-04-12 09:49:30', '2019-04-11 18:05:53', 11, 1),
(10, 150000, 1, '2019-04-12 09:47:20', '2019-04-11 18:19:40', 6, 1),
(11, 250000, 1, '2019-04-12 09:49:06', '2019-04-11 18:20:55', 7, 1),
(12, 3400000, 1, '2019-04-12 09:49:09', '2019-04-11 18:22:01', 8, 1),
(13, 3400000, 1, '2019-04-12 09:49:09', '2019-04-11 18:24:49', 8, 1),
(14, 500000, 1, '2019-04-12 09:49:33', '2019-04-11 18:26:59', 12, 1),
(15, 500000, 1, '2019-04-12 09:47:11', '2019-04-11 18:30:43', 13, 1),
(16, 500000000, 1, '2019-04-12 09:47:04', '2019-04-11 18:32:28', 14, 1),
(17, 30000, 0, NULL, '2019-04-12 10:22:10', 15, 1),
(18, 1740000, 0, NULL, '2019-04-15 05:52:33', 17, 1),
(19, 810000, 1, '2019-04-15 07:10:54', '2019-04-15 07:10:31', 18, 1),
(20, 100000, 0, NULL, '2019-05-10 04:19:56', 20, 1),
(21, 160000, 1, '2019-07-18 21:38:55', '2019-06-17 07:49:24', 21, 1),
(22, 430000, 0, NULL, '2019-06-17 08:56:07', 22, 1),
(23, 10000, 0, NULL, '2019-07-18 20:50:23', 23, 1),
(24, 920000, 1, '2019-08-09 18:39:56', '2019-08-09 18:39:12', 26, 1),
(25, 5900000, 0, NULL, '2019-08-09 22:34:32', 28, 1),
(26, 600000, 1, '2019-08-17 10:22:52', '2019-08-09 22:40:18', 29, 1),
(27, 4000000, 0, NULL, '2019-08-10 01:00:59', 31, 1),
(28, 4000000, 0, NULL, '2019-08-10 01:03:34', 31, 1),
(29, 1500000, 1, '2019-08-12 17:48:08', '2019-08-10 01:04:30', 32, 1),
(30, 5000000, 0, NULL, '2019-08-10 01:09:01', 33, 1),
(31, 2100000, 0, NULL, '2019-08-21 17:30:43', 40, 1),
(32, 100000, 1, '2019-09-16 22:08:05', '2019-09-16 22:07:53', 42, 16),
(33, 1070000, 0, NULL, '2019-09-18 23:16:38', 41, 16),
(34, 50000, 1, '2019-11-20 02:00:58', '2019-11-20 02:00:30', 45, 1),
(35, 1500000, 0, NULL, '2019-12-03 02:06:44', 39, 1),
(36, 7000000, 0, NULL, '2019-12-03 02:06:44', 30, 1),
(37, 100000, 0, NULL, '2019-12-03 02:06:44', 46, 1),
(38, 10750000, 0, NULL, '2019-12-03 02:39:42', 48, 1),
(39, 200000, 0, NULL, '2019-12-14 23:51:30', 50, 10),
(40, 500000, 0, NULL, '2019-12-16 20:35:44', 51, 1),
(41, 60000, 0, NULL, '2019-12-28 19:10:31', 56, 1),
(42, 11500000, 0, NULL, '2019-12-28 19:10:31', 47, 1);

-- --------------------------------------------------------

--
-- Table structure for table `qc_keep_money`
--

CREATE TABLE `qc_keep_money` (
  `keep_id` int(10) UNSIGNED NOT NULL,
  `keepDate` datetime NOT NULL,
  `money` int(11) NOT NULL,
  `description` text COLLATE utf8mb4_unicode_ci,
  `created_at` datetime NOT NULL,
  `work_id` int(10) UNSIGNED NOT NULL,
  `confirmStaff_id` int(10) UNSIGNED NOT NULL,
  `cancelStatus` tinyint(4) NOT NULL DEFAULT '0'
) ENGINE=InnoDB DEFAULT CHARSET=utf8mb4 COLLATE=utf8mb4_unicode_ci;

--
-- Dumping data for table `qc_keep_money`
--

INSERT INTO `qc_keep_money` (`keep_id`, `keepDate`, `money`, `description`, `created_at`, `work_id`, `confirmStaff_id`, `cancelStatus`) VALUES
(1, '2019-12-03 01:17:23', 400000, 'test giữ', '2019-12-03 01:17:23', 108, 1, 0),
(3, '2019-12-03 01:29:46', 1000000, 'mnb', '2019-12-03 01:29:46', 103, 1, 0),
(5, '2019-12-03 01:42:49', 200000, 'ádas', '2019-12-03 01:42:49', 118, 1, 0),
(7, '2019-12-03 01:51:17', 1500000, 'kkkkkkkkkkkk', '2019-12-03 01:51:17', 102, 1, 0),
(8, '2019-12-03 02:06:44', 2000000, 'sdfs', '2019-12-03 02:06:44', 106, 1, 0);

-- --------------------------------------------------------

--
-- Table structure for table `qc_kpi`
--

CREATE TABLE `qc_kpi` (
  `kpi_id` int(10) UNSIGNED NOT NULL,
  `kpiLimit` int(11) NOT NULL DEFAULT '5000000',
  `plusPercent` tinyint(4) NOT NULL DEFAULT '1',
  `minusPercent` tinyint(4) NOT NULL DEFAULT '0',
  `description` text COLLATE utf8mb4_unicode_ci,
  `action` tinyint(4) NOT NULL DEFAULT '1',
  `created_at` datetime NOT NULL,
  `department_id` int(10) UNSIGNED NOT NULL
) ENGINE=InnoDB DEFAULT CHARSET=utf8mb4 COLLATE=utf8mb4_unicode_ci;

--
-- Dumping data for table `qc_kpi`
--

INSERT INTO `qc_kpi` (`kpi_id`, `kpiLimit`, `plusPercent`, `minusPercent`, `description`, `action`, `created_at`, `department_id`) VALUES
(1, 50000000, 3, 1, 'Tổng thu tiền thực tế về trên 50tr sẽ hưởng đúng %', 1, '2019-12-03 15:47:56', 5),
(2, 100000000, 5, 0, 'Tổng thu tiền thực tế về trên 100tr sẽ hưởng đúng %', 1, '2019-12-03 16:30:05', 5);

-- --------------------------------------------------------

--
-- Table structure for table `qc_license_late_works`
--

CREATE TABLE `qc_license_late_works` (
  `license_id` int(10) UNSIGNED NOT NULL,
  `dateLate` datetime NOT NULL,
  `note` text COLLATE utf8mb4_unicode_ci,
  `agreeStatus` tinyint(4) NOT NULL DEFAULT '0',
  `confirmStatus` tinyint(4) NOT NULL DEFAULT '0',
  `confirmNote` text COLLATE utf8mb4_unicode_ci,
  `confirmDate` datetime DEFAULT NULL,
  `created_at` datetime NOT NULL,
  `staff_id` int(10) UNSIGNED DEFAULT NULL,
  `work_id` int(10) UNSIGNED DEFAULT NULL,
  `staffConfirm_id` int(10) UNSIGNED DEFAULT NULL
) ENGINE=InnoDB DEFAULT CHARSET=utf8mb4 COLLATE=utf8mb4_unicode_ci;

--
-- Dumping data for table `qc_license_late_works`
--

INSERT INTO `qc_license_late_works` (`license_id`, `dateLate`, `note`, `agreeStatus`, `confirmStatus`, `confirmNote`, `confirmDate`, `created_at`, `staff_id`, `work_id`, `staffConfirm_id`) VALUES
(1, '2018-07-12 00:00:00', NULL, 0, 1, NULL, '2018-11-28 18:42:44', '2018-11-21 18:02:16', 1, 24, 1),
(4, '2018-07-19 00:00:00', NULL, 0, 1, NULL, '2019-08-02 15:34:29', '2018-11-28 18:39:53', 1, 24, 1),
(5, '2018-07-18 00:00:00', NULL, 1, 1, NULL, '2018-11-28 18:43:51', '2018-11-28 18:40:04', 1, 24, 1),
(6, '2019-05-15 00:00:00', NULL, 0, 1, 'hết hạn duyệt', '2019-09-07 00:35:33', '2019-05-10 03:14:28', 1, 76, 1),
(7, '2019-08-20 00:00:00', NULL, 0, 1, NULL, '2019-09-19 21:28:57', '2019-08-12 10:46:06', 1, 116, 1),
(8, '2019-09-20 00:00:00', NULL, 0, 0, NULL, NULL, '2019-09-12 23:10:37', 1, NULL, NULL),
(9, '2019-09-21 00:00:00', NULL, 0, 0, NULL, NULL, '2019-09-19 21:25:32', 1, NULL, NULL);

-- --------------------------------------------------------

--
-- Table structure for table `qc_license_off_works`
--

CREATE TABLE `qc_license_off_works` (
  `license_id` int(10) UNSIGNED NOT NULL,
  `dateOff` datetime NOT NULL,
  `note` text COLLATE utf8mb4_unicode_ci,
  `agreeStatus` tinyint(4) NOT NULL DEFAULT '0',
  `confirmStatus` tinyint(4) NOT NULL DEFAULT '0',
  `confirmNote` text COLLATE utf8mb4_unicode_ci,
  `confirmDate` datetime DEFAULT NULL,
  `created_at` datetime NOT NULL,
  `staff_id` int(10) UNSIGNED DEFAULT NULL,
  `work_id` int(10) UNSIGNED DEFAULT NULL,
  `staffConfirm_id` int(10) UNSIGNED DEFAULT NULL
) ENGINE=InnoDB DEFAULT CHARSET=utf8mb4 COLLATE=utf8mb4_unicode_ci;

--
-- Dumping data for table `qc_license_off_works`
--

INSERT INTO `qc_license_off_works` (`license_id`, `dateOff`, `note`, `agreeStatus`, `confirmStatus`, `confirmNote`, `confirmDate`, `created_at`, `staff_id`, `work_id`, `staffConfirm_id`) VALUES
(1, '2018-07-05 00:00:00', NULL, 0, 1, NULL, '2018-11-28 18:41:48', '2018-11-21 17:21:02', 1, 24, 1),
(2, '2018-07-06 00:00:00', NULL, 1, 1, NULL, '2018-11-28 17:48:11', '2018-11-21 17:21:02', 1, 24, 1),
(3, '2018-07-09 00:00:00', NULL, 1, 1, 'Chấp nhận', '2018-11-28 17:49:23', '2018-11-21 17:23:09', 1, 24, 1),
(4, '2018-07-10 00:00:00', NULL, 0, 1, 'Thiếu người', '2018-11-28 17:52:42', '2018-11-21 17:23:09', 1, 24, 1),
(5, '2018-07-11 00:00:00', NULL, 0, 1, NULL, '2018-11-28 18:28:27', '2018-11-21 17:23:09', 1, 24, 1),
(6, '2018-07-17 00:00:00', 'ghi chú khi xin nghỉ - ghi chú khi xin nghỉ  - ghi chú khi xin nghỉ', 0, 1, NULL, '2019-06-24 02:54:10', '2018-11-23 14:59:29', 1, 24, 1),
(7, '2018-12-05 00:00:00', NULL, 0, 1, NULL, '2019-06-24 02:54:13', '2019-01-23 02:23:01', 1, 31, 1),
(8, '2018-12-06 00:00:00', NULL, 0, 1, NULL, '2019-06-24 02:54:19', '2019-01-23 02:23:17', 1, 31, 1),
(9, '2019-01-05 00:00:00', NULL, 0, 1, NULL, '2019-01-26 03:07:43', '2019-01-26 03:07:23', 1, 40, 1),
(10, '2019-01-07 00:00:00', NULL, 0, 1, NULL, '2019-01-26 03:18:40', '2019-01-26 03:18:19', 1, 40, 1),
(11, '2019-05-04 00:00:00', NULL, 0, 1, NULL, '2019-09-04 13:37:09', '2019-05-10 03:14:13', 1, 76, 1),
(12, '2019-08-19 00:00:00', NULL, 0, 1, 'thieu người', '2019-09-07 00:01:17', '2019-08-12 10:07:25', 1, 116, 1),
(13, '2019-08-25 00:00:00', NULL, 0, 1, NULL, '2019-09-19 21:32:23', '2019-08-22 09:07:42', 1, 106, 1),
(14, '2019-08-27 00:00:00', 'benh do xuat', 0, 1, NULL, '2019-09-19 21:32:26', '2019-08-22 09:08:19', 1, 106, 1),
(15, '2019-09-10 00:00:00', 'kiểm tra tính năng', 1, 1, NULL, '2019-09-07 00:23:40', '2019-09-04 13:36:00', 1, 135, 1),
(21, '2019-09-16 00:00:00', NULL, 0, 1, NULL, '2019-12-21 22:05:13', '2019-09-12 22:45:44', 1, NULL, 1),
(22, '2019-09-17 00:00:00', NULL, 0, 1, NULL, '2019-12-21 22:05:10', '2019-09-12 23:08:20', 1, NULL, 1),
(23, '2019-12-24 00:00:00', 'abc', 1, 1, NULL, '2019-12-21 22:07:04', '2019-12-21 22:06:37', 1, NULL, 1);

-- --------------------------------------------------------

--
-- Table structure for table `qc_minus_money`
--

CREATE TABLE `qc_minus_money` (
  `minus_id` int(10) UNSIGNED NOT NULL,
  `money` int(11) NOT NULL,
  `dateMinus` datetime NOT NULL,
  `reason` varchar(300) COLLATE utf8mb4_unicode_ci DEFAULT NULL,
  `created_at` datetime NOT NULL,
  `work_id` int(10) UNSIGNED NOT NULL,
  `staff_id` int(10) UNSIGNED NOT NULL,
  `punish_id` int(10) UNSIGNED DEFAULT NULL
) ENGINE=InnoDB DEFAULT CHARSET=utf8mb4 COLLATE=utf8mb4_unicode_ci;

--
-- Dumping data for table `qc_minus_money`
--

INSERT INTO `qc_minus_money` (`minus_id`, `money`, `dateMinus`, `reason`, `created_at`, `work_id`, `staff_id`, `punish_id`) VALUES
(1, 20000, '2018-03-27 00:00:00', 'uống nước không dẹp 123', '2018-04-19 07:41:36', 3, 1, 1),
(2, 50000, '2018-03-28 00:00:00', 'không vệ sinh công ty', '2018-04-19 07:41:58', 3, 1, 1),
(4, 50000, '2018-03-10 00:00:00', 'ko ve sinh cty', '2018-04-19 17:01:15', 4, 1, 2),
(5, 10000, '2018-05-14 00:00:00', 'abc', '2018-05-14 16:31:48', 8, 1, 1),
(6, 10000, '2018-05-15 00:00:00', 'ccc', '2018-05-15 02:21:01', 6, 1, 3),
(7, 50000, '2018-05-17 00:00:00', 'không vệ sinh cty', '2018-05-17 04:10:15', 6, 1, 5),
(8, 100000, '2018-06-08 00:00:00', 'abc', '2018-06-09 04:18:32', 14, 1, 5),
(9, 50000, '2018-06-02 00:00:00', 'abc', '2018-06-09 09:00:24', 18, 1, 1),
(10, 50000, '2018-06-07 00:00:00', 'vvvvvv', '2018-06-09 09:00:41', 18, 1, 2),
(11, 123, '2018-12-11 00:00:00', NULL, '2019-01-18 17:00:37', 29, 1, 3),
(12, 200, '2018-12-07 00:00:00', NULL, '2019-01-18 17:36:17', 28, 1, 1),
(13, 200, '2018-12-13 00:00:00', NULL, '2019-01-18 17:37:24', 29, 1, 2),
(14, 200000, '2018-12-17 00:00:00', NULL, '2019-01-18 17:42:44', 32, 1, 3),
(15, 200000, '2019-01-03 00:00:00', NULL, '2019-01-24 09:25:32', 37, 1, 1),
(16, 400000, '2019-01-05 00:00:00', NULL, '2019-01-24 09:35:47', 40, 1, 6),
(17, 200000, '2019-01-03 00:00:00', NULL, '2019-01-24 09:42:15', 39, 1, 5),
(18, 200000, '2019-01-10 10:00:00', NULL, '2019-01-26 03:26:50', 40, 1, 1),
(19, 200000, '2019-01-11 08:25:00', NULL, '2019-01-26 03:28:34', 40, 1, 1),
(20, 400000, '2019-01-02 00:00:00', NULL, '2019-01-28 04:07:49', 37, 1, 6),
(21, 400000, '2019-01-10 00:00:00', NULL, '2019-01-28 04:08:12', 37, 1, 6),
(22, 200000, '2019-01-05 00:00:00', NULL, '2019-01-28 04:48:02', 37, 1, 1),
(23, 200000, '2019-05-03 00:00:00', NULL, '2019-05-10 04:01:38', 76, 1, 2),
(24, 200000, '2019-05-04 00:00:00', NULL, '2019-05-10 04:02:13', 76, 1, 5),
(25, 200000, '2019-06-05 15:39:00', NULL, '2019-06-24 02:28:10', 85, 1, 1),
(26, 400000, '2019-08-01 00:00:00', NULL, '2019-08-02 15:04:47', 106, 1, 6),
(27, 200000, '2019-08-02 00:00:00', NULL, '2019-08-08 14:13:30', 106, 1, 5),
(28, 200000, '2019-08-03 00:00:00', NULL, '2019-08-08 14:13:41', 106, 1, 7),
(29, 200000, '2019-08-04 00:00:00', NULL, '2019-08-08 14:13:52', 106, 1, 3),
(30, 200000, '2019-08-08 14:14:00', NULL, '2019-08-08 14:15:15', 106, 1, 1),
(31, 200000, '2019-08-06 09:16:00', NULL, '2019-08-08 14:15:19', 106, 1, 1),
(32, 400000, '2019-09-03 00:00:00', NULL, '2019-09-13 00:30:21', 126, 23, 6),
(33, 400000, '2019-09-04 00:00:00', NULL, '2019-09-13 00:30:21', 126, 23, 6),
(34, 400000, '2019-09-05 00:00:00', NULL, '2019-09-13 00:30:21', 126, 23, 6),
(35, 400000, '2019-09-06 00:00:00', NULL, '2019-09-13 00:30:21', 126, 23, 6),
(36, 400000, '2019-09-07 00:00:00', NULL, '2019-09-13 00:30:21', 126, 23, 6),
(37, 400000, '2019-09-09 00:00:00', NULL, '2019-09-13 00:30:21', 126, 23, 6),
(38, 400000, '2019-09-10 00:00:00', NULL, '2019-09-13 00:30:21', 126, 23, 6),
(39, 400000, '2019-09-11 00:00:00', NULL, '2019-09-13 00:30:22', 126, 23, 6),
(40, 400000, '2019-09-12 00:00:00', NULL, '2019-09-13 00:30:22', 126, 23, 6),
(41, 400000, '2019-09-03 00:00:00', NULL, '2019-09-13 00:30:22', 127, 22, 6),
(42, 400000, '2019-09-04 00:00:00', NULL, '2019-09-13 00:30:22', 127, 22, 6),
(43, 400000, '2019-09-05 00:00:00', NULL, '2019-09-13 00:30:22', 127, 22, 6),
(44, 400000, '2019-09-06 00:00:00', NULL, '2019-09-13 00:30:22', 127, 22, 6),
(45, 400000, '2019-09-07 00:00:00', NULL, '2019-09-13 00:30:22', 127, 22, 6),
(46, 400000, '2019-09-09 00:00:00', NULL, '2019-09-13 00:30:22', 127, 22, 6),
(47, 400000, '2019-09-10 00:00:00', NULL, '2019-09-13 00:30:22', 127, 22, 6),
(48, 400000, '2019-09-11 00:00:00', NULL, '2019-09-13 00:30:22', 127, 22, 6),
(49, 400000, '2019-09-12 00:00:00', NULL, '2019-09-13 00:30:22', 127, 22, 6),
(50, 400000, '2019-09-03 00:00:00', NULL, '2019-09-13 00:30:23', 128, 20, 6),
(51, 400000, '2019-09-04 00:00:00', NULL, '2019-09-13 00:30:23', 128, 20, 6),
(52, 400000, '2019-09-05 00:00:00', NULL, '2019-09-13 00:30:23', 128, 20, 6),
(53, 400000, '2019-09-06 00:00:00', NULL, '2019-09-13 00:30:23', 128, 20, 6),
(54, 400000, '2019-09-07 00:00:00', NULL, '2019-09-13 00:30:23', 128, 20, 6),
(55, 400000, '2019-09-09 00:00:00', NULL, '2019-09-13 00:30:23', 128, 20, 6),
(56, 400000, '2019-09-10 00:00:00', NULL, '2019-09-13 00:30:23', 128, 20, 6),
(57, 400000, '2019-09-11 00:00:00', NULL, '2019-09-13 00:30:23', 128, 20, 6),
(58, 400000, '2019-09-12 00:00:00', NULL, '2019-09-13 00:30:23', 128, 20, 6),
(59, 400000, '2019-09-03 00:00:00', NULL, '2019-09-13 00:30:24', 129, 21, 6),
(60, 400000, '2019-09-04 00:00:00', NULL, '2019-09-13 00:30:24', 129, 21, 6),
(61, 400000, '2019-09-05 00:00:00', NULL, '2019-09-13 00:30:24', 129, 21, 6),
(62, 400000, '2019-09-06 00:00:00', NULL, '2019-09-13 00:30:24', 129, 21, 6),
(63, 400000, '2019-09-07 00:00:00', NULL, '2019-09-13 00:30:24', 129, 21, 6),
(64, 400000, '2019-09-09 00:00:00', NULL, '2019-09-13 00:30:24', 129, 21, 6),
(65, 400000, '2019-09-10 00:00:00', NULL, '2019-09-13 00:30:24', 129, 21, 6),
(66, 400000, '2019-09-11 00:00:00', NULL, '2019-09-13 00:30:24', 129, 21, 6),
(67, 400000, '2019-09-12 00:00:00', NULL, '2019-09-13 00:30:24', 129, 21, 6),
(68, 400000, '2019-09-03 00:00:00', NULL, '2019-09-13 00:30:25', 130, 17, 6),
(69, 400000, '2019-09-04 00:00:00', NULL, '2019-09-13 00:30:25', 130, 17, 6),
(70, 400000, '2019-09-05 00:00:00', NULL, '2019-09-13 00:30:25', 130, 17, 6),
(71, 400000, '2019-09-06 00:00:00', NULL, '2019-09-13 00:30:25', 130, 17, 6),
(72, 400000, '2019-09-07 00:00:00', NULL, '2019-09-13 00:30:25', 130, 17, 6),
(73, 400000, '2019-09-09 00:00:00', NULL, '2019-09-13 00:30:25', 130, 17, 6),
(74, 400000, '2019-09-10 00:00:00', NULL, '2019-09-13 00:30:25', 130, 17, 6),
(75, 400000, '2019-09-11 00:00:00', NULL, '2019-09-13 00:30:25', 130, 17, 6),
(76, 400000, '2019-09-12 00:00:00', NULL, '2019-09-13 00:30:25', 130, 17, 6),
(77, 400000, '2019-09-03 00:00:00', NULL, '2019-09-13 00:30:25', 131, 8, 6),
(78, 400000, '2019-09-04 00:00:00', NULL, '2019-09-13 00:30:25', 131, 8, 6),
(79, 400000, '2019-09-05 00:00:00', NULL, '2019-09-13 00:30:25', 131, 8, 6),
(80, 400000, '2019-09-06 00:00:00', NULL, '2019-09-13 00:30:26', 131, 8, 6),
(81, 400000, '2019-09-07 00:00:00', NULL, '2019-09-13 00:30:26', 131, 8, 6),
(82, 400000, '2019-09-09 00:00:00', NULL, '2019-09-13 00:30:26', 131, 8, 6),
(83, 400000, '2019-09-10 00:00:00', NULL, '2019-09-13 00:30:26', 131, 8, 6),
(84, 400000, '2019-09-11 00:00:00', NULL, '2019-09-13 00:30:26', 131, 8, 6),
(85, 400000, '2019-09-12 00:00:00', NULL, '2019-09-13 00:30:26', 131, 8, 6),
(86, 400000, '2019-09-04 00:00:00', NULL, '2019-09-13 00:30:26', 132, 19, 6),
(87, 400000, '2019-09-05 00:00:00', NULL, '2019-09-13 00:30:26', 132, 19, 6),
(88, 400000, '2019-09-06 00:00:00', NULL, '2019-09-13 00:30:26', 132, 19, 6),
(89, 400000, '2019-09-07 00:00:00', NULL, '2019-09-13 00:30:27', 132, 19, 6),
(90, 400000, '2019-09-09 00:00:00', NULL, '2019-09-13 00:30:27', 132, 19, 6),
(91, 400000, '2019-09-10 00:00:00', NULL, '2019-09-13 00:30:27', 132, 19, 6),
(92, 400000, '2019-09-11 00:00:00', NULL, '2019-09-13 00:30:27', 132, 19, 6),
(93, 400000, '2019-09-12 00:00:00', NULL, '2019-09-13 00:30:27', 132, 19, 6),
(94, 400000, '2019-09-03 00:00:00', NULL, '2019-09-13 00:30:27', 133, 12, 6),
(95, 400000, '2019-09-04 00:00:00', NULL, '2019-09-13 00:30:27', 133, 12, 6),
(96, 400000, '2019-09-05 00:00:00', NULL, '2019-09-13 00:30:27', 133, 12, 6),
(97, 400000, '2019-09-06 00:00:00', NULL, '2019-09-13 00:30:27', 133, 12, 6),
(98, 400000, '2019-09-07 00:00:00', NULL, '2019-09-13 00:30:27', 133, 12, 6),
(99, 400000, '2019-09-09 00:00:00', NULL, '2019-09-13 00:30:27', 133, 12, 6),
(100, 400000, '2019-09-10 00:00:00', NULL, '2019-09-13 00:30:27', 133, 12, 6),
(101, 400000, '2019-09-11 00:00:00', NULL, '2019-09-13 00:30:27', 133, 12, 6),
(102, 400000, '2019-09-12 00:00:00', NULL, '2019-09-13 00:30:28', 133, 12, 6),
(103, 400000, '2019-09-03 00:00:00', NULL, '2019-09-13 00:30:28', 134, 15, 6),
(104, 400000, '2019-09-04 00:00:00', NULL, '2019-09-13 00:30:28', 134, 15, 6),
(105, 400000, '2019-09-05 00:00:00', NULL, '2019-09-13 00:30:28', 134, 15, 6),
(106, 400000, '2019-09-06 00:00:00', NULL, '2019-09-13 00:30:28', 134, 15, 6),
(107, 400000, '2019-09-07 00:00:00', NULL, '2019-09-13 00:30:28', 134, 15, 6),
(108, 400000, '2019-09-09 00:00:00', NULL, '2019-09-13 00:30:28', 134, 15, 6),
(109, 400000, '2019-09-10 00:00:00', NULL, '2019-09-13 00:30:28', 134, 15, 6),
(110, 400000, '2019-09-11 00:00:00', NULL, '2019-09-13 00:30:28', 134, 15, 6),
(111, 400000, '2019-09-12 00:00:00', NULL, '2019-09-13 00:30:28', 134, 15, 6),
(114, 400000, '2019-09-03 00:00:00', NULL, '2019-09-13 00:31:51', 126, 23, 6),
(115, 400000, '2019-09-04 00:00:00', NULL, '2019-09-13 00:31:52', 126, 23, 6),
(116, 400000, '2019-09-05 00:00:00', NULL, '2019-09-13 00:31:52', 126, 23, 6),
(117, 400000, '2019-09-06 00:00:00', NULL, '2019-09-13 00:31:52', 126, 23, 6),
(118, 400000, '2019-09-07 00:00:00', NULL, '2019-09-13 00:31:52', 126, 23, 6),
(119, 400000, '2019-09-09 00:00:00', NULL, '2019-09-13 00:31:52', 126, 23, 6),
(120, 400000, '2019-09-10 00:00:00', NULL, '2019-09-13 00:31:52', 126, 23, 6),
(121, 400000, '2019-09-11 00:00:00', NULL, '2019-09-13 00:31:52', 126, 23, 6),
(122, 400000, '2019-09-12 00:00:00', NULL, '2019-09-13 00:31:52', 126, 23, 6),
(123, 400000, '2019-09-03 00:00:00', NULL, '2019-09-13 00:31:52', 127, 22, 6),
(124, 400000, '2019-09-04 00:00:00', NULL, '2019-09-13 00:31:52', 127, 22, 6),
(125, 400000, '2019-09-05 00:00:00', NULL, '2019-09-13 00:31:52', 127, 22, 6),
(126, 400000, '2019-09-06 00:00:00', NULL, '2019-09-13 00:31:52', 127, 22, 6),
(127, 400000, '2019-09-07 00:00:00', NULL, '2019-09-13 00:31:52', 127, 22, 6),
(128, 400000, '2019-09-09 00:00:00', NULL, '2019-09-13 00:31:53', 127, 22, 6),
(129, 400000, '2019-09-10 00:00:00', NULL, '2019-09-13 00:31:53', 127, 22, 6),
(130, 400000, '2019-09-11 00:00:00', NULL, '2019-09-13 00:31:53', 127, 22, 6),
(131, 400000, '2019-09-12 00:00:00', NULL, '2019-09-13 00:31:53', 127, 22, 6),
(132, 400000, '2019-09-03 00:00:00', NULL, '2019-09-13 00:31:53', 128, 20, 6),
(133, 400000, '2019-09-04 00:00:00', NULL, '2019-09-13 00:31:53', 128, 20, 6),
(134, 400000, '2019-09-05 00:00:00', NULL, '2019-09-13 00:31:53', 128, 20, 6),
(135, 400000, '2019-09-06 00:00:00', NULL, '2019-09-13 00:31:53', 128, 20, 6),
(136, 400000, '2019-09-07 00:00:00', NULL, '2019-09-13 00:31:53', 128, 20, 6),
(137, 400000, '2019-09-09 00:00:00', NULL, '2019-09-13 00:31:53', 128, 20, 6),
(138, 400000, '2019-09-10 00:00:00', NULL, '2019-09-13 00:31:53', 128, 20, 6),
(139, 400000, '2019-09-11 00:00:00', NULL, '2019-09-13 00:31:53', 128, 20, 6),
(140, 400000, '2019-09-12 00:00:00', NULL, '2019-09-13 00:31:54', 128, 20, 6),
(141, 400000, '2019-09-03 00:00:00', NULL, '2019-09-13 00:31:54', 129, 21, 6),
(142, 400000, '2019-09-04 00:00:00', NULL, '2019-09-13 00:31:54', 129, 21, 6),
(143, 400000, '2019-09-05 00:00:00', NULL, '2019-09-13 00:31:54', 129, 21, 6),
(144, 400000, '2019-09-06 00:00:00', NULL, '2019-09-13 00:31:54', 129, 21, 6),
(145, 400000, '2019-09-07 00:00:00', NULL, '2019-09-13 00:31:54', 129, 21, 6),
(146, 400000, '2019-09-09 00:00:00', NULL, '2019-09-13 00:31:54', 129, 21, 6),
(147, 400000, '2019-09-10 00:00:00', NULL, '2019-09-13 00:31:54', 129, 21, 6),
(148, 400000, '2019-09-11 00:00:00', NULL, '2019-09-13 00:31:54', 129, 21, 6),
(149, 400000, '2019-09-12 00:00:00', NULL, '2019-09-13 00:31:54', 129, 21, 6),
(150, 400000, '2019-09-03 00:00:00', NULL, '2019-09-13 00:31:54', 130, 17, 6),
(151, 400000, '2019-09-04 00:00:00', NULL, '2019-09-13 00:31:54', 130, 17, 6),
(152, 400000, '2019-09-05 00:00:00', NULL, '2019-09-13 00:31:55', 130, 17, 6),
(153, 400000, '2019-09-06 00:00:00', NULL, '2019-09-13 00:31:55', 130, 17, 6),
(154, 400000, '2019-09-07 00:00:00', NULL, '2019-09-13 00:31:55', 130, 17, 6),
(155, 400000, '2019-09-09 00:00:00', NULL, '2019-09-13 00:31:55', 130, 17, 6),
(156, 400000, '2019-09-10 00:00:00', NULL, '2019-09-13 00:31:55', 130, 17, 6),
(157, 400000, '2019-09-11 00:00:00', NULL, '2019-09-13 00:31:55', 130, 17, 6),
(158, 400000, '2019-09-12 00:00:00', NULL, '2019-09-13 00:31:55', 130, 17, 6),
(159, 400000, '2019-09-03 00:00:00', NULL, '2019-09-13 00:31:55', 131, 8, 6),
(160, 400000, '2019-09-04 00:00:00', NULL, '2019-09-13 00:31:55', 131, 8, 6),
(161, 400000, '2019-09-05 00:00:00', NULL, '2019-09-13 00:31:55', 131, 8, 6),
(162, 400000, '2019-09-06 00:00:00', NULL, '2019-09-13 00:31:55', 131, 8, 6),
(163, 400000, '2019-09-07 00:00:00', NULL, '2019-09-13 00:31:55', 131, 8, 6),
(164, 400000, '2019-09-09 00:00:00', NULL, '2019-09-13 00:31:56', 131, 8, 6),
(165, 400000, '2019-09-10 00:00:00', NULL, '2019-09-13 00:31:56', 131, 8, 6),
(166, 400000, '2019-09-11 00:00:00', NULL, '2019-09-13 00:31:56', 131, 8, 6),
(167, 400000, '2019-09-12 00:00:00', NULL, '2019-09-13 00:31:56', 131, 8, 6),
(168, 400000, '2019-09-04 00:00:00', NULL, '2019-09-13 00:31:56', 132, 19, 6),
(169, 400000, '2019-09-05 00:00:00', NULL, '2019-09-13 00:31:56', 132, 19, 6),
(170, 400000, '2019-09-06 00:00:00', NULL, '2019-09-13 00:31:56', 132, 19, 6),
(171, 400000, '2019-09-07 00:00:00', NULL, '2019-09-13 00:31:56', 132, 19, 6),
(172, 400000, '2019-09-09 00:00:00', NULL, '2019-09-13 00:31:56', 132, 19, 6),
(173, 400000, '2019-09-10 00:00:00', NULL, '2019-09-13 00:31:56', 132, 19, 6),
(174, 400000, '2019-09-11 00:00:00', NULL, '2019-09-13 00:31:57', 132, 19, 6),
(175, 400000, '2019-09-12 00:00:00', NULL, '2019-09-13 00:31:57', 132, 19, 6),
(176, 400000, '2019-09-03 00:00:00', NULL, '2019-09-13 00:31:57', 133, 12, 6),
(177, 400000, '2019-09-04 00:00:00', NULL, '2019-09-13 00:31:57', 133, 12, 6),
(178, 400000, '2019-09-05 00:00:00', NULL, '2019-09-13 00:31:57', 133, 12, 6),
(179, 400000, '2019-09-06 00:00:00', NULL, '2019-09-13 00:31:57', 133, 12, 6),
(180, 400000, '2019-09-07 00:00:00', NULL, '2019-09-13 00:31:57', 133, 12, 6),
(181, 400000, '2019-09-09 00:00:00', NULL, '2019-09-13 00:31:57', 133, 12, 6),
(182, 400000, '2019-09-10 00:00:00', NULL, '2019-09-13 00:31:57', 133, 12, 6),
(183, 400000, '2019-09-11 00:00:00', NULL, '2019-09-13 00:31:57', 133, 12, 6),
(184, 400000, '2019-09-12 00:00:00', NULL, '2019-09-13 00:31:57', 133, 12, 6),
(185, 400000, '2019-09-03 00:00:00', NULL, '2019-09-13 00:31:57', 134, 15, 6),
(186, 400000, '2019-09-04 00:00:00', NULL, '2019-09-13 00:31:57', 134, 15, 6),
(187, 400000, '2019-09-05 00:00:00', NULL, '2019-09-13 00:31:58', 134, 15, 6),
(188, 400000, '2019-09-06 00:00:00', NULL, '2019-09-13 00:31:58', 134, 15, 6),
(189, 400000, '2019-09-07 00:00:00', NULL, '2019-09-13 00:31:58', 134, 15, 6),
(190, 400000, '2019-09-09 00:00:00', NULL, '2019-09-13 00:31:58', 134, 15, 6),
(191, 400000, '2019-09-10 00:00:00', NULL, '2019-09-13 00:31:58', 134, 15, 6),
(192, 400000, '2019-09-11 00:00:00', NULL, '2019-09-13 00:31:58', 134, 15, 6),
(193, 400000, '2019-09-12 00:00:00', NULL, '2019-09-13 00:31:58', 134, 15, 6),
(197, 400000, '2019-09-03 00:00:00', NULL, '2019-09-13 00:31:58', 136, 5, 6),
(198, 400000, '2019-09-04 00:00:00', NULL, '2019-09-13 00:31:59', 136, 5, 6),
(199, 400000, '2019-09-05 00:00:00', NULL, '2019-09-13 00:31:59', 136, 5, 6),
(200, 400000, '2019-09-06 00:00:00', NULL, '2019-09-13 00:31:59', 136, 5, 6),
(201, 400000, '2019-09-07 00:00:00', NULL, '2019-09-13 00:31:59', 136, 5, 6),
(202, 400000, '2019-09-09 00:00:00', NULL, '2019-09-13 00:31:59', 136, 5, 6),
(203, 400000, '2019-09-10 00:00:00', NULL, '2019-09-13 00:31:59', 136, 5, 6),
(204, 400000, '2019-09-11 00:00:00', NULL, '2019-09-13 00:31:59', 136, 5, 6),
(205, 400000, '2019-09-12 00:00:00', NULL, '2019-09-13 00:31:59', 136, 5, 6),
(206, 400000, '2019-09-04 00:00:00', NULL, '2019-09-13 00:31:59', 137, 7, 6),
(207, 400000, '2019-09-05 00:00:00', NULL, '2019-09-13 00:31:59', 137, 7, 6),
(208, 400000, '2019-09-06 00:00:00', NULL, '2019-09-13 00:31:59', 137, 7, 6),
(209, 400000, '2019-09-07 00:00:00', NULL, '2019-09-13 00:31:59', 137, 7, 6),
(210, 400000, '2019-09-09 00:00:00', NULL, '2019-09-13 00:32:00', 137, 7, 6),
(211, 400000, '2019-09-10 00:00:00', NULL, '2019-09-13 00:32:00', 137, 7, 6),
(212, 400000, '2019-09-11 00:00:00', NULL, '2019-09-13 00:32:00', 137, 7, 6),
(213, 400000, '2019-09-12 00:00:00', NULL, '2019-09-13 00:32:00', 137, 7, 6),
(214, 400000, '2019-09-04 00:00:00', NULL, '2019-09-13 00:32:00', 138, 9, 6),
(215, 400000, '2019-09-05 00:00:00', NULL, '2019-09-13 00:32:00', 138, 9, 6),
(216, 400000, '2019-09-06 00:00:00', NULL, '2019-09-13 00:32:00', 138, 9, 6),
(217, 400000, '2019-09-07 00:00:00', NULL, '2019-09-13 00:32:00', 138, 9, 6),
(218, 400000, '2019-09-09 00:00:00', NULL, '2019-09-13 00:32:00', 138, 9, 6),
(219, 400000, '2019-09-10 00:00:00', NULL, '2019-09-13 00:32:01', 138, 9, 6),
(220, 400000, '2019-09-11 00:00:00', NULL, '2019-09-13 00:32:01', 138, 9, 6),
(221, 400000, '2019-09-12 00:00:00', NULL, '2019-09-13 00:32:01', 138, 9, 6),
(222, 400000, '2019-09-04 00:00:00', NULL, '2019-09-13 00:32:01', 139, 14, 6),
(223, 400000, '2019-09-05 00:00:00', NULL, '2019-09-13 00:32:01', 139, 14, 6),
(224, 400000, '2019-09-06 00:00:00', NULL, '2019-09-13 00:32:01', 139, 14, 6),
(225, 400000, '2019-09-07 00:00:00', NULL, '2019-09-13 00:32:01', 139, 14, 6),
(226, 400000, '2019-09-09 00:00:00', NULL, '2019-09-13 00:32:01', 139, 14, 6),
(227, 400000, '2019-09-10 00:00:00', NULL, '2019-09-13 00:32:01', 139, 14, 6),
(228, 400000, '2019-09-11 00:00:00', NULL, '2019-09-13 00:32:01', 139, 14, 6),
(229, 400000, '2019-09-12 00:00:00', NULL, '2019-09-13 00:32:01', 139, 14, 6),
(230, 400000, '2019-09-03 00:00:00', NULL, '2019-09-13 00:32:02', 140, 16, 6),
(231, 400000, '2019-09-04 00:00:00', NULL, '2019-09-13 00:32:02', 140, 16, 6),
(232, 400000, '2019-09-05 00:00:00', NULL, '2019-09-13 00:32:02', 140, 16, 6),
(233, 400000, '2019-09-06 00:00:00', NULL, '2019-09-13 00:32:02', 140, 16, 6),
(234, 400000, '2019-09-07 00:00:00', NULL, '2019-09-13 00:32:02', 140, 16, 6),
(235, 400000, '2019-09-09 00:00:00', NULL, '2019-09-13 00:32:02', 140, 16, 6),
(236, 400000, '2019-09-10 00:00:00', NULL, '2019-09-13 00:32:02', 140, 16, 6),
(237, 400000, '2019-09-11 00:00:00', NULL, '2019-09-13 00:32:02', 140, 16, 6),
(238, 400000, '2019-09-12 00:00:00', NULL, '2019-09-13 00:32:02', 140, 16, 6),
(239, 400000, '2019-09-03 00:00:00', NULL, '2019-09-13 00:32:02', 141, 18, 6),
(240, 400000, '2019-09-04 00:00:00', NULL, '2019-09-13 00:32:02', 141, 18, 6),
(241, 400000, '2019-09-05 00:00:00', NULL, '2019-09-13 00:32:02', 141, 18, 6),
(242, 400000, '2019-09-06 00:00:00', NULL, '2019-09-13 00:32:03', 141, 18, 6),
(243, 400000, '2019-09-07 00:00:00', NULL, '2019-09-13 00:32:03', 141, 18, 6),
(244, 400000, '2019-09-09 00:00:00', NULL, '2019-09-13 00:32:03', 141, 18, 6),
(245, 400000, '2019-09-10 00:00:00', NULL, '2019-09-13 00:32:03', 141, 18, 6),
(246, 400000, '2019-09-11 00:00:00', NULL, '2019-09-13 00:32:03', 141, 18, 6),
(247, 400000, '2019-09-12 00:00:00', NULL, '2019-09-13 00:32:03', 141, 18, 6),
(248, 400000, '2019-09-03 00:00:00', NULL, '2019-09-13 00:33:39', 126, 23, 6),
(249, 400000, '2019-09-04 00:00:00', NULL, '2019-09-13 00:33:39', 126, 23, 6),
(250, 400000, '2019-09-05 00:00:00', NULL, '2019-09-13 00:33:39', 126, 23, 6),
(251, 400000, '2019-09-06 00:00:00', NULL, '2019-09-13 00:33:39', 126, 23, 6),
(252, 400000, '2019-09-07 00:00:00', NULL, '2019-09-13 00:33:39', 126, 23, 6),
(253, 400000, '2019-09-09 00:00:00', NULL, '2019-09-13 00:33:39', 126, 23, 6),
(254, 400000, '2019-09-10 00:00:00', NULL, '2019-09-13 00:33:39', 126, 23, 6),
(255, 400000, '2019-09-11 00:00:00', NULL, '2019-09-13 00:33:39', 126, 23, 6),
(256, 400000, '2019-09-12 00:00:00', NULL, '2019-09-13 00:33:39', 126, 23, 6),
(257, 400000, '2019-09-03 00:00:00', NULL, '2019-09-13 00:33:39', 127, 22, 6),
(258, 400000, '2019-09-04 00:00:00', NULL, '2019-09-13 00:33:39', 127, 22, 6),
(259, 400000, '2019-09-05 00:00:00', NULL, '2019-09-13 00:33:39', 127, 22, 6),
(260, 400000, '2019-09-06 00:00:00', NULL, '2019-09-13 00:33:39', 127, 22, 6),
(261, 400000, '2019-09-07 00:00:00', NULL, '2019-09-13 00:33:39', 127, 22, 6),
(262, 400000, '2019-09-09 00:00:00', NULL, '2019-09-13 00:33:40', 127, 22, 6),
(263, 400000, '2019-09-10 00:00:00', NULL, '2019-09-13 00:33:40', 127, 22, 6),
(264, 400000, '2019-09-11 00:00:00', NULL, '2019-09-13 00:33:40', 127, 22, 6),
(265, 400000, '2019-09-12 00:00:00', NULL, '2019-09-13 00:33:40', 127, 22, 6),
(266, 400000, '2019-09-03 00:00:00', NULL, '2019-09-13 00:33:40', 128, 20, 6),
(267, 400000, '2019-09-04 00:00:00', NULL, '2019-09-13 00:33:40', 128, 20, 6),
(268, 400000, '2019-09-05 00:00:00', NULL, '2019-09-13 00:33:40', 128, 20, 6),
(269, 400000, '2019-09-06 00:00:00', NULL, '2019-09-13 00:33:40', 128, 20, 6),
(270, 400000, '2019-09-07 00:00:00', NULL, '2019-09-13 00:33:40', 128, 20, 6),
(271, 400000, '2019-09-09 00:00:00', NULL, '2019-09-13 00:33:40', 128, 20, 6),
(272, 400000, '2019-09-10 00:00:00', NULL, '2019-09-13 00:33:40', 128, 20, 6),
(273, 400000, '2019-09-11 00:00:00', NULL, '2019-09-13 00:33:40', 128, 20, 6),
(274, 400000, '2019-09-12 00:00:00', NULL, '2019-09-13 00:33:41', 128, 20, 6),
(275, 400000, '2019-09-03 00:00:00', NULL, '2019-09-13 00:33:41', 129, 21, 6),
(276, 400000, '2019-09-04 00:00:00', NULL, '2019-09-13 00:33:41', 129, 21, 6),
(277, 400000, '2019-09-05 00:00:00', NULL, '2019-09-13 00:33:41', 129, 21, 6),
(278, 400000, '2019-09-06 00:00:00', NULL, '2019-09-13 00:33:41', 129, 21, 6),
(279, 400000, '2019-09-07 00:00:00', NULL, '2019-09-13 00:33:41', 129, 21, 6),
(280, 400000, '2019-09-09 00:00:00', NULL, '2019-09-13 00:33:41', 129, 21, 6),
(281, 400000, '2019-09-10 00:00:00', NULL, '2019-09-13 00:33:41', 129, 21, 6),
(282, 400000, '2019-09-11 00:00:00', NULL, '2019-09-13 00:33:41', 129, 21, 6),
(283, 400000, '2019-09-12 00:00:00', NULL, '2019-09-13 00:33:41', 129, 21, 6),
(284, 400000, '2019-09-03 00:00:00', NULL, '2019-09-13 00:33:42', 130, 17, 6),
(285, 400000, '2019-09-04 00:00:00', NULL, '2019-09-13 00:33:42', 130, 17, 6),
(286, 400000, '2019-09-05 00:00:00', NULL, '2019-09-13 00:33:42', 130, 17, 6),
(287, 400000, '2019-09-06 00:00:00', NULL, '2019-09-13 00:33:42', 130, 17, 6),
(288, 400000, '2019-09-07 00:00:00', NULL, '2019-09-13 00:33:42', 130, 17, 6),
(289, 400000, '2019-09-09 00:00:00', NULL, '2019-09-13 00:33:42', 130, 17, 6),
(290, 400000, '2019-09-10 00:00:00', NULL, '2019-09-13 00:33:42', 130, 17, 6),
(291, 400000, '2019-09-11 00:00:00', NULL, '2019-09-13 00:33:42', 130, 17, 6),
(292, 400000, '2019-09-12 00:00:00', NULL, '2019-09-13 00:33:42', 130, 17, 6),
(293, 400000, '2019-09-03 00:00:00', NULL, '2019-09-13 00:33:42', 131, 8, 6),
(294, 400000, '2019-09-04 00:00:00', NULL, '2019-09-13 00:33:42', 131, 8, 6),
(295, 400000, '2019-09-05 00:00:00', NULL, '2019-09-13 00:33:42', 131, 8, 6),
(296, 400000, '2019-09-06 00:00:00', NULL, '2019-09-13 00:33:43', 131, 8, 6),
(297, 400000, '2019-09-07 00:00:00', NULL, '2019-09-13 00:33:43', 131, 8, 6),
(298, 400000, '2019-09-09 00:00:00', NULL, '2019-09-13 00:33:43', 131, 8, 6),
(299, 400000, '2019-09-10 00:00:00', NULL, '2019-09-13 00:33:43', 131, 8, 6),
(300, 400000, '2019-09-11 00:00:00', NULL, '2019-09-13 00:33:43', 131, 8, 6),
(301, 400000, '2019-09-12 00:00:00', NULL, '2019-09-13 00:33:43', 131, 8, 6),
(302, 400000, '2019-09-04 00:00:00', NULL, '2019-09-13 00:33:43', 132, 19, 6),
(303, 400000, '2019-09-05 00:00:00', NULL, '2019-09-13 00:33:43', 132, 19, 6),
(304, 400000, '2019-09-06 00:00:00', NULL, '2019-09-13 00:33:43', 132, 19, 6),
(305, 400000, '2019-09-07 00:00:00', NULL, '2019-09-13 00:33:43', 132, 19, 6),
(306, 400000, '2019-09-09 00:00:00', NULL, '2019-09-13 00:33:43', 132, 19, 6),
(307, 400000, '2019-09-10 00:00:00', NULL, '2019-09-13 00:33:43', 132, 19, 6),
(308, 400000, '2019-09-11 00:00:00', NULL, '2019-09-13 00:33:43', 132, 19, 6),
(309, 400000, '2019-09-12 00:00:00', NULL, '2019-09-13 00:33:43', 132, 19, 6),
(310, 400000, '2019-09-03 00:00:00', NULL, '2019-09-13 00:33:44', 133, 12, 6),
(311, 400000, '2019-09-04 00:00:00', NULL, '2019-09-13 00:33:44', 133, 12, 6),
(312, 400000, '2019-09-05 00:00:00', NULL, '2019-09-13 00:33:44', 133, 12, 6),
(313, 400000, '2019-09-06 00:00:00', NULL, '2019-09-13 00:33:44', 133, 12, 6),
(314, 400000, '2019-09-07 00:00:00', NULL, '2019-09-13 00:33:44', 133, 12, 6),
(315, 400000, '2019-09-09 00:00:00', NULL, '2019-09-13 00:33:44', 133, 12, 6),
(316, 400000, '2019-09-10 00:00:00', NULL, '2019-09-13 00:33:44', 133, 12, 6),
(317, 400000, '2019-09-11 00:00:00', NULL, '2019-09-13 00:33:44', 133, 12, 6),
(318, 400000, '2019-09-12 00:00:00', NULL, '2019-09-13 00:33:44', 133, 12, 6),
(319, 400000, '2019-09-03 00:00:00', NULL, '2019-09-13 00:33:44', 134, 15, 6),
(320, 400000, '2019-09-04 00:00:00', NULL, '2019-09-13 00:33:44', 134, 15, 6),
(321, 400000, '2019-09-05 00:00:00', NULL, '2019-09-13 00:33:44', 134, 15, 6),
(322, 400000, '2019-09-06 00:00:00', NULL, '2019-09-13 00:33:44', 134, 15, 6),
(323, 400000, '2019-09-07 00:00:00', NULL, '2019-09-13 00:33:45', 134, 15, 6),
(324, 400000, '2019-09-09 00:00:00', NULL, '2019-09-13 00:33:45', 134, 15, 6),
(325, 400000, '2019-09-10 00:00:00', NULL, '2019-09-13 00:33:45', 134, 15, 6),
(326, 400000, '2019-09-11 00:00:00', NULL, '2019-09-13 00:33:45', 134, 15, 6),
(327, 400000, '2019-09-12 00:00:00', NULL, '2019-09-13 00:33:45', 134, 15, 6),
(331, 400000, '2019-09-03 00:00:00', NULL, '2019-09-13 00:33:45', 136, 5, 6),
(332, 400000, '2019-09-04 00:00:00', NULL, '2019-09-13 00:33:45', 136, 5, 6),
(333, 400000, '2019-09-05 00:00:00', NULL, '2019-09-13 00:33:45', 136, 5, 6),
(334, 400000, '2019-09-06 00:00:00', NULL, '2019-09-13 00:33:45', 136, 5, 6),
(335, 400000, '2019-09-07 00:00:00', NULL, '2019-09-13 00:33:45', 136, 5, 6),
(336, 400000, '2019-09-09 00:00:00', NULL, '2019-09-13 00:33:46', 136, 5, 6),
(337, 400000, '2019-09-10 00:00:00', NULL, '2019-09-13 00:33:46', 136, 5, 6),
(338, 400000, '2019-09-11 00:00:00', NULL, '2019-09-13 00:33:46', 136, 5, 6),
(339, 400000, '2019-09-12 00:00:00', NULL, '2019-09-13 00:33:46', 136, 5, 6),
(340, 400000, '2019-09-04 00:00:00', NULL, '2019-09-13 00:33:46', 137, 7, 6),
(341, 400000, '2019-09-05 00:00:00', NULL, '2019-09-13 00:33:46', 137, 7, 6),
(342, 400000, '2019-09-06 00:00:00', NULL, '2019-09-13 00:33:46', 137, 7, 6),
(343, 400000, '2019-09-07 00:00:00', NULL, '2019-09-13 00:33:46', 137, 7, 6),
(344, 400000, '2019-09-09 00:00:00', NULL, '2019-09-13 00:33:46', 137, 7, 6),
(345, 400000, '2019-09-10 00:00:00', NULL, '2019-09-13 00:33:46', 137, 7, 6),
(346, 400000, '2019-09-11 00:00:00', NULL, '2019-09-13 00:33:46', 137, 7, 6),
(347, 400000, '2019-09-12 00:00:00', NULL, '2019-09-13 00:33:46', 137, 7, 6),
(348, 400000, '2019-09-04 00:00:00', NULL, '2019-09-13 00:33:47', 138, 9, 6),
(349, 400000, '2019-09-05 00:00:00', NULL, '2019-09-13 00:33:47', 138, 9, 6),
(350, 400000, '2019-09-06 00:00:00', NULL, '2019-09-13 00:33:47', 138, 9, 6),
(351, 400000, '2019-09-07 00:00:00', NULL, '2019-09-13 00:33:47', 138, 9, 6),
(352, 400000, '2019-09-09 00:00:00', NULL, '2019-09-13 00:33:47', 138, 9, 6),
(353, 400000, '2019-09-10 00:00:00', NULL, '2019-09-13 00:33:47', 138, 9, 6),
(354, 400000, '2019-09-11 00:00:00', NULL, '2019-09-13 00:33:47', 138, 9, 6),
(355, 400000, '2019-09-12 00:00:00', NULL, '2019-09-13 00:33:47', 138, 9, 6),
(356, 400000, '2019-09-04 00:00:00', NULL, '2019-09-13 00:33:47', 139, 14, 6),
(357, 400000, '2019-09-05 00:00:00', NULL, '2019-09-13 00:33:47', 139, 14, 6),
(358, 400000, '2019-09-06 00:00:00', NULL, '2019-09-13 00:33:47', 139, 14, 6),
(359, 400000, '2019-09-07 00:00:00', NULL, '2019-09-13 00:33:47', 139, 14, 6),
(360, 400000, '2019-09-09 00:00:00', NULL, '2019-09-13 00:33:48', 139, 14, 6),
(361, 400000, '2019-09-10 00:00:00', NULL, '2019-09-13 00:33:48', 139, 14, 6),
(362, 400000, '2019-09-11 00:00:00', NULL, '2019-09-13 00:33:48', 139, 14, 6),
(363, 400000, '2019-09-12 00:00:00', NULL, '2019-09-13 00:33:48', 139, 14, 6),
(364, 400000, '2019-09-03 00:00:00', NULL, '2019-09-13 00:33:48', 140, 16, 6),
(365, 400000, '2019-09-04 00:00:00', NULL, '2019-09-13 00:33:48', 140, 16, 6),
(366, 400000, '2019-09-05 00:00:00', NULL, '2019-09-13 00:33:48', 140, 16, 6),
(367, 400000, '2019-09-06 00:00:00', NULL, '2019-09-13 00:33:48', 140, 16, 6),
(368, 400000, '2019-09-07 00:00:00', NULL, '2019-09-13 00:33:48', 140, 16, 6),
(369, 400000, '2019-09-09 00:00:00', NULL, '2019-09-13 00:33:48', 140, 16, 6),
(370, 400000, '2019-09-10 00:00:00', NULL, '2019-09-13 00:33:48', 140, 16, 6),
(371, 400000, '2019-09-11 00:00:00', NULL, '2019-09-13 00:33:49', 140, 16, 6),
(372, 400000, '2019-09-12 00:00:00', NULL, '2019-09-13 00:33:49', 140, 16, 6),
(373, 400000, '2019-09-03 00:00:00', NULL, '2019-09-13 00:33:49', 141, 18, 6),
(374, 400000, '2019-09-04 00:00:00', NULL, '2019-09-13 00:33:49', 141, 18, 6),
(375, 400000, '2019-09-05 00:00:00', NULL, '2019-09-13 00:33:49', 141, 18, 6),
(376, 400000, '2019-09-06 00:00:00', NULL, '2019-09-13 00:33:49', 141, 18, 6),
(377, 400000, '2019-09-07 00:00:00', NULL, '2019-09-13 00:33:49', 141, 18, 6),
(378, 400000, '2019-09-09 00:00:00', NULL, '2019-09-13 00:33:49', 141, 18, 6),
(379, 400000, '2019-09-10 00:00:00', NULL, '2019-09-13 00:33:49', 141, 18, 6),
(380, 400000, '2019-09-11 00:00:00', NULL, '2019-09-13 00:33:49', 141, 18, 6),
(381, 400000, '2019-09-12 00:00:00', NULL, '2019-09-13 00:33:49', 141, 18, 6),
(382, 400000, '2019-09-03 00:00:00', NULL, '2019-09-13 00:36:00', 126, 23, 6),
(383, 400000, '2019-09-04 00:00:00', NULL, '2019-09-13 00:36:00', 126, 23, 6),
(384, 400000, '2019-09-05 00:00:00', NULL, '2019-09-13 00:36:00', 126, 23, 6),
(385, 400000, '2019-09-06 00:00:00', NULL, '2019-09-13 00:36:00', 126, 23, 6),
(386, 400000, '2019-09-07 00:00:00', NULL, '2019-09-13 00:36:00', 126, 23, 6),
(387, 400000, '2019-09-09 00:00:00', NULL, '2019-09-13 00:36:00', 126, 23, 6),
(388, 400000, '2019-09-10 00:00:00', NULL, '2019-09-13 00:36:01', 126, 23, 6),
(389, 400000, '2019-09-11 00:00:00', NULL, '2019-09-13 00:36:01', 126, 23, 6),
(390, 400000, '2019-09-12 00:00:00', NULL, '2019-09-13 00:36:01', 126, 23, 6),
(391, 400000, '2019-09-03 00:00:00', NULL, '2019-09-13 00:36:01', 127, 22, 6),
(392, 400000, '2019-09-04 00:00:00', NULL, '2019-09-13 00:36:01', 127, 22, 6),
(393, 400000, '2019-09-05 00:00:00', NULL, '2019-09-13 00:36:01', 127, 22, 6),
(394, 400000, '2019-09-06 00:00:00', NULL, '2019-09-13 00:36:01', 127, 22, 6),
(395, 400000, '2019-09-07 00:00:00', NULL, '2019-09-13 00:36:01', 127, 22, 6),
(396, 400000, '2019-09-09 00:00:00', NULL, '2019-09-13 00:36:01', 127, 22, 6),
(397, 400000, '2019-09-10 00:00:00', NULL, '2019-09-13 00:36:01', 127, 22, 6),
(398, 400000, '2019-09-11 00:00:00', NULL, '2019-09-13 00:36:01', 127, 22, 6),
(399, 400000, '2019-09-12 00:00:00', NULL, '2019-09-13 00:36:01', 127, 22, 6),
(400, 400000, '2019-09-03 00:00:00', NULL, '2019-09-13 00:36:01', 128, 20, 6),
(401, 400000, '2019-09-04 00:00:00', NULL, '2019-09-13 00:36:01', 128, 20, 6),
(402, 400000, '2019-09-05 00:00:00', NULL, '2019-09-13 00:36:02', 128, 20, 6),
(403, 400000, '2019-09-06 00:00:00', NULL, '2019-09-13 00:36:02', 128, 20, 6),
(404, 400000, '2019-09-07 00:00:00', NULL, '2019-09-13 00:36:02', 128, 20, 6),
(405, 400000, '2019-09-09 00:00:00', NULL, '2019-09-13 00:36:02', 128, 20, 6),
(406, 400000, '2019-09-10 00:00:00', NULL, '2019-09-13 00:36:02', 128, 20, 6),
(407, 400000, '2019-09-11 00:00:00', NULL, '2019-09-13 00:36:02', 128, 20, 6),
(408, 400000, '2019-09-12 00:00:00', NULL, '2019-09-13 00:36:02', 128, 20, 6),
(409, 400000, '2019-09-03 00:00:00', NULL, '2019-09-13 00:36:02', 129, 21, 6),
(410, 400000, '2019-09-04 00:00:00', NULL, '2019-09-13 00:36:02', 129, 21, 6),
(411, 400000, '2019-09-05 00:00:00', NULL, '2019-09-13 00:36:02', 129, 21, 6),
(412, 400000, '2019-09-06 00:00:00', NULL, '2019-09-13 00:36:03', 129, 21, 6),
(413, 400000, '2019-09-07 00:00:00', NULL, '2019-09-13 00:36:03', 129, 21, 6),
(414, 400000, '2019-09-09 00:00:00', NULL, '2019-09-13 00:36:03', 129, 21, 6),
(415, 400000, '2019-09-10 00:00:00', NULL, '2019-09-13 00:36:03', 129, 21, 6),
(416, 400000, '2019-09-11 00:00:00', NULL, '2019-09-13 00:36:03', 129, 21, 6),
(417, 400000, '2019-09-12 00:00:00', NULL, '2019-09-13 00:36:03', 129, 21, 6),
(418, 400000, '2019-09-03 00:00:00', NULL, '2019-09-13 00:36:03', 130, 17, 6),
(419, 400000, '2019-09-04 00:00:00', NULL, '2019-09-13 00:36:03', 130, 17, 6),
(420, 400000, '2019-09-05 00:00:00', NULL, '2019-09-13 00:36:03', 130, 17, 6),
(421, 400000, '2019-09-06 00:00:00', NULL, '2019-09-13 00:36:03', 130, 17, 6),
(422, 400000, '2019-09-07 00:00:00', NULL, '2019-09-13 00:36:03', 130, 17, 6),
(423, 400000, '2019-09-09 00:00:00', NULL, '2019-09-13 00:36:03', 130, 17, 6),
(424, 400000, '2019-09-10 00:00:00', NULL, '2019-09-13 00:36:03', 130, 17, 6),
(425, 400000, '2019-09-11 00:00:00', NULL, '2019-09-13 00:36:04', 130, 17, 6),
(426, 400000, '2019-09-12 00:00:00', NULL, '2019-09-13 00:36:04', 130, 17, 6),
(427, 400000, '2019-09-03 00:00:00', NULL, '2019-09-13 00:36:04', 131, 8, 6),
(428, 400000, '2019-09-04 00:00:00', NULL, '2019-09-13 00:36:04', 131, 8, 6),
(429, 400000, '2019-09-05 00:00:00', NULL, '2019-09-13 00:36:04', 131, 8, 6),
(430, 400000, '2019-09-06 00:00:00', NULL, '2019-09-13 00:36:04', 131, 8, 6),
(431, 400000, '2019-09-07 00:00:00', NULL, '2019-09-13 00:36:04', 131, 8, 6),
(432, 400000, '2019-09-09 00:00:00', NULL, '2019-09-13 00:36:04', 131, 8, 6),
(433, 400000, '2019-09-10 00:00:00', NULL, '2019-09-13 00:36:04', 131, 8, 6),
(434, 400000, '2019-09-11 00:00:00', NULL, '2019-09-13 00:36:04', 131, 8, 6),
(435, 400000, '2019-09-12 00:00:00', NULL, '2019-09-13 00:36:04', 131, 8, 6),
(436, 400000, '2019-09-04 00:00:00', NULL, '2019-09-13 00:36:05', 132, 19, 6),
(437, 400000, '2019-09-05 00:00:00', NULL, '2019-09-13 00:36:05', 132, 19, 6),
(438, 400000, '2019-09-06 00:00:00', NULL, '2019-09-13 00:36:05', 132, 19, 6),
(439, 400000, '2019-09-07 00:00:00', NULL, '2019-09-13 00:36:05', 132, 19, 6),
(440, 400000, '2019-09-09 00:00:00', NULL, '2019-09-13 00:36:05', 132, 19, 6),
(441, 400000, '2019-09-10 00:00:00', NULL, '2019-09-13 00:36:05', 132, 19, 6),
(442, 400000, '2019-09-11 00:00:00', NULL, '2019-09-13 00:36:05', 132, 19, 6),
(443, 400000, '2019-09-12 00:00:00', NULL, '2019-09-13 00:36:05', 132, 19, 6),
(444, 400000, '2019-09-03 00:00:00', NULL, '2019-09-13 00:36:05', 133, 12, 6),
(445, 400000, '2019-09-04 00:00:00', NULL, '2019-09-13 00:36:05', 133, 12, 6),
(446, 400000, '2019-09-05 00:00:00', NULL, '2019-09-13 00:36:05', 133, 12, 6),
(447, 400000, '2019-09-06 00:00:00', NULL, '2019-09-13 00:36:05', 133, 12, 6),
(448, 400000, '2019-09-07 00:00:00', NULL, '2019-09-13 00:36:05', 133, 12, 6),
(449, 400000, '2019-09-09 00:00:00', NULL, '2019-09-13 00:36:05', 133, 12, 6),
(450, 400000, '2019-09-10 00:00:00', NULL, '2019-09-13 00:36:06', 133, 12, 6),
(451, 400000, '2019-09-11 00:00:00', NULL, '2019-09-13 00:36:06', 133, 12, 6),
(452, 400000, '2019-09-12 00:00:00', NULL, '2019-09-13 00:36:06', 133, 12, 6),
(453, 400000, '2019-09-03 00:00:00', NULL, '2019-09-13 00:36:06', 134, 15, 6),
(454, 400000, '2019-09-04 00:00:00', NULL, '2019-09-13 00:36:06', 134, 15, 6),
(455, 400000, '2019-09-05 00:00:00', NULL, '2019-09-13 00:36:06', 134, 15, 6),
(456, 400000, '2019-09-06 00:00:00', NULL, '2019-09-13 00:36:06', 134, 15, 6),
(457, 400000, '2019-09-07 00:00:00', NULL, '2019-09-13 00:36:06', 134, 15, 6),
(458, 400000, '2019-09-09 00:00:00', NULL, '2019-09-13 00:36:06', 134, 15, 6),
(459, 400000, '2019-09-10 00:00:00', NULL, '2019-09-13 00:36:06', 134, 15, 6),
(460, 400000, '2019-09-11 00:00:00', NULL, '2019-09-13 00:36:06', 134, 15, 6),
(461, 400000, '2019-09-12 00:00:00', NULL, '2019-09-13 00:36:06', 134, 15, 6),
(465, 400000, '2019-09-03 00:00:00', NULL, '2019-09-13 00:36:07', 136, 5, 6),
(466, 400000, '2019-09-04 00:00:00', NULL, '2019-09-13 00:36:07', 136, 5, 6),
(467, 400000, '2019-09-05 00:00:00', NULL, '2019-09-13 00:36:07', 136, 5, 6),
(468, 400000, '2019-09-06 00:00:00', NULL, '2019-09-13 00:36:07', 136, 5, 6),
(469, 400000, '2019-09-07 00:00:00', NULL, '2019-09-13 00:36:07', 136, 5, 6),
(470, 400000, '2019-09-09 00:00:00', NULL, '2019-09-13 00:36:07', 136, 5, 6),
(471, 400000, '2019-09-10 00:00:00', NULL, '2019-09-13 00:36:07', 136, 5, 6),
(472, 400000, '2019-09-11 00:00:00', NULL, '2019-09-13 00:36:07', 136, 5, 6),
(473, 400000, '2019-09-12 00:00:00', NULL, '2019-09-13 00:36:08', 136, 5, 6),
(474, 400000, '2019-09-04 00:00:00', NULL, '2019-09-13 00:36:08', 137, 7, 6),
(475, 400000, '2019-09-05 00:00:00', NULL, '2019-09-13 00:36:08', 137, 7, 6),
(476, 400000, '2019-09-06 00:00:00', NULL, '2019-09-13 00:36:08', 137, 7, 6),
(477, 400000, '2019-09-07 00:00:00', NULL, '2019-09-13 00:36:08', 137, 7, 6),
(478, 400000, '2019-09-09 00:00:00', NULL, '2019-09-13 00:36:08', 137, 7, 6),
(479, 400000, '2019-09-10 00:00:00', NULL, '2019-09-13 00:36:08', 137, 7, 6),
(480, 400000, '2019-09-11 00:00:00', NULL, '2019-09-13 00:36:08', 137, 7, 6),
(481, 400000, '2019-09-12 00:00:00', NULL, '2019-09-13 00:36:08', 137, 7, 6),
(482, 400000, '2019-09-04 00:00:00', NULL, '2019-09-13 00:36:08', 138, 9, 6),
(483, 400000, '2019-09-05 00:00:00', NULL, '2019-09-13 00:36:08', 138, 9, 6),
(484, 400000, '2019-09-06 00:00:00', NULL, '2019-09-13 00:36:08', 138, 9, 6),
(485, 400000, '2019-09-07 00:00:00', NULL, '2019-09-13 00:36:09', 138, 9, 6),
(486, 400000, '2019-09-09 00:00:00', NULL, '2019-09-13 00:36:09', 138, 9, 6),
(487, 400000, '2019-09-10 00:00:00', NULL, '2019-09-13 00:36:09', 138, 9, 6),
(488, 400000, '2019-09-11 00:00:00', NULL, '2019-09-13 00:36:09', 138, 9, 6),
(489, 400000, '2019-09-12 00:00:00', NULL, '2019-09-13 00:36:09', 138, 9, 6),
(490, 400000, '2019-09-04 00:00:00', NULL, '2019-09-13 00:36:09', 139, 14, 6),
(491, 400000, '2019-09-05 00:00:00', NULL, '2019-09-13 00:36:09', 139, 14, 6),
(492, 400000, '2019-09-06 00:00:00', NULL, '2019-09-13 00:36:09', 139, 14, 6),
(493, 400000, '2019-09-07 00:00:00', NULL, '2019-09-13 00:36:09', 139, 14, 6),
(494, 400000, '2019-09-09 00:00:00', NULL, '2019-09-13 00:36:09', 139, 14, 6),
(495, 400000, '2019-09-10 00:00:00', NULL, '2019-09-13 00:36:09', 139, 14, 6),
(496, 400000, '2019-09-11 00:00:00', NULL, '2019-09-13 00:36:10', 139, 14, 6),
(497, 400000, '2019-09-12 00:00:00', NULL, '2019-09-13 00:36:10', 139, 14, 6),
(498, 400000, '2019-09-03 00:00:00', NULL, '2019-09-13 00:36:10', 140, 16, 6),
(499, 400000, '2019-09-04 00:00:00', NULL, '2019-09-13 00:36:10', 140, 16, 6),
(500, 400000, '2019-09-05 00:00:00', NULL, '2019-09-13 00:36:10', 140, 16, 6),
(501, 400000, '2019-09-06 00:00:00', NULL, '2019-09-13 00:36:10', 140, 16, 6),
(502, 400000, '2019-09-07 00:00:00', NULL, '2019-09-13 00:36:10', 140, 16, 6),
(503, 400000, '2019-09-09 00:00:00', NULL, '2019-09-13 00:36:10', 140, 16, 6),
(504, 400000, '2019-09-10 00:00:00', NULL, '2019-09-13 00:36:10', 140, 16, 6),
(505, 400000, '2019-09-11 00:00:00', NULL, '2019-09-13 00:36:10', 140, 16, 6),
(506, 400000, '2019-09-12 00:00:00', NULL, '2019-09-13 00:36:10', 140, 16, 6),
(507, 400000, '2019-09-03 00:00:00', NULL, '2019-09-13 00:36:10', 141, 18, 6),
(508, 400000, '2019-09-04 00:00:00', NULL, '2019-09-13 00:36:11', 141, 18, 6),
(509, 400000, '2019-09-05 00:00:00', NULL, '2019-09-13 00:36:11', 141, 18, 6),
(510, 400000, '2019-09-06 00:00:00', NULL, '2019-09-13 00:36:11', 141, 18, 6),
(511, 400000, '2019-09-07 00:00:00', NULL, '2019-09-13 00:36:11', 141, 18, 6),
(512, 400000, '2019-09-09 00:00:00', NULL, '2019-09-13 00:36:11', 141, 18, 6),
(513, 400000, '2019-09-10 00:00:00', NULL, '2019-09-13 00:36:11', 141, 18, 6),
(514, 400000, '2019-09-11 00:00:00', NULL, '2019-09-13 00:36:11', 141, 18, 6),
(515, 400000, '2019-09-12 00:00:00', NULL, '2019-09-13 00:36:11', 141, 18, 6),
(516, 400000, '2019-09-13 00:00:00', NULL, '2019-09-14 10:21:49', 126, 23, 6),
(517, 400000, '2019-09-13 00:00:00', NULL, '2019-09-14 10:21:49', 127, 22, 6),
(518, 400000, '2019-09-13 00:00:00', NULL, '2019-09-14 10:21:49', 128, 20, 6),
(519, 400000, '2019-09-13 00:00:00', NULL, '2019-09-14 10:21:49', 129, 21, 6),
(520, 400000, '2019-09-13 00:00:00', NULL, '2019-09-14 10:21:50', 130, 17, 6),
(521, 400000, '2019-09-13 00:00:00', NULL, '2019-09-14 10:21:50', 131, 8, 6),
(522, 400000, '2019-09-13 00:00:00', NULL, '2019-09-14 10:21:50', 132, 19, 6),
(523, 400000, '2019-09-13 00:00:00', NULL, '2019-09-14 10:21:50', 133, 12, 6),
(524, 400000, '2019-09-13 00:00:00', NULL, '2019-09-14 10:21:51', 134, 15, 6),
(525, 400000, '2019-09-13 00:00:00', NULL, '2019-09-14 10:21:51', 136, 5, 6),
(526, 400000, '2019-09-13 00:00:00', NULL, '2019-09-14 10:21:51', 137, 7, 6),
(527, 400000, '2019-09-13 00:00:00', NULL, '2019-09-14 10:21:52', 138, 9, 6),
(528, 400000, '2019-09-13 00:00:00', NULL, '2019-09-14 10:21:52', 139, 14, 6),
(529, 400000, '2019-09-13 00:00:00', NULL, '2019-09-14 10:21:52', 141, 18, 6),
(530, 400000, '2019-09-14 00:00:00', NULL, '2019-09-16 23:19:36', 126, 23, 6),
(531, 400000, '2019-09-14 00:00:00', NULL, '2019-09-16 23:19:37', 127, 22, 6),
(532, 400000, '2019-09-14 00:00:00', NULL, '2019-09-16 23:19:37', 128, 20, 6),
(533, 400000, '2019-09-14 00:00:00', NULL, '2019-09-16 23:19:37', 129, 21, 6),
(534, 400000, '2019-09-14 00:00:00', NULL, '2019-09-16 23:19:37', 130, 17, 6),
(535, 400000, '2019-09-14 00:00:00', NULL, '2019-09-16 23:19:37', 131, 8, 6),
(536, 400000, '2019-09-14 00:00:00', NULL, '2019-09-16 23:19:38', 132, 19, 6),
(537, 400000, '2019-09-14 00:00:00', NULL, '2019-09-16 23:21:29', 134, 15, 6),
(538, 400000, '2019-09-14 00:00:00', NULL, '2019-09-16 23:21:30', 136, 5, 6),
(539, 400000, '2019-09-14 00:00:00', NULL, '2019-09-16 23:21:30', 137, 7, 6),
(540, 400000, '2019-09-14 00:00:00', NULL, '2019-09-16 23:21:30', 138, 9, 6),
(541, 400000, '2019-09-14 00:00:00', NULL, '2019-09-16 23:21:31', 139, 14, 6),
(542, 400000, '2019-09-14 00:00:00', NULL, '2019-09-16 23:21:31', 140, 16, 6),
(543, 400000, '2019-09-14 00:00:00', NULL, '2019-09-16 23:21:31', 141, 18, 6),
(544, 400000, '2019-09-16 00:00:00', NULL, '2019-09-18 09:05:18', 126, 23, 6),
(545, 400000, '2019-09-17 00:00:00', NULL, '2019-09-18 09:05:18', 126, 23, 6),
(546, 400000, '2019-09-16 00:00:00', NULL, '2019-09-18 09:05:18', 127, 22, 6),
(547, 400000, '2019-09-17 00:00:00', NULL, '2019-09-18 09:05:18', 127, 22, 6),
(548, 400000, '2019-09-16 00:00:00', NULL, '2019-09-18 09:05:18', 128, 20, 6),
(549, 400000, '2019-09-17 00:00:00', NULL, '2019-09-18 09:05:19', 128, 20, 6),
(550, 400000, '2019-09-16 00:00:00', NULL, '2019-09-18 09:05:19', 129, 21, 6),
(551, 400000, '2019-09-17 00:00:00', NULL, '2019-09-18 09:05:19', 129, 21, 6),
(552, 400000, '2019-09-16 00:00:00', NULL, '2019-09-18 09:05:19', 130, 17, 6),
(553, 400000, '2019-09-17 00:00:00', NULL, '2019-09-18 09:05:19', 130, 17, 6),
(554, 400000, '2019-09-16 00:00:00', NULL, '2019-09-18 09:05:20', 131, 8, 6),
(555, 400000, '2019-09-17 00:00:00', NULL, '2019-09-18 09:05:20', 131, 8, 6),
(556, 400000, '2019-09-16 00:00:00', NULL, '2019-09-18 09:05:20', 132, 19, 6),
(557, 400000, '2019-09-17 00:00:00', NULL, '2019-09-18 09:05:20', 132, 19, 6),
(558, 400000, '2019-09-16 00:00:00', NULL, '2019-09-18 09:05:20', 134, 15, 6),
(559, 400000, '2019-09-17 00:00:00', NULL, '2019-09-18 09:05:21', 134, 15, 6),
(560, 400000, '2019-09-16 00:00:00', NULL, '2019-09-18 09:05:21', 135, 1, 6),
(561, 400000, '2019-09-17 00:00:00', NULL, '2019-09-18 09:05:21', 135, 1, 6),
(562, 400000, '2019-09-16 00:00:00', NULL, '2019-09-18 09:05:21', 136, 5, 6),
(563, 400000, '2019-09-17 00:00:00', NULL, '2019-09-18 09:05:21', 136, 5, 6),
(564, 400000, '2019-09-16 00:00:00', NULL, '2019-09-18 09:05:22', 138, 9, 6),
(565, 400000, '2019-09-17 00:00:00', NULL, '2019-09-18 09:05:22', 138, 9, 6),
(566, 400000, '2019-09-16 00:00:00', NULL, '2019-09-18 09:05:22', 139, 14, 6),
(567, 400000, '2019-09-17 00:00:00', NULL, '2019-09-18 09:05:22', 139, 14, 6),
(568, 400000, '2019-09-17 00:00:00', NULL, '2019-09-18 09:05:23', 140, 16, 6),
(569, 400000, '2019-09-16 00:00:00', NULL, '2019-09-18 09:05:23', 141, 18, 6),
(570, 400000, '2019-09-17 00:00:00', NULL, '2019-09-18 09:05:23', 141, 18, 6),
(571, 400000, '2019-09-18 00:00:00', NULL, '2019-09-19 21:25:18', 126, 23, 6),
(572, 400000, '2019-09-18 00:00:00', NULL, '2019-09-19 21:25:19', 127, 22, 6),
(573, 400000, '2019-09-18 00:00:00', NULL, '2019-09-19 21:25:19', 128, 20, 6),
(574, 400000, '2019-09-18 00:00:00', NULL, '2019-09-19 21:25:19', 129, 21, 6),
(575, 400000, '2019-09-18 00:00:00', NULL, '2019-09-19 21:25:20', 130, 17, 6),
(576, 400000, '2019-09-18 00:00:00', NULL, '2019-09-19 21:25:20', 131, 8, 6),
(577, 400000, '2019-09-18 00:00:00', NULL, '2019-09-19 21:25:20', 132, 19, 6),
(578, 400000, '2019-09-18 00:00:00', NULL, '2019-09-19 21:25:21', 134, 15, 6),
(579, 400000, '2019-09-18 00:00:00', NULL, '2019-09-19 21:25:22', 135, 1, 6),
(580, 400000, '2019-09-18 00:00:00', NULL, '2019-09-19 21:25:22', 136, 5, 6),
(581, 400000, '2019-09-18 00:00:00', NULL, '2019-09-19 21:25:23', 138, 9, 6),
(582, 400000, '2019-09-18 00:00:00', NULL, '2019-09-19 21:25:23', 139, 14, 6),
(583, 400000, '2019-09-18 00:00:00', NULL, '2019-09-19 21:25:23', 140, 16, 6),
(584, 400000, '2019-09-18 00:00:00', NULL, '2019-09-19 21:25:24', 141, 18, 6),
(585, 400000, '2019-09-19 00:00:00', NULL, '2019-09-20 16:56:33', 126, 23, 6),
(586, 400000, '2019-09-19 00:00:00', NULL, '2019-09-20 16:56:33', 127, 22, 6),
(587, 400000, '2019-09-19 00:00:00', NULL, '2019-09-20 16:56:34', 128, 20, 6),
(588, 400000, '2019-09-19 00:00:00', NULL, '2019-09-20 16:56:34', 129, 21, 6),
(589, 400000, '2019-09-19 00:00:00', NULL, '2019-09-20 16:56:34', 130, 17, 6),
(590, 400000, '2019-09-19 00:00:00', NULL, '2019-09-20 16:56:35', 131, 8, 6),
(591, 400000, '2019-09-19 00:00:00', NULL, '2019-09-20 16:56:35', 132, 19, 6),
(592, 400000, '2019-09-19 00:00:00', NULL, '2019-09-20 16:56:36', 134, 15, 6),
(593, 400000, '2019-09-19 00:00:00', NULL, '2019-09-20 16:56:36', 136, 5, 6),
(594, 400000, '2019-09-19 00:00:00', NULL, '2019-09-20 16:56:37', 138, 9, 6),
(595, 400000, '2019-09-19 00:00:00', NULL, '2019-09-20 16:56:37', 139, 14, 6),
(596, 400000, '2019-09-19 00:00:00', NULL, '2019-09-20 16:56:37', 140, 16, 6),
(597, 400000, '2019-09-19 00:00:00', NULL, '2019-09-20 16:56:38', 141, 18, 6),
(598, 400000, '2019-09-20 00:00:00', NULL, '2019-09-21 23:43:43', 126, 23, 6),
(599, 400000, '2019-09-20 00:00:00', NULL, '2019-09-21 23:43:43', 127, 22, 6),
(600, 400000, '2019-09-20 00:00:00', NULL, '2019-09-21 23:43:43', 128, 20, 6),
(601, 400000, '2019-09-20 00:00:00', NULL, '2019-09-21 23:43:44', 129, 21, 6),
(602, 400000, '2019-09-20 00:00:00', NULL, '2019-09-21 23:43:44', 130, 17, 6),
(603, 400000, '2019-09-20 00:00:00', NULL, '2019-09-21 23:43:44', 131, 8, 6),
(604, 400000, '2019-09-20 00:00:00', NULL, '2019-09-21 23:43:45', 132, 19, 6),
(605, 400000, '2019-09-20 00:00:00', NULL, '2019-09-21 23:43:45', 134, 15, 6),
(606, 400000, '2019-09-20 00:00:00', NULL, '2019-09-21 23:43:46', 136, 5, 6),
(607, 400000, '2019-09-20 00:00:00', NULL, '2019-09-21 23:43:47', 138, 9, 6),
(608, 400000, '2019-09-20 00:00:00', NULL, '2019-09-21 23:43:47', 139, 14, 6),
(609, 400000, '2019-09-20 00:00:00', NULL, '2019-09-21 23:43:47', 140, 16, 6),
(610, 400000, '2019-09-20 00:00:00', NULL, '2019-09-21 23:43:48', 141, 18, 6),
(611, 400000, '2019-09-21 00:00:00', NULL, '2019-09-22 13:32:49', 126, 23, 6),
(612, 400000, '2019-09-21 00:00:00', NULL, '2019-09-22 13:32:50', 127, 22, 6),
(613, 400000, '2019-09-21 00:00:00', NULL, '2019-09-22 13:32:50', 128, 20, 6),
(614, 400000, '2019-09-21 00:00:00', NULL, '2019-09-22 13:32:50', 129, 21, 6),
(615, 400000, '2019-09-21 00:00:00', NULL, '2019-09-22 13:32:51', 130, 17, 6),
(616, 400000, '2019-09-21 00:00:00', NULL, '2019-09-22 13:32:51', 131, 8, 6),
(617, 400000, '2019-09-21 00:00:00', NULL, '2019-09-22 13:32:52', 132, 19, 6),
(618, 400000, '2019-09-21 00:00:00', NULL, '2019-09-22 13:32:52', 134, 15, 6),
(619, 400000, '2019-09-21 00:00:00', NULL, '2019-09-22 13:32:53', 136, 5, 6),
(620, 400000, '2019-09-21 00:00:00', NULL, '2019-09-22 13:32:54', 138, 9, 6),
(621, 400000, '2019-09-21 00:00:00', NULL, '2019-09-22 13:32:54', 139, 14, 6),
(622, 400000, '2019-09-21 00:00:00', NULL, '2019-09-22 13:32:55', 140, 16, 6),
(623, 400000, '2019-09-21 00:00:00', NULL, '2019-09-22 13:32:55', 141, 18, 6),
(624, 200000, '2019-09-16 23:21:00', NULL, '2019-09-22 13:33:16', 140, 1, 1),
(625, 400000, '2019-09-23 00:00:00', NULL, '2019-09-26 23:20:42', 126, 23, 6),
(626, 400000, '2019-09-24 00:00:00', NULL, '2019-09-26 23:20:42', 126, 23, 6),
(627, 400000, '2019-09-25 00:00:00', NULL, '2019-09-26 23:20:43', 126, 23, 6),
(628, 400000, '2019-09-23 00:00:00', NULL, '2019-09-26 23:20:43', 127, 22, 6),
(629, 400000, '2019-09-24 00:00:00', NULL, '2019-09-26 23:20:43', 127, 22, 6),
(630, 400000, '2019-09-25 00:00:00', NULL, '2019-09-26 23:20:43', 127, 22, 6),
(631, 400000, '2019-09-23 00:00:00', NULL, '2019-09-26 23:20:43', 128, 20, 6),
(632, 400000, '2019-09-24 00:00:00', NULL, '2019-09-26 23:20:44', 128, 20, 6),
(633, 400000, '2019-09-25 00:00:00', NULL, '2019-09-26 23:20:44', 128, 20, 6),
(634, 400000, '2019-09-23 00:00:00', NULL, '2019-09-26 23:20:44', 129, 21, 6),
(635, 400000, '2019-09-24 00:00:00', NULL, '2019-09-26 23:20:44', 129, 21, 6),
(636, 400000, '2019-09-25 00:00:00', NULL, '2019-09-26 23:20:44', 129, 21, 6),
(637, 400000, '2019-09-23 00:00:00', NULL, '2019-09-26 23:20:44', 130, 17, 6),
(638, 400000, '2019-09-24 00:00:00', NULL, '2019-09-26 23:20:45', 130, 17, 6),
(639, 400000, '2019-09-25 00:00:00', NULL, '2019-09-26 23:20:45', 130, 17, 6),
(640, 400000, '2019-09-23 00:00:00', NULL, '2019-09-26 23:20:45', 131, 8, 6),
(641, 400000, '2019-09-24 00:00:00', NULL, '2019-09-26 23:20:45', 131, 8, 6),
(642, 400000, '2019-09-25 00:00:00', NULL, '2019-09-26 23:20:46', 131, 8, 6),
(643, 400000, '2019-09-23 00:00:00', NULL, '2019-09-26 23:20:46', 132, 19, 6),
(644, 400000, '2019-09-24 00:00:00', NULL, '2019-09-26 23:20:46', 132, 19, 6),
(645, 400000, '2019-09-25 00:00:00', NULL, '2019-09-26 23:20:46', 132, 19, 6),
(646, 400000, '2019-09-23 00:00:00', NULL, '2019-09-26 23:20:47', 134, 15, 6),
(647, 400000, '2019-09-24 00:00:00', NULL, '2019-09-26 23:20:47', 134, 15, 6),
(648, 400000, '2019-09-25 00:00:00', NULL, '2019-09-26 23:20:47', 134, 15, 6),
(649, 400000, '2019-09-23 00:00:00', NULL, '2019-09-26 23:20:48', 135, 1, 6),
(650, 400000, '2019-09-24 00:00:00', NULL, '2019-09-26 23:20:48', 135, 1, 6),
(651, 400000, '2019-09-25 00:00:00', NULL, '2019-09-26 23:20:48', 135, 1, 6),
(652, 400000, '2019-09-23 00:00:00', NULL, '2019-09-26 23:20:48', 136, 5, 6),
(653, 400000, '2019-09-24 00:00:00', NULL, '2019-09-26 23:20:48', 136, 5, 6),
(654, 400000, '2019-09-25 00:00:00', NULL, '2019-09-26 23:20:49', 136, 5, 6),
(655, 400000, '2019-09-23 00:00:00', NULL, '2019-09-26 23:20:49', 138, 9, 6),
(656, 400000, '2019-09-24 00:00:00', NULL, '2019-09-26 23:20:49', 138, 9, 6),
(657, 400000, '2019-09-25 00:00:00', NULL, '2019-09-26 23:20:50', 138, 9, 6),
(658, 400000, '2019-09-23 00:00:00', NULL, '2019-09-26 23:20:50', 139, 14, 6),
(659, 400000, '2019-09-24 00:00:00', NULL, '2019-09-26 23:20:50', 139, 14, 6),
(660, 400000, '2019-09-25 00:00:00', NULL, '2019-09-26 23:20:50', 139, 14, 6),
(661, 400000, '2019-09-23 00:00:00', NULL, '2019-09-26 23:20:50', 140, 16, 6),
(662, 400000, '2019-09-24 00:00:00', NULL, '2019-09-26 23:20:51', 140, 16, 6),
(663, 400000, '2019-09-25 00:00:00', NULL, '2019-09-26 23:20:51', 140, 16, 6);
INSERT INTO `qc_minus_money` (`minus_id`, `money`, `dateMinus`, `reason`, `created_at`, `work_id`, `staff_id`, `punish_id`) VALUES
(664, 400000, '2019-09-23 00:00:00', NULL, '2019-09-26 23:20:51', 141, 18, 6),
(665, 400000, '2019-09-24 00:00:00', NULL, '2019-09-26 23:20:51', 141, 18, 6),
(666, 400000, '2019-09-25 00:00:00', NULL, '2019-09-26 23:20:51', 141, 18, 6),
(667, 400000, '2019-10-01 00:00:00', NULL, '2019-10-02 11:51:17', 142, 18, 6),
(668, 400000, '2019-10-01 00:00:00', NULL, '2019-10-02 11:51:18', 143, 16, 6),
(669, 400000, '2019-10-01 00:00:00', NULL, '2019-10-02 11:51:18', 144, 14, 6),
(670, 400000, '2019-10-01 00:00:00', NULL, '2019-10-02 11:51:18', 145, 9, 6),
(671, 400000, '2019-10-01 00:00:00', NULL, '2019-10-02 11:51:18', 147, 5, 6),
(672, 400000, '2019-10-01 00:00:00', NULL, '2019-10-02 11:51:18', 148, 1, 6),
(673, 400000, '2019-10-02 00:00:00', NULL, '2019-10-17 12:09:27', 142, 18, 6),
(674, 400000, '2019-10-03 00:00:00', NULL, '2019-10-17 12:09:27', 142, 18, 6),
(675, 400000, '2019-10-04 00:00:00', NULL, '2019-10-17 12:09:27', 142, 18, 6),
(676, 400000, '2019-10-05 00:00:00', NULL, '2019-10-17 12:09:27', 142, 18, 6),
(677, 400000, '2019-10-07 00:00:00', NULL, '2019-10-17 12:09:27', 142, 18, 6),
(678, 400000, '2019-10-08 00:00:00', NULL, '2019-10-17 12:09:27', 142, 18, 6),
(679, 400000, '2019-10-09 00:00:00', NULL, '2019-10-17 12:09:27', 142, 18, 6),
(680, 400000, '2019-10-10 00:00:00', NULL, '2019-10-17 12:09:27', 142, 18, 6),
(681, 400000, '2019-10-11 00:00:00', NULL, '2019-10-17 12:09:28', 142, 18, 6),
(682, 400000, '2019-10-12 00:00:00', NULL, '2019-10-17 12:09:28', 142, 18, 6),
(683, 400000, '2019-10-14 00:00:00', NULL, '2019-10-17 12:09:28', 142, 18, 6),
(684, 400000, '2019-10-15 00:00:00', NULL, '2019-10-17 12:09:28', 142, 18, 6),
(685, 400000, '2019-10-16 00:00:00', NULL, '2019-10-17 12:09:28', 142, 18, 6),
(686, 400000, '2019-10-02 00:00:00', NULL, '2019-10-17 12:09:28', 143, 16, 6),
(687, 400000, '2019-10-03 00:00:00', NULL, '2019-10-17 12:09:28', 143, 16, 6),
(688, 400000, '2019-10-04 00:00:00', NULL, '2019-10-17 12:09:28', 143, 16, 6),
(689, 400000, '2019-10-05 00:00:00', NULL, '2019-10-17 12:09:28', 143, 16, 6),
(690, 400000, '2019-10-07 00:00:00', NULL, '2019-10-17 12:09:28', 143, 16, 6),
(691, 400000, '2019-10-08 00:00:00', NULL, '2019-10-17 12:09:28', 143, 16, 6),
(692, 400000, '2019-10-09 00:00:00', NULL, '2019-10-17 12:09:29', 143, 16, 6),
(693, 400000, '2019-10-10 00:00:00', NULL, '2019-10-17 12:09:29', 143, 16, 6),
(694, 400000, '2019-10-11 00:00:00', NULL, '2019-10-17 12:09:29', 143, 16, 6),
(695, 400000, '2019-10-12 00:00:00', NULL, '2019-10-17 12:09:29', 143, 16, 6),
(696, 400000, '2019-10-14 00:00:00', NULL, '2019-10-17 12:09:29', 143, 16, 6),
(697, 400000, '2019-10-15 00:00:00', NULL, '2019-10-17 12:09:29', 143, 16, 6),
(698, 400000, '2019-10-16 00:00:00', NULL, '2019-10-17 12:09:29', 143, 16, 6),
(699, 400000, '2019-10-02 00:00:00', NULL, '2019-10-17 12:09:29', 144, 14, 6),
(700, 400000, '2019-10-03 00:00:00', NULL, '2019-10-17 12:09:29', 144, 14, 6),
(701, 400000, '2019-10-04 00:00:00', NULL, '2019-10-17 12:09:30', 144, 14, 6),
(702, 400000, '2019-10-05 00:00:00', NULL, '2019-10-17 12:09:30', 144, 14, 6),
(703, 400000, '2019-10-07 00:00:00', NULL, '2019-10-17 12:09:30', 144, 14, 6),
(704, 400000, '2019-10-08 00:00:00', NULL, '2019-10-17 12:09:30', 144, 14, 6),
(705, 400000, '2019-10-09 00:00:00', NULL, '2019-10-17 12:09:30', 144, 14, 6),
(706, 400000, '2019-10-10 00:00:00', NULL, '2019-10-17 12:09:30', 144, 14, 6),
(707, 400000, '2019-10-11 00:00:00', NULL, '2019-10-17 12:09:30', 144, 14, 6),
(708, 400000, '2019-10-12 00:00:00', NULL, '2019-10-17 12:09:30', 144, 14, 6),
(709, 400000, '2019-10-14 00:00:00', NULL, '2019-10-17 12:09:30', 144, 14, 6),
(710, 400000, '2019-10-15 00:00:00', NULL, '2019-10-17 12:09:30', 144, 14, 6),
(711, 400000, '2019-10-16 00:00:00', NULL, '2019-10-17 12:09:30', 144, 14, 6),
(712, 400000, '2019-10-02 00:00:00', NULL, '2019-10-17 12:09:31', 145, 9, 6),
(713, 400000, '2019-10-03 00:00:00', NULL, '2019-10-17 12:09:31', 145, 9, 6),
(714, 400000, '2019-10-04 00:00:00', NULL, '2019-10-17 12:09:31', 145, 9, 6),
(715, 400000, '2019-10-05 00:00:00', NULL, '2019-10-17 12:09:31', 145, 9, 6),
(716, 400000, '2019-10-07 00:00:00', NULL, '2019-10-17 12:09:31', 145, 9, 6),
(717, 400000, '2019-10-08 00:00:00', NULL, '2019-10-17 12:09:31', 145, 9, 6),
(718, 400000, '2019-10-09 00:00:00', NULL, '2019-10-17 12:09:31', 145, 9, 6),
(719, 400000, '2019-10-10 00:00:00', NULL, '2019-10-17 12:09:31', 145, 9, 6),
(720, 400000, '2019-10-11 00:00:00', NULL, '2019-10-17 12:09:31', 145, 9, 6),
(721, 400000, '2019-10-12 00:00:00', NULL, '2019-10-17 12:09:31', 145, 9, 6),
(722, 400000, '2019-10-14 00:00:00', NULL, '2019-10-17 12:09:31', 145, 9, 6),
(723, 400000, '2019-10-15 00:00:00', NULL, '2019-10-17 12:09:31', 145, 9, 6),
(724, 400000, '2019-10-16 00:00:00', NULL, '2019-10-17 12:09:32', 145, 9, 6),
(725, 400000, '2019-10-02 00:00:00', NULL, '2019-10-17 12:09:33', 147, 5, 6),
(726, 400000, '2019-10-03 00:00:00', NULL, '2019-10-17 12:09:33', 147, 5, 6),
(727, 400000, '2019-10-04 00:00:00', NULL, '2019-10-17 12:09:33', 147, 5, 6),
(728, 400000, '2019-10-05 00:00:00', NULL, '2019-10-17 12:09:33', 147, 5, 6),
(729, 400000, '2019-10-07 00:00:00', NULL, '2019-10-17 12:09:33', 147, 5, 6),
(730, 400000, '2019-10-08 00:00:00', NULL, '2019-10-17 12:09:33', 147, 5, 6),
(731, 400000, '2019-10-09 00:00:00', NULL, '2019-10-17 12:09:33', 147, 5, 6),
(732, 400000, '2019-10-10 00:00:00', NULL, '2019-10-17 12:09:33', 147, 5, 6),
(733, 400000, '2019-10-11 00:00:00', NULL, '2019-10-17 12:09:33', 147, 5, 6),
(734, 400000, '2019-10-12 00:00:00', NULL, '2019-10-17 12:09:33', 147, 5, 6),
(735, 400000, '2019-10-14 00:00:00', NULL, '2019-10-17 12:09:34', 147, 5, 6),
(736, 400000, '2019-10-15 00:00:00', NULL, '2019-10-17 12:09:34', 147, 5, 6),
(737, 400000, '2019-10-16 00:00:00', NULL, '2019-10-17 12:09:34', 147, 5, 6),
(738, 400000, '2019-10-03 00:00:00', NULL, '2019-10-17 12:09:34', 148, 1, 6),
(739, 400000, '2019-10-04 00:00:00', NULL, '2019-10-17 12:09:34', 148, 1, 6),
(740, 400000, '2019-10-05 00:00:00', NULL, '2019-10-17 12:09:34', 148, 1, 6),
(741, 400000, '2019-10-07 00:00:00', NULL, '2019-10-17 12:09:34', 148, 1, 6),
(742, 400000, '2019-10-08 00:00:00', NULL, '2019-10-17 12:09:34', 148, 1, 6),
(743, 400000, '2019-10-09 00:00:00', NULL, '2019-10-17 12:09:34', 148, 1, 6),
(744, 400000, '2019-10-10 00:00:00', NULL, '2019-10-17 12:09:34', 148, 1, 6),
(745, 400000, '2019-10-11 00:00:00', NULL, '2019-10-17 12:09:35', 148, 1, 6),
(746, 400000, '2019-10-12 00:00:00', NULL, '2019-10-17 12:09:35', 148, 1, 6),
(747, 400000, '2019-10-14 00:00:00', NULL, '2019-10-17 12:09:35', 148, 1, 6),
(748, 400000, '2019-10-15 00:00:00', NULL, '2019-10-17 12:09:35', 148, 1, 6),
(749, 400000, '2019-10-16 00:00:00', NULL, '2019-10-17 12:09:35', 148, 1, 6),
(750, 400000, '2019-10-17 00:00:00', NULL, '2019-10-31 22:20:14', 142, 18, 6),
(751, 400000, '2019-10-18 00:00:00', NULL, '2019-10-31 22:20:15', 142, 18, 6),
(752, 400000, '2019-10-19 00:00:00', NULL, '2019-10-31 22:20:15', 142, 18, 6),
(753, 400000, '2019-10-21 00:00:00', NULL, '2019-10-31 22:20:15', 142, 18, 6),
(754, 400000, '2019-10-22 00:00:00', NULL, '2019-10-31 22:20:15', 142, 18, 6),
(755, 400000, '2019-10-23 00:00:00', NULL, '2019-10-31 22:20:15', 142, 18, 6),
(756, 400000, '2019-10-24 00:00:00', NULL, '2019-10-31 22:20:15', 142, 18, 6),
(757, 400000, '2019-10-25 00:00:00', NULL, '2019-10-31 22:20:15', 142, 18, 6),
(758, 400000, '2019-10-26 00:00:00', NULL, '2019-10-31 22:20:15', 142, 18, 6),
(759, 400000, '2019-10-28 00:00:00', NULL, '2019-10-31 22:20:15', 142, 18, 6),
(760, 400000, '2019-10-29 00:00:00', NULL, '2019-10-31 22:20:16', 142, 18, 6),
(761, 400000, '2019-10-30 00:00:00', NULL, '2019-10-31 22:20:16', 142, 18, 6),
(762, 400000, '2019-10-17 00:00:00', NULL, '2019-10-31 22:20:16', 143, 16, 6),
(763, 400000, '2019-10-18 00:00:00', NULL, '2019-10-31 22:20:16', 143, 16, 6),
(764, 400000, '2019-10-19 00:00:00', NULL, '2019-10-31 22:20:16', 143, 16, 6),
(765, 400000, '2019-10-21 00:00:00', NULL, '2019-10-31 22:20:17', 143, 16, 6),
(766, 400000, '2019-10-22 00:00:00', NULL, '2019-10-31 22:20:17', 143, 16, 6),
(767, 400000, '2019-10-23 00:00:00', NULL, '2019-10-31 22:20:17', 143, 16, 6),
(768, 400000, '2019-10-24 00:00:00', NULL, '2019-10-31 22:20:17', 143, 16, 6),
(769, 400000, '2019-10-25 00:00:00', NULL, '2019-10-31 22:20:17', 143, 16, 6),
(770, 400000, '2019-10-26 00:00:00', NULL, '2019-10-31 22:20:17', 143, 16, 6),
(771, 400000, '2019-10-28 00:00:00', NULL, '2019-10-31 22:20:17', 143, 16, 6),
(772, 400000, '2019-10-29 00:00:00', NULL, '2019-10-31 22:20:17', 143, 16, 6),
(773, 400000, '2019-10-30 00:00:00', NULL, '2019-10-31 22:20:18', 143, 16, 6),
(774, 400000, '2019-10-17 00:00:00', NULL, '2019-10-31 22:20:18', 144, 14, 6),
(775, 400000, '2019-10-18 00:00:00', NULL, '2019-10-31 22:20:18', 144, 14, 6),
(776, 400000, '2019-10-19 00:00:00', NULL, '2019-10-31 22:20:18', 144, 14, 6),
(777, 400000, '2019-10-21 00:00:00', NULL, '2019-10-31 22:20:18', 144, 14, 6),
(778, 400000, '2019-10-22 00:00:00', NULL, '2019-10-31 22:20:18', 144, 14, 6),
(779, 400000, '2019-10-23 00:00:00', NULL, '2019-10-31 22:20:18', 144, 14, 6),
(780, 400000, '2019-10-24 00:00:00', NULL, '2019-10-31 22:20:18', 144, 14, 6),
(781, 400000, '2019-10-25 00:00:00', NULL, '2019-10-31 22:20:19', 144, 14, 6),
(782, 400000, '2019-10-26 00:00:00', NULL, '2019-10-31 22:20:19', 144, 14, 6),
(783, 400000, '2019-10-28 00:00:00', NULL, '2019-10-31 22:20:19', 144, 14, 6),
(784, 400000, '2019-10-29 00:00:00', NULL, '2019-10-31 22:20:19', 144, 14, 6),
(785, 400000, '2019-10-30 00:00:00', NULL, '2019-10-31 22:20:19', 144, 14, 6),
(786, 400000, '2019-10-17 00:00:00', NULL, '2019-10-31 22:20:19', 145, 9, 6),
(787, 400000, '2019-10-18 00:00:00', NULL, '2019-10-31 22:20:19', 145, 9, 6),
(788, 400000, '2019-10-19 00:00:00', NULL, '2019-10-31 22:20:19', 145, 9, 6),
(789, 400000, '2019-10-21 00:00:00', NULL, '2019-10-31 22:20:19', 145, 9, 6),
(790, 400000, '2019-10-22 00:00:00', NULL, '2019-10-31 22:20:20', 145, 9, 6),
(791, 400000, '2019-10-23 00:00:00', NULL, '2019-10-31 22:20:20', 145, 9, 6),
(792, 400000, '2019-10-24 00:00:00', NULL, '2019-10-31 22:20:20', 145, 9, 6),
(793, 400000, '2019-10-25 00:00:00', NULL, '2019-10-31 22:20:20', 145, 9, 6),
(794, 400000, '2019-10-26 00:00:00', NULL, '2019-10-31 22:20:20', 145, 9, 6),
(795, 400000, '2019-10-28 00:00:00', NULL, '2019-10-31 22:20:20', 145, 9, 6),
(796, 400000, '2019-10-29 00:00:00', NULL, '2019-10-31 22:20:20', 145, 9, 6),
(797, 400000, '2019-10-30 00:00:00', NULL, '2019-10-31 22:20:20', 145, 9, 6),
(798, 400000, '2019-10-17 00:00:00', NULL, '2019-10-31 22:20:21', 147, 5, 6),
(799, 400000, '2019-10-18 00:00:00', NULL, '2019-10-31 22:20:21', 147, 5, 6),
(800, 400000, '2019-10-19 00:00:00', NULL, '2019-10-31 22:20:21', 147, 5, 6),
(801, 400000, '2019-10-21 00:00:00', NULL, '2019-10-31 22:20:21', 147, 5, 6),
(802, 400000, '2019-10-22 00:00:00', NULL, '2019-10-31 22:20:22', 147, 5, 6),
(803, 400000, '2019-10-23 00:00:00', NULL, '2019-10-31 22:20:22', 147, 5, 6),
(804, 400000, '2019-10-24 00:00:00', NULL, '2019-10-31 22:20:22', 147, 5, 6),
(805, 400000, '2019-10-25 00:00:00', NULL, '2019-10-31 22:20:22', 147, 5, 6),
(806, 400000, '2019-10-26 00:00:00', NULL, '2019-10-31 22:20:22', 147, 5, 6),
(807, 400000, '2019-10-28 00:00:00', NULL, '2019-10-31 22:20:22', 147, 5, 6),
(808, 400000, '2019-10-29 00:00:00', NULL, '2019-10-31 22:20:22', 147, 5, 6),
(809, 400000, '2019-10-30 00:00:00', NULL, '2019-10-31 22:20:22', 147, 5, 6),
(810, 400000, '2019-10-18 00:00:00', NULL, '2019-10-31 22:20:22', 148, 1, 6),
(811, 400000, '2019-10-19 00:00:00', NULL, '2019-10-31 22:20:23', 148, 1, 6),
(812, 400000, '2019-10-21 00:00:00', NULL, '2019-10-31 22:20:23', 148, 1, 6),
(813, 400000, '2019-10-22 00:00:00', NULL, '2019-10-31 22:20:23', 148, 1, 6),
(814, 400000, '2019-10-23 00:00:00', NULL, '2019-10-31 22:20:23', 148, 1, 6),
(815, 400000, '2019-10-24 00:00:00', NULL, '2019-10-31 22:20:23', 148, 1, 6),
(816, 400000, '2019-10-25 00:00:00', NULL, '2019-10-31 22:20:23', 148, 1, 6),
(817, 400000, '2019-10-26 00:00:00', NULL, '2019-10-31 22:20:23', 148, 1, 6),
(818, 400000, '2019-10-28 00:00:00', NULL, '2019-10-31 22:20:23', 148, 1, 6),
(819, 400000, '2019-10-29 00:00:00', NULL, '2019-10-31 22:20:23', 148, 1, 6),
(820, 400000, '2019-10-30 00:00:00', NULL, '2019-10-31 22:20:23', 148, 1, 6),
(821, 400000, '2019-11-01 00:00:00', NULL, '2019-11-18 10:26:06', 151, 1, 6),
(822, 400000, '2019-11-02 00:00:00', NULL, '2019-11-18 10:26:06', 151, 1, 6),
(823, 400000, '2019-11-04 00:00:00', NULL, '2019-11-18 10:26:06', 151, 1, 6),
(824, 400000, '2019-11-05 00:00:00', NULL, '2019-11-18 10:26:06', 151, 1, 6),
(825, 400000, '2019-11-06 00:00:00', NULL, '2019-11-18 10:26:06', 151, 1, 6),
(826, 400000, '2019-11-07 00:00:00', NULL, '2019-11-18 10:26:07', 151, 1, 6),
(827, 400000, '2019-11-08 00:00:00', NULL, '2019-11-18 10:26:07', 151, 1, 6),
(828, 400000, '2019-11-09 00:00:00', NULL, '2019-11-18 10:26:07', 151, 1, 6),
(829, 400000, '2019-11-11 00:00:00', NULL, '2019-11-18 10:26:07', 151, 1, 6),
(830, 400000, '2019-11-12 00:00:00', NULL, '2019-11-18 10:26:07', 151, 1, 6),
(831, 400000, '2019-11-13 00:00:00', NULL, '2019-11-18 10:26:07', 151, 1, 6),
(832, 400000, '2019-11-14 00:00:00', NULL, '2019-11-18 10:26:07', 151, 1, 6),
(833, 400000, '2019-11-15 00:00:00', NULL, '2019-11-18 10:26:07', 151, 1, 6),
(834, 400000, '2019-11-16 00:00:00', NULL, '2019-11-18 10:26:07', 151, 1, 6),
(835, 400000, '2019-11-01 00:00:00', NULL, '2019-11-18 10:26:07', 152, 5, 6),
(836, 400000, '2019-11-02 00:00:00', NULL, '2019-11-18 10:26:07', 152, 5, 6),
(837, 400000, '2019-11-04 00:00:00', NULL, '2019-11-18 10:26:08', 152, 5, 6),
(838, 400000, '2019-11-05 00:00:00', NULL, '2019-11-18 10:26:08', 152, 5, 6),
(839, 400000, '2019-11-06 00:00:00', NULL, '2019-11-18 10:26:08', 152, 5, 6),
(840, 400000, '2019-11-07 00:00:00', NULL, '2019-11-18 10:26:08', 152, 5, 6),
(841, 400000, '2019-11-08 00:00:00', NULL, '2019-11-18 10:26:08', 152, 5, 6),
(842, 400000, '2019-11-09 00:00:00', NULL, '2019-11-18 10:26:08', 152, 5, 6),
(843, 400000, '2019-11-11 00:00:00', NULL, '2019-11-18 10:26:08', 152, 5, 6),
(844, 400000, '2019-11-12 00:00:00', NULL, '2019-11-18 10:26:08', 152, 5, 6),
(845, 400000, '2019-11-13 00:00:00', NULL, '2019-11-18 10:26:08', 152, 5, 6),
(846, 400000, '2019-11-14 00:00:00', NULL, '2019-11-18 10:26:08', 152, 5, 6),
(847, 400000, '2019-11-15 00:00:00', NULL, '2019-11-18 10:26:09', 152, 5, 6),
(848, 400000, '2019-11-16 00:00:00', NULL, '2019-11-18 10:26:09', 152, 5, 6),
(849, 400000, '2019-11-01 00:00:00', NULL, '2019-11-18 10:26:09', 154, 9, 6),
(850, 400000, '2019-11-02 00:00:00', NULL, '2019-11-18 10:26:10', 154, 9, 6),
(851, 400000, '2019-11-04 00:00:00', NULL, '2019-11-18 10:26:10', 154, 9, 6),
(852, 400000, '2019-11-05 00:00:00', NULL, '2019-11-18 10:26:10', 154, 9, 6),
(853, 400000, '2019-11-06 00:00:00', NULL, '2019-11-18 10:26:10', 154, 9, 6),
(854, 400000, '2019-11-07 00:00:00', NULL, '2019-11-18 10:26:10', 154, 9, 6),
(855, 400000, '2019-11-08 00:00:00', NULL, '2019-11-18 10:26:10', 154, 9, 6),
(856, 400000, '2019-11-09 00:00:00', NULL, '2019-11-18 10:26:10', 154, 9, 6),
(857, 400000, '2019-11-11 00:00:00', NULL, '2019-11-18 10:26:10', 154, 9, 6),
(858, 400000, '2019-11-12 00:00:00', NULL, '2019-11-18 10:26:10', 154, 9, 6),
(859, 400000, '2019-11-13 00:00:00', NULL, '2019-11-18 10:26:10', 154, 9, 6),
(860, 400000, '2019-11-14 00:00:00', NULL, '2019-11-18 10:26:10', 154, 9, 6),
(861, 400000, '2019-11-15 00:00:00', NULL, '2019-11-18 10:26:10', 154, 9, 6),
(862, 400000, '2019-11-16 00:00:00', NULL, '2019-11-18 10:26:11', 154, 9, 6),
(863, 400000, '2019-11-01 00:00:00', NULL, '2019-11-18 10:26:11', 155, 14, 6),
(864, 400000, '2019-11-02 00:00:00', NULL, '2019-11-18 10:26:11', 155, 14, 6),
(865, 400000, '2019-11-04 00:00:00', NULL, '2019-11-18 10:26:11', 155, 14, 6),
(866, 400000, '2019-11-05 00:00:00', NULL, '2019-11-18 10:26:11', 155, 14, 6),
(867, 400000, '2019-11-06 00:00:00', NULL, '2019-11-18 10:26:11', 155, 14, 6),
(868, 400000, '2019-11-07 00:00:00', NULL, '2019-11-18 10:26:11', 155, 14, 6),
(869, 400000, '2019-11-08 00:00:00', NULL, '2019-11-18 10:26:11', 155, 14, 6),
(870, 400000, '2019-11-09 00:00:00', NULL, '2019-11-18 10:26:11', 155, 14, 6),
(871, 400000, '2019-11-11 00:00:00', NULL, '2019-11-18 10:26:12', 155, 14, 6),
(872, 400000, '2019-11-12 00:00:00', NULL, '2019-11-18 10:26:12', 155, 14, 6),
(873, 400000, '2019-11-13 00:00:00', NULL, '2019-11-18 10:26:12', 155, 14, 6),
(874, 400000, '2019-11-14 00:00:00', NULL, '2019-11-18 10:26:12', 155, 14, 6),
(875, 400000, '2019-11-15 00:00:00', NULL, '2019-11-18 10:26:12', 155, 14, 6),
(876, 400000, '2019-11-16 00:00:00', NULL, '2019-11-18 10:26:12', 155, 14, 6),
(877, 400000, '2019-11-01 00:00:00', NULL, '2019-11-18 10:26:12', 156, 16, 6),
(878, 400000, '2019-11-02 00:00:00', NULL, '2019-11-18 10:26:12', 156, 16, 6),
(879, 400000, '2019-11-04 00:00:00', NULL, '2019-11-18 10:26:12', 156, 16, 6),
(880, 400000, '2019-11-05 00:00:00', NULL, '2019-11-18 10:26:12', 156, 16, 6),
(881, 400000, '2019-11-06 00:00:00', NULL, '2019-11-18 10:26:12', 156, 16, 6),
(882, 400000, '2019-11-07 00:00:00', NULL, '2019-11-18 10:26:12', 156, 16, 6),
(883, 400000, '2019-11-08 00:00:00', NULL, '2019-11-18 10:26:12', 156, 16, 6),
(884, 400000, '2019-11-09 00:00:00', NULL, '2019-11-18 10:26:13', 156, 16, 6),
(885, 400000, '2019-11-11 00:00:00', NULL, '2019-11-18 10:26:13', 156, 16, 6),
(886, 400000, '2019-11-12 00:00:00', NULL, '2019-11-18 10:26:13', 156, 16, 6),
(887, 400000, '2019-11-13 00:00:00', NULL, '2019-11-18 10:26:13', 156, 16, 6),
(888, 400000, '2019-11-14 00:00:00', NULL, '2019-11-18 10:26:13', 156, 16, 6),
(889, 400000, '2019-11-15 00:00:00', NULL, '2019-11-18 10:26:13', 156, 16, 6),
(890, 400000, '2019-11-16 00:00:00', NULL, '2019-11-18 10:26:13', 156, 16, 6),
(891, 400000, '2019-11-01 00:00:00', NULL, '2019-11-18 10:26:13', 157, 18, 6),
(892, 400000, '2019-11-02 00:00:00', NULL, '2019-11-18 10:26:13', 157, 18, 6),
(893, 400000, '2019-11-04 00:00:00', NULL, '2019-11-18 10:26:14', 157, 18, 6),
(894, 400000, '2019-11-05 00:00:00', NULL, '2019-11-18 10:26:14', 157, 18, 6),
(895, 400000, '2019-11-06 00:00:00', NULL, '2019-11-18 10:26:14', 157, 18, 6),
(896, 400000, '2019-11-07 00:00:00', NULL, '2019-11-18 10:26:14', 157, 18, 6),
(897, 400000, '2019-11-08 00:00:00', NULL, '2019-11-18 10:26:14', 157, 18, 6),
(898, 400000, '2019-11-09 00:00:00', NULL, '2019-11-18 10:26:14', 157, 18, 6),
(899, 400000, '2019-11-11 00:00:00', NULL, '2019-11-18 10:26:14', 157, 18, 6),
(900, 400000, '2019-11-12 00:00:00', NULL, '2019-11-18 10:26:14', 157, 18, 6),
(901, 400000, '2019-11-13 00:00:00', NULL, '2019-11-18 10:26:14', 157, 18, 6),
(902, 400000, '2019-11-14 00:00:00', NULL, '2019-11-18 10:26:14', 157, 18, 6),
(903, 400000, '2019-11-15 00:00:00', NULL, '2019-11-18 10:26:14', 157, 18, 6),
(904, 400000, '2019-11-16 00:00:00', NULL, '2019-11-18 10:26:14', 157, 18, 6),
(905, 400000, '2019-11-18 00:00:00', NULL, '2019-11-19 18:31:53', 152, 5, 6),
(906, 400000, '2019-11-18 00:00:00', NULL, '2019-11-19 18:31:54', 154, 9, 6),
(907, 400000, '2019-11-18 00:00:00', NULL, '2019-11-19 18:31:54', 155, 14, 6),
(908, 400000, '2019-11-18 00:00:00', NULL, '2019-11-19 18:31:55', 156, 16, 6),
(909, 400000, '2019-11-18 00:00:00', NULL, '2019-11-19 18:31:55', 157, 18, 6),
(910, 200000, '2019-11-11 00:00:00', 'fsdfsdf', '2019-11-20 02:04:22', 151, 1, 3),
(911, 400000, '2019-11-19 00:00:00', NULL, '2019-11-22 16:17:17', 152, 5, 6),
(912, 400000, '2019-11-20 00:00:00', NULL, '2019-11-22 16:17:17', 152, 5, 6),
(913, 400000, '2019-11-21 00:00:00', NULL, '2019-11-22 16:17:17', 152, 5, 6),
(914, 400000, '2019-11-19 00:00:00', NULL, '2019-11-22 16:17:18', 154, 9, 6),
(915, 400000, '2019-11-20 00:00:00', NULL, '2019-11-22 16:17:18', 154, 9, 6),
(916, 400000, '2019-11-21 00:00:00', NULL, '2019-11-22 16:17:18', 154, 9, 6),
(917, 400000, '2019-11-19 00:00:00', NULL, '2019-11-22 16:17:19', 155, 14, 6),
(918, 400000, '2019-11-20 00:00:00', NULL, '2019-11-22 16:17:19', 155, 14, 6),
(919, 400000, '2019-11-21 00:00:00', NULL, '2019-11-22 16:17:19', 155, 14, 6),
(920, 400000, '2019-11-19 00:00:00', NULL, '2019-11-22 16:17:19', 156, 16, 6),
(921, 400000, '2019-11-20 00:00:00', NULL, '2019-11-22 16:17:19', 156, 16, 6),
(922, 400000, '2019-11-21 00:00:00', NULL, '2019-11-22 16:17:19', 156, 16, 6),
(923, 400000, '2019-11-19 00:00:00', NULL, '2019-11-22 16:17:20', 157, 18, 6),
(924, 400000, '2019-11-20 00:00:00', NULL, '2019-11-22 16:17:20', 157, 18, 6),
(925, 400000, '2019-11-21 00:00:00', NULL, '2019-11-22 16:17:20', 157, 18, 6),
(926, 400000, '2019-11-22 00:00:00', NULL, '2019-11-26 18:08:22', 152, 5, 6),
(927, 400000, '2019-11-23 00:00:00', NULL, '2019-11-26 18:08:22', 152, 5, 6),
(928, 400000, '2019-11-25 00:00:00', NULL, '2019-11-26 18:08:22', 152, 5, 6),
(929, 400000, '2019-11-22 00:00:00', NULL, '2019-11-26 18:08:23', 154, 9, 6),
(930, 400000, '2019-11-23 00:00:00', NULL, '2019-11-26 18:08:23', 154, 9, 6),
(931, 400000, '2019-11-25 00:00:00', NULL, '2019-11-26 18:08:23', 154, 9, 6),
(932, 400000, '2019-11-22 00:00:00', NULL, '2019-11-26 18:08:23', 155, 14, 6),
(933, 400000, '2019-11-23 00:00:00', NULL, '2019-11-26 18:08:23', 155, 14, 6),
(934, 400000, '2019-11-25 00:00:00', NULL, '2019-11-26 18:08:23', 155, 14, 6),
(935, 400000, '2019-11-22 00:00:00', NULL, '2019-11-26 18:08:24', 156, 16, 6),
(936, 400000, '2019-11-23 00:00:00', NULL, '2019-11-26 18:08:24', 156, 16, 6),
(937, 400000, '2019-11-25 00:00:00', NULL, '2019-11-26 18:08:24', 156, 16, 6),
(938, 400000, '2019-11-22 00:00:00', NULL, '2019-11-26 18:08:24', 157, 18, 6),
(939, 400000, '2019-11-23 00:00:00', NULL, '2019-11-26 18:08:24', 157, 18, 6),
(940, 400000, '2019-11-25 00:00:00', NULL, '2019-11-26 18:08:25', 157, 18, 6),
(941, 200000, '2019-12-02 00:00:00', NULL, '2019-12-03 00:16:59', 164, 1, 3),
(942, 400000, '2019-12-02 00:00:00', NULL, '2019-12-14 14:25:39', 158, 18, 6),
(943, 400000, '2019-12-03 00:00:00', NULL, '2019-12-14 14:25:39', 158, 18, 6),
(944, 400000, '2019-12-04 00:00:00', NULL, '2019-12-14 14:25:39', 158, 18, 6),
(945, 400000, '2019-12-05 00:00:00', NULL, '2019-12-14 14:25:39', 158, 18, 6),
(946, 400000, '2019-12-06 00:00:00', NULL, '2019-12-14 14:25:39', 158, 18, 6),
(947, 400000, '2019-12-07 00:00:00', NULL, '2019-12-14 14:25:39', 158, 18, 6),
(948, 400000, '2019-12-09 00:00:00', NULL, '2019-12-14 14:25:39', 158, 18, 6),
(949, 400000, '2019-12-10 00:00:00', NULL, '2019-12-14 14:25:39', 158, 18, 6),
(950, 400000, '2019-12-11 00:00:00', NULL, '2019-12-14 14:25:39', 158, 18, 6),
(951, 400000, '2019-12-12 00:00:00', NULL, '2019-12-14 14:25:40', 158, 18, 6),
(952, 400000, '2019-12-13 00:00:00', NULL, '2019-12-14 14:25:40', 158, 18, 6),
(953, 400000, '2019-12-02 00:00:00', NULL, '2019-12-14 14:25:40', 159, 16, 6),
(954, 400000, '2019-12-03 00:00:00', NULL, '2019-12-14 14:25:40', 159, 16, 6),
(955, 400000, '2019-12-04 00:00:00', NULL, '2019-12-14 14:25:40', 159, 16, 6),
(956, 400000, '2019-12-05 00:00:00', NULL, '2019-12-14 14:25:40', 159, 16, 6),
(957, 400000, '2019-12-06 00:00:00', NULL, '2019-12-14 14:25:40', 159, 16, 6),
(958, 400000, '2019-12-07 00:00:00', NULL, '2019-12-14 14:25:40', 159, 16, 6),
(959, 400000, '2019-12-09 00:00:00', NULL, '2019-12-14 14:25:40', 159, 16, 6),
(960, 400000, '2019-12-10 00:00:00', NULL, '2019-12-14 14:25:41', 159, 16, 6),
(961, 400000, '2019-12-11 00:00:00', NULL, '2019-12-14 14:25:41', 159, 16, 6),
(962, 400000, '2019-12-12 00:00:00', NULL, '2019-12-14 14:25:41', 159, 16, 6),
(963, 400000, '2019-12-13 00:00:00', NULL, '2019-12-14 14:25:41', 159, 16, 6),
(964, 400000, '2019-12-02 00:00:00', NULL, '2019-12-14 14:25:41', 160, 14, 6),
(965, 400000, '2019-12-03 00:00:00', NULL, '2019-12-14 14:25:41', 160, 14, 6),
(966, 400000, '2019-12-04 00:00:00', NULL, '2019-12-14 14:25:41', 160, 14, 6),
(967, 400000, '2019-12-05 00:00:00', NULL, '2019-12-14 14:25:41', 160, 14, 6),
(968, 400000, '2019-12-06 00:00:00', NULL, '2019-12-14 14:25:41', 160, 14, 6),
(969, 400000, '2019-12-07 00:00:00', NULL, '2019-12-14 14:25:41', 160, 14, 6),
(970, 400000, '2019-12-09 00:00:00', NULL, '2019-12-14 14:25:41', 160, 14, 6),
(971, 400000, '2019-12-10 00:00:00', NULL, '2019-12-14 14:25:41', 160, 14, 6),
(972, 400000, '2019-12-11 00:00:00', NULL, '2019-12-14 14:25:42', 160, 14, 6),
(973, 400000, '2019-12-12 00:00:00', NULL, '2019-12-14 14:25:42', 160, 14, 6),
(974, 400000, '2019-12-13 00:00:00', NULL, '2019-12-14 14:25:42', 160, 14, 6),
(975, 400000, '2019-12-02 00:00:00', NULL, '2019-12-14 14:25:42', 161, 9, 6),
(976, 400000, '2019-12-03 00:00:00', NULL, '2019-12-14 14:25:42', 161, 9, 6),
(977, 400000, '2019-12-04 00:00:00', NULL, '2019-12-14 14:25:42', 161, 9, 6),
(978, 400000, '2019-12-05 00:00:00', NULL, '2019-12-14 14:25:42', 161, 9, 6),
(979, 400000, '2019-12-06 00:00:00', NULL, '2019-12-14 14:25:42', 161, 9, 6),
(980, 400000, '2019-12-07 00:00:00', NULL, '2019-12-14 14:25:42', 161, 9, 6),
(981, 400000, '2019-12-09 00:00:00', NULL, '2019-12-14 14:25:42', 161, 9, 6),
(982, 400000, '2019-12-10 00:00:00', NULL, '2019-12-14 14:25:42', 161, 9, 6),
(983, 400000, '2019-12-11 00:00:00', NULL, '2019-12-14 14:25:42', 161, 9, 6),
(984, 400000, '2019-12-12 00:00:00', NULL, '2019-12-14 14:25:43', 161, 9, 6),
(985, 400000, '2019-12-13 00:00:00', NULL, '2019-12-14 14:25:43', 161, 9, 6),
(986, 400000, '2019-12-02 00:00:00', NULL, '2019-12-14 14:25:43', 163, 5, 6),
(987, 400000, '2019-12-03 00:00:00', NULL, '2019-12-14 14:25:43', 163, 5, 6),
(988, 400000, '2019-12-04 00:00:00', NULL, '2019-12-14 14:25:43', 163, 5, 6),
(989, 400000, '2019-12-05 00:00:00', NULL, '2019-12-14 14:25:43', 163, 5, 6),
(990, 400000, '2019-12-06 00:00:00', NULL, '2019-12-14 14:25:44', 163, 5, 6),
(991, 400000, '2019-12-07 00:00:00', NULL, '2019-12-14 14:25:44', 163, 5, 6),
(992, 400000, '2019-12-09 00:00:00', NULL, '2019-12-14 14:25:44', 163, 5, 6),
(993, 400000, '2019-12-10 00:00:00', NULL, '2019-12-14 14:25:44', 163, 5, 6),
(994, 400000, '2019-12-11 00:00:00', NULL, '2019-12-14 14:25:44', 163, 5, 6),
(995, 400000, '2019-12-12 00:00:00', NULL, '2019-12-14 14:25:44', 163, 5, 6),
(996, 400000, '2019-12-13 00:00:00', NULL, '2019-12-14 14:25:44', 163, 5, 6),
(997, 400000, '2019-12-14 00:00:00', NULL, '2019-12-16 11:19:27', 158, 18, 6),
(998, 400000, '2019-12-14 00:00:00', NULL, '2019-12-16 11:19:28', 159, 16, 6),
(999, 400000, '2019-12-14 00:00:00', NULL, '2019-12-16 11:19:28', 160, 14, 6),
(1000, 400000, '2019-12-14 00:00:00', NULL, '2019-12-16 11:19:28', 161, 9, 6),
(1001, 400000, '2019-12-14 00:00:00', NULL, '2019-12-16 11:19:29', 163, 5, 6),
(1002, 400000, '2019-12-16 00:00:00', NULL, '2019-12-18 23:39:40', 158, 18, 6),
(1003, 400000, '2019-12-17 00:00:00', NULL, '2019-12-18 23:39:40', 158, 18, 6),
(1004, 400000, '2019-12-16 00:00:00', NULL, '2019-12-18 23:39:40', 159, 16, 6),
(1005, 400000, '2019-12-17 00:00:00', NULL, '2019-12-18 23:39:41', 159, 16, 6),
(1006, 400000, '2019-12-16 00:00:00', NULL, '2019-12-18 23:39:41', 160, 14, 6),
(1007, 400000, '2019-12-17 00:00:00', NULL, '2019-12-18 23:39:41', 160, 14, 6),
(1008, 400000, '2019-12-16 00:00:00', NULL, '2019-12-18 23:39:41', 161, 9, 6),
(1009, 400000, '2019-12-17 00:00:00', NULL, '2019-12-18 23:39:41', 161, 9, 6),
(1010, 400000, '2019-12-16 00:00:00', NULL, '2019-12-18 23:39:42', 163, 5, 6),
(1011, 400000, '2019-12-17 00:00:00', NULL, '2019-12-18 23:39:42', 163, 5, 6),
(1012, 400000, '2019-12-17 00:00:00', NULL, '2019-12-18 23:39:43', 166, 10, 6),
(1013, 400000, '2019-12-18 00:00:00', NULL, '2019-12-21 22:05:18', 158, 18, 6),
(1014, 400000, '2019-12-19 00:00:00', NULL, '2019-12-21 22:05:18', 158, 18, 6),
(1015, 400000, '2019-12-20 00:00:00', NULL, '2019-12-21 22:05:18', 158, 18, 6),
(1016, 400000, '2019-12-18 00:00:00', NULL, '2019-12-21 22:05:19', 159, 16, 6),
(1017, 400000, '2019-12-19 00:00:00', NULL, '2019-12-21 22:05:19', 159, 16, 6),
(1018, 400000, '2019-12-20 00:00:00', NULL, '2019-12-21 22:05:19', 159, 16, 6),
(1019, 400000, '2019-12-18 00:00:00', NULL, '2019-12-21 22:05:19', 160, 14, 6),
(1020, 400000, '2019-12-19 00:00:00', NULL, '2019-12-21 22:05:19', 160, 14, 6),
(1021, 400000, '2019-12-20 00:00:00', NULL, '2019-12-21 22:05:19', 160, 14, 6),
(1022, 400000, '2019-12-18 00:00:00', NULL, '2019-12-21 22:05:20', 161, 9, 6),
(1023, 400000, '2019-12-19 00:00:00', NULL, '2019-12-21 22:05:20', 161, 9, 6),
(1024, 400000, '2019-12-20 00:00:00', NULL, '2019-12-21 22:05:20', 161, 9, 6),
(1025, 400000, '2019-12-18 00:00:00', NULL, '2019-12-21 22:05:20', 163, 5, 6),
(1026, 400000, '2019-12-19 00:00:00', NULL, '2019-12-21 22:05:21', 163, 5, 6),
(1027, 400000, '2019-12-20 00:00:00', NULL, '2019-12-21 22:05:21', 163, 5, 6),
(1028, 400000, '2019-12-18 00:00:00', NULL, '2019-12-21 22:05:22', 166, 10, 6),
(1029, 400000, '2019-12-19 00:00:00', NULL, '2019-12-21 22:05:22', 166, 10, 6),
(1030, 400000, '2019-12-20 00:00:00', NULL, '2019-12-21 22:05:22', 166, 10, 6),
(1031, 400000, '2019-12-21 00:00:00', NULL, '2019-12-23 16:55:47', 158, 18, 6),
(1032, 400000, '2019-12-21 00:00:00', NULL, '2019-12-23 16:55:48', 159, 16, 6),
(1033, 400000, '2019-12-21 00:00:00', NULL, '2019-12-23 16:55:48', 160, 14, 6),
(1034, 400000, '2019-12-21 00:00:00', NULL, '2019-12-23 16:55:49', 161, 9, 6),
(1035, 400000, '2019-12-21 00:00:00', NULL, '2019-12-23 16:55:49', 163, 5, 6),
(1036, 400000, '2019-12-21 00:00:00', NULL, '2019-12-23 16:55:50', 166, 10, 6),
(1037, 400000, '2019-12-23 00:00:00', NULL, '2019-12-28 19:08:25', 158, 18, 6),
(1038, 400000, '2019-12-24 00:00:00', NULL, '2019-12-28 19:08:25', 158, 18, 6),
(1039, 400000, '2019-12-25 00:00:00', NULL, '2019-12-28 19:08:26', 158, 18, 6),
(1040, 400000, '2019-12-26 00:00:00', NULL, '2019-12-28 19:08:26', 158, 18, 6),
(1041, 400000, '2019-12-27 00:00:00', NULL, '2019-12-28 19:08:26', 158, 18, 6),
(1042, 400000, '2019-12-23 00:00:00', NULL, '2019-12-28 19:08:26', 159, 16, 6),
(1043, 400000, '2019-12-24 00:00:00', NULL, '2019-12-28 19:08:26', 159, 16, 6),
(1044, 400000, '2019-12-25 00:00:00', NULL, '2019-12-28 19:08:26', 159, 16, 6),
(1045, 400000, '2019-12-26 00:00:00', NULL, '2019-12-28 19:08:27', 159, 16, 6),
(1046, 400000, '2019-12-27 00:00:00', NULL, '2019-12-28 19:08:27', 159, 16, 6),
(1047, 400000, '2019-12-23 00:00:00', NULL, '2019-12-28 19:08:27', 160, 14, 6),
(1048, 400000, '2019-12-24 00:00:00', NULL, '2019-12-28 19:08:27', 160, 14, 6),
(1049, 400000, '2019-12-25 00:00:00', NULL, '2019-12-28 19:08:27', 160, 14, 6),
(1050, 400000, '2019-12-26 00:00:00', NULL, '2019-12-28 19:08:27', 160, 14, 6),
(1051, 400000, '2019-12-27 00:00:00', NULL, '2019-12-28 19:08:27', 160, 14, 6),
(1052, 400000, '2019-12-23 00:00:00', NULL, '2019-12-28 19:08:28', 161, 9, 6),
(1053, 400000, '2019-12-24 00:00:00', NULL, '2019-12-28 19:08:28', 161, 9, 6),
(1054, 400000, '2019-12-25 00:00:00', NULL, '2019-12-28 19:08:28', 161, 9, 6),
(1055, 400000, '2019-12-26 00:00:00', NULL, '2019-12-28 19:08:28', 161, 9, 6),
(1056, 400000, '2019-12-27 00:00:00', NULL, '2019-12-28 19:08:28', 161, 9, 6),
(1057, 400000, '2019-12-23 00:00:00', NULL, '2019-12-28 19:08:29', 163, 5, 6),
(1058, 400000, '2019-12-24 00:00:00', NULL, '2019-12-28 19:08:29', 163, 5, 6),
(1059, 400000, '2019-12-25 00:00:00', NULL, '2019-12-28 19:08:29', 163, 5, 6),
(1060, 400000, '2019-12-26 00:00:00', NULL, '2019-12-28 19:08:29', 163, 5, 6),
(1061, 400000, '2019-12-27 00:00:00', NULL, '2019-12-28 19:08:29', 163, 5, 6),
(1062, 400000, '2019-12-23 00:00:00', NULL, '2019-12-28 19:08:31', 166, 10, 6),
(1063, 400000, '2019-12-24 00:00:00', NULL, '2019-12-28 19:08:31', 166, 10, 6),
(1064, 400000, '2019-12-25 00:00:00', NULL, '2019-12-28 19:08:31', 166, 10, 6),
(1065, 400000, '2019-12-26 00:00:00', NULL, '2019-12-28 19:08:31', 166, 10, 6),
(1066, 400000, '2019-12-27 00:00:00', NULL, '2019-12-28 19:08:31', 166, 10, 6);

-- --------------------------------------------------------

--
-- Table structure for table `qc_off_works`
--

CREATE TABLE `qc_off_works` (
  `off_id` int(10) UNSIGNED NOT NULL,
  `permission` tinyint(4) NOT NULL DEFAULT '0',
  `note` text COLLATE utf8mb4_unicode_ci,
  `created_at` datetime NOT NULL,
  `timekeeping_id` int(10) UNSIGNED NOT NULL
) ENGINE=InnoDB DEFAULT CHARSET=utf8mb4 COLLATE=utf8mb4_unicode_ci;

-- --------------------------------------------------------

--
-- Table structure for table `qc_orders`
--

CREATE TABLE `qc_orders` (
  `order_id` int(10) UNSIGNED NOT NULL,
  `orderCode` varchar(20) COLLATE utf8mb4_unicode_ci NOT NULL,
  `name` varchar(100) COLLATE utf8mb4_unicode_ci NOT NULL,
  `constructionAddress` varchar(200) COLLATE utf8mb4_unicode_ci DEFAULT NULL,
  `constructionPhone` varchar(30) COLLATE utf8mb4_unicode_ci DEFAULT NULL,
  `constructionContact` varchar(30) COLLATE utf8mb4_unicode_ci DEFAULT NULL,
  `discount` int(11) DEFAULT NULL,
  `vat` int(11) NOT NULL DEFAULT '0',
  `receiveDate` date DEFAULT NULL,
  `deliveryDate` date DEFAULT NULL,
  `finishDate` date DEFAULT NULL,
  `finishStatus` tinyint(4) NOT NULL DEFAULT '0',
  `paymentStatus` tinyint(1) NOT NULL DEFAULT '0',
  `confirmStatus` tinyint(1) NOT NULL DEFAULT '0',
  `confirmAgree` tinyint(1) NOT NULL DEFAULT '0',
  `confirmDate` datetime DEFAULT NULL,
  `cancelStatus` tinyint(1) NOT NULL DEFAULT '0',
  `action` tinyint(4) NOT NULL DEFAULT '1',
  `created_at` datetime NOT NULL,
  `company_id` int(10) UNSIGNED NOT NULL,
  `customer_id` int(10) UNSIGNED NOT NULL,
  `staff_id` int(10) UNSIGNED NOT NULL,
  `staffReceive_id` int(10) UNSIGNED NOT NULL,
  `staffKpi_id` int(10) UNSIGNED DEFAULT NULL,
  `staffConfirm_id` int(10) UNSIGNED DEFAULT NULL,
  `provisionalStatus` tinyint(4) NOT NULL DEFAULT '1',
  `provisionalDate` datetime DEFAULT NULL,
  `provisionalConfirm` tinyint(4) NOT NULL DEFAULT '1'
) ENGINE=InnoDB DEFAULT CHARSET=utf8mb4 COLLATE=utf8mb4_unicode_ci;

--
-- Dumping data for table `qc_orders`
--

INSERT INTO `qc_orders` (`order_id`, `orderCode`, `name`, `constructionAddress`, `constructionPhone`, `constructionContact`, `discount`, `vat`, `receiveDate`, `deliveryDate`, `finishDate`, `finishStatus`, `paymentStatus`, `confirmStatus`, `confirmAgree`, `confirmDate`, `cancelStatus`, `action`, `created_at`, `company_id`, `customer_id`, `staff_id`, `staffReceive_id`, `staffKpi_id`, `staffConfirm_id`, `provisionalStatus`, `provisionalDate`, `provisionalConfirm`) VALUES
(5, 'CN2-337', 'Hồng Mi', NULL, NULL, NULL, 10, 0, '2018-06-01', '2018-06-02', NULL, 0, 1, 1, 1, NULL, 0, 1, '2018-06-20 06:39:06', 2, 1, 1, 1, NULL, NULL, 1, NULL, 1),
(6, 'CN2-338', 'cơm tấm đêm', NULL, NULL, NULL, 10, 0, '2018-06-01', '2018-06-02', NULL, 0, 1, 1, 1, NULL, 0, 1, '2018-06-20 07:02:10', 2, 2, 1, 1, NULL, NULL, 1, NULL, 1),
(16, 'CN2-339', 'nước ép - sinh tố', NULL, NULL, NULL, 0, 0, '2018-06-01', '2018-06-02', NULL, 0, 0, 1, 1, NULL, 0, 0, '2018-06-21 07:40:14', 2, 3, 1, 1, NULL, NULL, 1, NULL, 1),
(17, 'CN2-343', 'chuột nails', NULL, NULL, NULL, 0, 0, '2018-06-05', '2018-06-05', NULL, 0, 1, 1, 1, NULL, 0, 1, '2018-06-21 14:27:11', 2, 6, 1, 1, NULL, NULL, 1, NULL, 1),
(18, 'CN2-123', 'zzzzz', NULL, NULL, NULL, 0, 0, '2018-06-15', '2018-06-20', NULL, 0, 1, 1, 1, NULL, 0, 1, '2018-06-23 07:50:14', 2, 7, 1, 1, NULL, NULL, 1, NULL, 1),
(19, 'CN2-124', 'zzzzz', NULL, NULL, NULL, 0, 0, '2018-06-15', '2018-06-20', NULL, 0, 1, 1, 1, NULL, 0, 1, '2018-06-23 07:52:03', 2, 8, 1, 1, NULL, NULL, 1, NULL, 1),
(20, '12302', 'Bánh xèo miền tây', NULL, NULL, NULL, 0, 0, '2018-06-15', '2018-06-20', NULL, 0, 1, 1, 1, NULL, 0, 1, '2018-06-29 11:25:56', 1, 9, 9, 9, NULL, NULL, 1, NULL, 1),
(21, 'CN2-369', 'In decal', NULL, NULL, NULL, 0, 0, '2018-07-03', '2018-07-05', NULL, 0, 0, 1, 1, NULL, 0, 1, '2018-07-03 04:17:24', 2, 9, 1, 1, NULL, NULL, 1, NULL, 1),
(22, 'CN2-1234', 'Shop ty', NULL, NULL, NULL, 0, 0, '2018-07-06', '2018-07-09', NULL, 0, 0, 1, 1, NULL, 0, 1, '2018-07-07 03:38:55', 2, 10, 1, 1, NULL, NULL, 1, NULL, 1),
(23, 'CN2-1235', 'nhà hàng abc', NULL, NULL, NULL, 0, 0, '2018-07-06', '2018-07-19', NULL, 0, 0, 1, 1, NULL, 0, 1, '2018-07-07 04:53:56', 2, 11, 1, 7, NULL, NULL, 1, NULL, 1),
(24, 'CN1-1233', 'Phú lạc stone', NULL, NULL, NULL, 0, 0, '2019-05-28', '2019-05-31', NULL, 0, 0, 1, 1, NULL, 0, 1, '2019-05-28 09:16:10', 1, 9, 10, 10, NULL, NULL, 1, NULL, 1),
(32, 'CN2-CN2-1230', 'Nệm kim cương', NULL, NULL, NULL, 0, 0, '2019-06-08', '2019-06-12', NULL, 0, 0, 1, 1, NULL, 0, 1, '2019-06-08 20:43:06', 2, 12, 1, 1, NULL, NULL, 1, NULL, 1),
(33, 'CN2-33', 'don hang b', NULL, NULL, NULL, 0, 0, '2019-06-16', '2019-06-18', NULL, 0, 0, 1, 1, NULL, 0, 1, '2019-06-16 12:54:12', 2, 16, 1, 1, NULL, NULL, 1, NULL, 1),
(34, 'CN2-34', 'don hang nguyen van c', NULL, NULL, NULL, 100, 0, '2019-06-16', '2019-06-20', NULL, 0, 1, 1, 1, NULL, 0, 1, '2019-06-16 13:46:09', 2, 17, 1, 1, NULL, NULL, 1, NULL, 1),
(35, 'CN2-35', 'don hang tran van dong', NULL, NULL, NULL, 5, 0, '2019-06-16', '2019-06-22', NULL, 0, 1, 1, 1, NULL, 0, 1, '2019-06-16 13:56:01', 2, 18, 1, 1, NULL, NULL, 1, NULL, 1),
(36, 'CN2-36', 'dan hang tran van dong b', NULL, NULL, NULL, 5, 0, '2019-06-16', '2019-06-19', NULL, 0, 0, 1, 1, NULL, 0, 1, '2019-06-16 14:01:13', 2, 9, 15, 15, NULL, NULL, 1, NULL, 1),
(37, 'CN2-37', 'dong hang huyng tan phat', NULL, NULL, NULL, 0, 1, '2019-06-17', '2019-06-22', NULL, 0, 0, 1, 1, '2019-06-22 10:07:42', 0, 1, '2019-06-17 11:00:10', 2, 19, 15, 15, NULL, 1, 1, NULL, 1),
(38, 'CN2-38', 'ốc thảo', NULL, NULL, NULL, 0, 0, '2019-06-19', '2019-06-22', NULL, 0, 0, 0, 1, NULL, 0, 1, '2019-06-19 20:05:57', 2, 20, 15, 15, NULL, NULL, 1, NULL, 1),
(39, 'CN2-39', 'cafe lep', NULL, NULL, NULL, 0, 0, '2019-06-18', '2019-06-20', NULL, 0, 1, 1, 1, '2019-06-22 10:06:08', 0, 1, '2019-06-19 20:52:03', 2, 21, 15, 15, NULL, 1, 1, NULL, 1),
(40, 'CN2-40', 'quan nhau 877', NULL, NULL, NULL, 0, 0, '2019-06-20', '2019-06-22', NULL, 0, 0, 0, 1, NULL, 1, 0, '2019-06-19 20:54:15', 2, 22, 15, 15, NULL, NULL, 1, NULL, 1),
(42, 'CN2-41', 'đơn hang a', NULL, NULL, NULL, 0, 0, '2019-06-12', '2019-06-14', NULL, 0, 0, 0, 0, NULL, 0, 1, '2019-06-26 10:29:00', 2, 23, 1, 1, NULL, NULL, 1, NULL, 1),
(43, 'CN2-43', 'đơn hàng test 1', NULL, NULL, NULL, 0, 0, '2019-06-28', '2019-06-30', NULL, 0, 0, 0, 0, NULL, 1, 0, '2019-06-28 20:31:14', 2, 24, 1, 1, NULL, NULL, 1, NULL, 1),
(44, 'CN2-44', 'order contact', 'số 12 quốc lộ 50', '0123698547', 'contact 1', 0, 0, '2019-06-29', '2019-06-30', NULL, 0, 0, 1, 1, '2019-07-01 19:54:19', 0, 1, '2019-06-29 12:49:36', 2, 25, 1, 1, NULL, 1, 1, NULL, 1),
(45, 'CN2-45', 'đơn hang test 1', 'số 30 KDH Phong phú', '0258794613', 'test  order contact 1', 0, 1, '2019-06-30', '2019-07-03', NULL, 0, 0, 1, 1, '2019-06-30 18:57:34', 0, 1, '2019-06-30 18:57:34', 2, 26, 1, 1, NULL, 1, 1, NULL, 1),
(46, 'CN2-46', 'đơn hàng tran van dong 1', '45 trần vẵn đồng', '0123456789', 'Trần văn Đồng', 5, 0, '2019-06-30', '2019-07-03', NULL, 0, 1, 1, 1, '2019-06-30 19:34:43', 0, 1, '2019-06-30 19:06:35', 2, 9, 1, 1, NULL, 1, 1, NULL, 1),
(47, 'CN2-47', 'đơn hàng tháng 7', '30 quốc lộ 50', '0123456789', 'Trần văn Đồng', 5, 0, '2019-07-01', '2019-07-02', NULL, 0, 0, 0, 0, NULL, 1, 0, '2019-07-01 19:50:57', 2, 9, 1, 1, NULL, NULL, 1, NULL, 1),
(48, 'CN2-48', 'đơn hàng tháng 7', '30 quốc lộ 50', '0123456789', 'Trần văn Đồng', 5, 0, '2019-07-01', '2019-07-02', NULL, 0, 0, 1, 1, '2019-07-01 19:54:11', 0, 1, '2019-07-01 19:52:41', 2, 9, 1, 1, NULL, 1, 1, NULL, 1),
(49, 'CN2-49', 'đơn hàng test giao công trình', 'ql 50', '0147285963', 'test giao công trình', 0, 0, '2019-07-04', '2019-07-16', NULL, 0, 0, 1, 1, '2019-07-04 13:47:57', 0, 1, '2019-07-04 13:47:57', 2, 27, 1, 1, NULL, 1, 1, NULL, 1),
(50, 'CN2-50', 'do n hang 1', 'ql5', '01236852727278', 'bbbb', 0, 0, '2019-07-05', '2019-07-23', NULL, 0, 0, 1, 1, '2019-07-05 19:40:36', 0, 1, '2019-07-05 19:40:36', 2, 28, 1, 1, NULL, 1, 1, NULL, 1),
(51, 'CN2-51', 'd h ab', '', '1234678897', 'bb', 0, 0, '2019-07-13', '2019-07-24', NULL, 0, 0, 1, 1, '2019-07-13 11:13:24', 0, 1, '2019-07-13 11:13:24', 2, 29, 1, 1, NULL, 1, 1, NULL, 1),
(52, 'CN2-52', 'dh khach hang 1', '', '0124587963', 'khach hang 1', 0, 0, '2019-07-11', '2019-07-20', NULL, 0, 0, 1, 1, '2019-07-15 22:19:07', 0, 1, '2019-07-15 22:19:07', 2, 30, 15, 15, NULL, 15, 1, NULL, 1),
(53, 'CN2-53', 'dh khach hang 2', '', '255874561', 'khach hang 2', 0, 10, '2019-07-14', '2019-07-30', NULL, 0, 0, 1, 1, '2019-07-15 22:21:25', 0, 1, '2019-07-15 22:21:25', 2, 31, 15, 15, NULL, 15, 1, NULL, 1),
(54, 'CN1-54', 'áda', 'sa', '789564123', 'tssss', 0, 0, '2019-07-11', '2019-07-22', NULL, 0, 0, 1, 1, '2019-07-20 12:51:52', 0, 1, '2019-07-20 12:51:52', 1, 32, 1, 1, NULL, 1, 1, NULL, 1),
(55, 'CN1-55', 'don hang thang 8 - 1 - cn 2', 'ql50', '0987541236', 'khach hang thang 8', 0, 0, '2019-08-12', '2019-08-22', NULL, 1, 0, 1, 1, '2019-08-12 15:31:35', 0, 1, '2019-08-12 15:31:35', 1, 33, 1, 1, NULL, 1, 1, NULL, 1),
(56, 'CN2-56', 'don hang thang 8 cn2', 'ql50', '096587426', 'khach anh chi nhanh 2  - 1', 0, 0, '2019-08-12', '2019-08-26', NULL, 0, 0, 1, 1, '2019-08-12 15:34:34', 0, 1, '2019-08-12 15:34:35', 2, 34, 16, 16, NULL, 16, 1, NULL, 1),
(57, 'CN1-57', 'don hang 15-8 _ 1_2', 'ql 50 -123', '0147895632', 'tung', 5, 10, '2019-08-15', '2019-08-30', NULL, 0, 0, 1, 1, '2019-08-15 17:03:42', 0, 1, '2019-08-15 17:03:42', 1, 35, 1, 1, NULL, 1, 1, NULL, 1),
(58, 'CN1-58', 'BẢNG GÀ NƯỚNG', '', '012587469', 'CHỊ BÁN GÀ NƯỚNG', 0, 0, '2019-09-04', '2019-09-25', NULL, 0, 0, 1, 1, '2019-09-06 16:33:19', 0, 1, '2019-09-06 16:33:19', 1, 37, 1, 1, NULL, 1, 1, NULL, 1),
(59, 'CN2-59', 'mẫu đám cưới qeqw', '', '0908939278', 'hùng', 0, 0, '2019-09-13', '2019-09-30', NULL, 0, 0, 1, 1, '2019-09-13 14:38:12', 0, 1, '2019-09-13 14:38:12', 2, 38, 16, 16, NULL, 16, 1, NULL, 1),
(60, 'CN2-60', 'Lê dương abc', '', '0936317881', 'lê dương', 0, 0, '2019-06-06', '2019-09-27', NULL, 0, 0, 1, 1, '2019-09-13 14:43:49', 0, 1, '2019-09-13 14:43:49', 2, 39, 16, 16, NULL, 16, 1, NULL, 1),
(61, 'CN2-61', 'Lê dương abc', '', '0936317881', 'lê dương', 5, 0, '2019-09-13', '2019-09-30', NULL, 0, 0, 1, 1, '2019-09-13 14:45:28', 0, 1, '2019-09-13 14:45:28', 2, 39, 16, 16, NULL, 16, 1, NULL, 1),
(62, 'CN1-62', 'đơn hàng  - khách hang a', '', '023698547', 'khách hang a', 0, 0, '2019-09-18', '2019-09-30', NULL, 0, 0, 1, 1, '2019-09-18 10:07:15', 0, 1, '2019-09-18 10:07:15', 1, 40, 1, 1, NULL, 1, 1, NULL, 1),
(63, 'CN1-63', 'ĐH - khác hàng 5', '', '012369787', 'khác hàng 5', 0, 0, '2019-10-01', '2019-10-31', NULL, 0, 0, 1, 1, '2019-10-01 16:30:24', 0, 1, '2019-10-01 16:30:24', 1, 41, 1, 1, NULL, 1, 1, NULL, 1),
(64, 'CN1-64', 'ĐH - khác hàng 6', '', '02589633', 'khác hàng 6', 0, 0, '2019-10-02', '2019-10-30', NULL, 0, 0, 1, 1, '2019-10-01 16:31:36', 0, 1, '2019-10-01 16:31:36', 1, 42, 1, 1, NULL, 1, 1, NULL, 1),
(65, 'CN1-65', 'sadas', '', '2022', 'test new 18/10', 10, 0, '2019-10-03', '2019-10-17', NULL, 0, 0, 1, 1, '2019-10-18 01:52:08', 0, 1, '2019-10-18 01:52:08', 1, 43, 1, 1, NULL, 1, 1, NULL, 1),
(66, 'CN1-66', 'don hang thang 11', '', '012369845', 'khách hàng tháng 11', 0, 0, '2019-11-09', '2019-11-19', NULL, 1, 1, 1, 1, '2019-11-30 10:21:28', 0, 1, '2019-11-30 10:21:28', 1, 44, 1, 1, NULL, 1, 1, NULL, 1),
(67, 'CN1-67', 'don hang thang 11 -1', '', '147869535', 'khách hàng tháng 11 -1', 0, 0, '2019-11-14', '2019-11-21', NULL, 0, 1, 1, 1, '2019-11-30 13:06:07', 0, 1, '2019-11-30 13:06:07', 1, 45, 1, 1, NULL, 1, 1, NULL, 1),
(68, 'CN1-68', 'đơn hang test 1', 'số 30 KDH Phong phú', '0258794613', 'test  order contact 1', 0, 0, '2019-12-04', '2019-12-18', NULL, 0, 1, 1, 1, '2019-12-12 18:18:53', 1, 0, '2019-12-12 18:18:53', 1, 19, 1, 1, NULL, 1, 1, NULL, 1),
(69, 'CN1-69', 'don hang thang 8 - 1 - cn  3', 'ql50', '0987541236', 'khach hang thang 8', 5, 0, '2019-12-05', '2019-12-24', NULL, 0, 1, 1, 1, '2019-12-12 18:20:28', 0, 1, '2019-12-12 18:20:28', 1, 23, 1, 1, NULL, 1, 1, NULL, 1),
(70, 'CN1-70', 'đơn hàng tran van dong 2', '45 trần vẵn đồng', '0123456789', 'Trần văn Đồng', 0, 0, '2019-12-07', '2019-12-15', NULL, 0, 1, 1, 1, '2019-12-12 18:22:24', 0, 1, '2019-12-12 18:22:24', 1, 26, 1, 1, NULL, 1, 1, NULL, 1),
(71, 'CN1-71', 'don hang 12', '', '0123698745', 'nguyen van b', 5, 0, '2019-12-11', '2019-12-09', NULL, 0, 1, 1, 1, '2019-12-13 10:52:50', 0, 1, '2019-12-13 10:52:50', 1, 23, 1, 1, NULL, 1, 1, NULL, 1),
(72, 'CN2-72', 'dh 456', '', '0335927506', 'khach hang 11', 0, 0, '2019-12-06', '2019-12-25', NULL, 0, 1, 1, 1, '2019-12-14 14:17:55', 0, 1, '2019-12-14 14:17:55', 2, 46, 10, 10, NULL, 10, 1, NULL, 1),
(73, 'CN1-73', 'do hang a tung a tung', 'ql 50', '014789653', 'a tung', 0, 0, '2019-12-06', '2019-12-31', NULL, 0, 1, 1, 1, '2019-12-21 23:19:31', 0, 1, '2019-12-21 23:19:31', 1, 47, 1, 1, NULL, 1, 1, NULL, 1),
(74, 'CN1-74', 'asdasdsa', 'ql 50', '012587469', 'CHỊ BÁN GÀ NƯỚNG', 0, 0, '2019-12-06', '2019-12-26', NULL, 0, 1, 1, 1, '2019-12-21 23:30:22', 0, 1, '2019-12-21 23:30:22', 1, 37, 1, 1, NULL, 1, 1, NULL, 1),
(75, 'CN1-75', 'dh jk', 'ql 50', '012345698', 'tuan', 0, 0, '2019-12-21', '2019-12-29', NULL, 0, 1, 1, 1, '2019-12-21 23:32:19', 1, 0, '2019-12-21 23:32:19', 1, 12, 1, 1, NULL, 1, 1, NULL, 1),
(76, 'CN1-76', 'test đơn hang báo giá 1', '', '012345698', 'Nguyễn văn a', 5, 0, NULL, NULL, NULL, 0, 0, 0, 1, '2019-12-23 15:09:45', 1, 0, '2019-12-23 15:09:45', 1, 12, 1, 1, NULL, 1, 0, '2019-12-23 15:09:45', 0),
(77, 'CN1-77', 'đh khach hang test bao gia 1', 'ql 50', '01256984', 'khach hang test bao gia', 0, 0, NULL, NULL, NULL, 0, 0, 0, 1, '2019-12-23 17:13:00', 0, 1, '2019-12-23 17:13:00', 1, 48, 1, 1, NULL, 1, 0, '2019-12-23 17:13:00', 0),
(79, 'CN1-78', 'dh acb 134', 'ql 50', '0912345678', 'abc', 5, 0, '2019-12-23', '2019-12-25', NULL, 0, 1, 1, 1, '2019-12-23 17:28:15', 0, 1, '2019-12-23 17:28:15', 1, 7, 1, 1, NULL, 1, 1, NULL, 1),
(80, 'CN1-80', 'don hang thang 11', '', NULL, NULL, 5, 10, NULL, NULL, NULL, 0, 0, 1, 1, '2019-12-25 00:15:13', 0, 1, '2019-12-25 00:15:13', 1, 44, 1, 1, NULL, 1, 0, '2019-12-25 16:06:33', 0),
(81, 'CN1-81', 'don hang thang 11 - test đặt hàng mới', '', NULL, '', 5, 0, '2019-12-25', '2019-12-30', NULL, 0, 1, 1, 1, '2019-12-25 00:20:32', 0, 1, '2019-12-25 00:20:32', 1, 44, 1, 1, NULL, 1, 1, NULL, 1),
(82, 'CN1-82', 'dh nguyen van b - 3', '5 QL 50', '0123456987', 'Nguyen van b', 5, 0, '2019-12-25', '2019-12-31', NULL, 0, 1, 1, 1, '2019-12-25 09:24:39', 0, 1, '2019-12-25 09:24:39', 1, 16, 1, 1, NULL, 1, 1, NULL, 1),
(83, 'CN1-83', 'dh trung -1', '', '0936656785', 'Trung', 5, 0, '2019-12-25', '2019-12-30', NULL, 0, 1, 1, 1, '2019-12-25 09:28:34', 0, 1, '2019-12-25 09:28:34', 1, 2, 1, 1, NULL, 1, 1, NULL, 1),
(84, 'CN1-84', 'dh test  báo giá 3', 'ql50', NULL, NULL, 0, 0, '2019-12-30', '2019-12-31', NULL, 0, 1, 1, 1, '2019-12-25 10:01:20', 0, 1, '2019-12-25 10:01:20', 1, 49, 1, 1, NULL, 1, 0, '2019-12-30 11:38:31', 1),
(85, 'CN2-85', 'don hang tran van dong', '', '0412345678', 'ffffabc', 5, 0, NULL, NULL, NULL, 0, 0, 0, 1, '2019-12-26 00:34:20', 0, 1, '2019-12-26 00:34:20', 2, 8, 10, 10, NULL, 10, 0, '2019-12-26 00:34:20', 0),
(86, 'CN1-86', 'Bánh xèo miền tây 1', 'ql 50', NULL, 'test  order contact', 5, 0, '2019-12-26', '2019-12-29', NULL, 0, 1, 1, 1, '2019-12-26 17:32:03', 0, 1, '2019-12-26 17:32:03', 1, 25, 1, 1, NULL, 1, 1, NULL, 1),
(87, 'CN1-87', 'don hang thang 8 - 1 - cn 2', 'ql50', '0987541236', 'khach hang thang 8', 0, 0, '2019-12-28', '2019-12-31', NULL, 0, 1, 1, 1, '2019-12-28 19:04:47', 0, 1, '2019-12-28 19:04:47', 1, 18, 1, 1, NULL, 1, 1, NULL, 1),
(88, 'CN1-88', 'Bánh xèo miền tây', '', '012345698', 'Nguyễn văn a', 5, 0, '2020-01-02', '2020-01-31', NULL, 0, 1, 1, 0, NULL, 0, 1, '2020-01-02 12:47:26', 1, 12, 1, 1, NULL, NULL, 0, '2020-01-02 12:48:00', 1),
(89, 'CN1-89', 'don hang thang 8 - 1 - cn 2', 'ql50', '0987541236', 'khach hang thang 8', 5, 0, NULL, NULL, NULL, 0, 0, 0, 0, NULL, 0, 1, '2020-01-02 13:05:34', 1, 43, 1, 1, NULL, NULL, 0, '2020-01-02 13:05:34', 0),
(90, 'CN1-90', 'don hang thang 11 - test đặt hàng mới 1', '5 QL 50', '0123456987', 'Nguyen van b', 5, 10, NULL, NULL, NULL, 0, 0, 0, 0, NULL, 0, 1, '2020-01-02 13:59:49', 1, 16, 1, 1, NULL, NULL, 0, '2020-01-02 13:59:48', 0);

-- --------------------------------------------------------

--
-- Table structure for table `qc_order_allocation`
--

CREATE TABLE `qc_order_allocation` (
  `allocation_id` int(10) UNSIGNED NOT NULL,
  `allocationDate` datetime NOT NULL,
  `receiveStatus` tinyint(4) NOT NULL DEFAULT '0',
  `receiveDeadline` datetime NOT NULL,
  `noted` text COLLATE utf8mb4_unicode_ci NOT NULL,
  `finishStatus` tinyint(4) NOT NULL DEFAULT '0',
  `finishDate` datetime DEFAULT NULL,
  `confirmStatus` tinyint(4) NOT NULL DEFAULT '0',
  `confirmFinish` tinyint(4) NOT NULL DEFAULT '0',
  `confirmDate` datetime DEFAULT NULL,
  `action` tinyint(4) NOT NULL DEFAULT '1',
  `created_at` datetime NOT NULL,
  `confirmStaff_id` int(10) UNSIGNED DEFAULT NULL,
  `order_id` int(10) UNSIGNED NOT NULL,
  `allocationStaff_id` int(10) UNSIGNED DEFAULT NULL,
  `receiveStaff_id` int(10) UNSIGNED NOT NULL
) ENGINE=InnoDB DEFAULT CHARSET=utf8mb4 COLLATE=utf8mb4_unicode_ci;

--
-- Dumping data for table `qc_order_allocation`
--

INSERT INTO `qc_order_allocation` (`allocation_id`, `allocationDate`, `receiveStatus`, `receiveDeadline`, `noted`, `finishStatus`, `finishDate`, `confirmStatus`, `confirmFinish`, `confirmDate`, `action`, `created_at`, `confirmStaff_id`, `order_id`, `allocationStaff_id`, `receiveStaff_id`) VALUES
(1, '2019-07-04 00:00:00', 0, '2019-07-16 00:00:00', 'Bàn giao khi nhận đơn hàng', 1, '2019-07-05 00:02:37', 0, 0, NULL, 1, '2019-07-04 13:47:57', NULL, 49, NULL, 1),
(2, '2019-07-05 00:00:00', 0, '2019-07-23 00:00:00', 'Bàn giao khi nhận đơn hàng', 0, NULL, 0, 0, NULL, 1, '2019-07-05 19:40:37', NULL, 50, NULL, 1),
(3, '2019-07-09 19:00:00', 0, '2019-07-13 00:00:00', '', 0, NULL, 0, 0, NULL, 1, '2019-07-09 19:54:16', NULL, 45, 1, 1),
(4, '2019-07-09 20:00:00', 0, '2019-08-26 00:00:00', '', 0, NULL, 0, 0, NULL, 0, '2019-07-09 21:00:39', NULL, 33, 1, 15),
(5, '2019-07-13 00:00:00', 0, '2019-07-24 00:00:00', 'Bàn giao khi nhận đơn hàng', 0, NULL, 0, 0, NULL, 1, '2019-07-13 11:13:24', NULL, 51, NULL, 1),
(6, '2019-07-11 00:00:00', 0, '2019-07-20 00:00:00', 'Bàn giao khi nhận đơn hàng', 0, NULL, 0, 0, NULL, 1, '2019-07-15 22:19:08', NULL, 52, NULL, 15),
(7, '2019-07-14 00:00:00', 0, '2019-07-30 00:00:00', 'Bàn giao khi nhận đơn hàng', 0, NULL, 0, 0, NULL, 1, '2019-07-15 22:21:25', NULL, 53, NULL, 15),
(8, '2019-07-11 00:00:00', 0, '2019-07-22 00:00:00', 'Bàn giao khi nhận đơn hàng', 0, NULL, 0, 0, NULL, 1, '2019-07-20 12:51:53', NULL, 54, NULL, 1),
(9, '2019-08-12 00:00:00', 0, '2019-08-22 00:00:00', 'Bàn giao khi nhận đơn hàng', 1, '2019-08-26 11:56:20', 1, 1, '2019-08-27 10:55:46', 0, '2019-08-12 15:31:36', 1, 55, NULL, 1),
(10, '2019-08-12 00:00:00', 0, '2019-08-26 00:00:00', 'Bàn giao khi nhận đơn hàng', 0, NULL, 0, 0, NULL, 1, '2019-08-12 15:34:35', NULL, 56, NULL, 16),
(11, '2019-08-15 00:00:00', 0, '2019-08-30 00:00:00', 'Bàn giao khi nhận đơn hàng', 0, NULL, 0, 0, NULL, 1, '2019-08-15 17:03:42', NULL, 57, NULL, 1),
(12, '2019-09-04 00:00:00', 0, '2019-09-25 00:00:00', 'Bàn giao khi nhận đơn hàng', 0, NULL, 0, 0, NULL, 1, '2019-09-06 16:33:21', NULL, 58, NULL, 1),
(13, '2019-09-13 00:00:00', 0, '2019-09-30 00:00:00', 'Bàn giao khi nhận đơn hàng', 0, NULL, 0, 0, NULL, 1, '2019-09-13 14:38:12', NULL, 59, NULL, 16),
(14, '2019-06-06 00:00:00', 0, '2019-09-27 00:00:00', 'Bàn giao khi nhận đơn hàng', 0, NULL, 0, 0, NULL, 1, '2019-09-13 14:43:49', NULL, 60, NULL, 16),
(15, '2019-09-13 00:00:00', 0, '2019-09-30 00:00:00', 'Bàn giao khi nhận đơn hàng', 0, NULL, 0, 0, NULL, 1, '2019-09-13 14:45:29', NULL, 61, NULL, 16),
(16, '2019-09-18 00:00:00', 0, '2019-09-30 00:00:00', 'Bàn giao khi nhận đơn hàng', 0, NULL, 0, 0, NULL, 1, '2019-09-18 10:07:15', NULL, 62, NULL, 1),
(17, '2019-10-01 00:00:00', 0, '2019-10-31 00:00:00', 'Bàn giao khi nhận đơn hàng', 0, NULL, 0, 0, NULL, 1, '2019-10-01 16:30:24', NULL, 63, NULL, 1),
(18, '2019-10-02 00:00:00', 0, '2019-10-30 00:00:00', 'Bàn giao khi nhận đơn hàng', 0, NULL, 0, 0, NULL, 1, '2019-10-01 16:31:36', NULL, 64, NULL, 1),
(19, '2019-10-03 00:00:00', 0, '2019-10-17 00:00:00', 'Bàn giao khi nhận đơn hàng', 0, NULL, 0, 0, NULL, 1, '2019-10-18 01:52:08', NULL, 65, NULL, 1),
(20, '2019-11-09 00:00:00', 0, '2019-11-19 00:00:00', 'Bàn giao khi nhận đơn hàng', 1, '2019-12-19 20:42:41', 1, 1, '2019-12-19 20:43:35', 0, '2019-11-30 10:21:28', 1, 66, NULL, 1),
(21, '2019-11-14 00:00:00', 0, '2019-11-21 00:00:00', 'Bàn giao khi nhận đơn hàng', 0, NULL, 0, 0, NULL, 1, '2019-11-30 13:06:07', NULL, 67, NULL, 1),
(22, '2019-12-04 00:00:00', 0, '2019-12-18 00:00:00', 'Bàn giao khi nhận đơn hàng', 0, NULL, 0, 0, NULL, 1, '2019-12-12 18:18:53', NULL, 68, NULL, 1),
(23, '2019-12-05 00:00:00', 0, '2019-12-24 00:00:00', 'Bàn giao khi nhận đơn hàng', 0, NULL, 0, 0, NULL, 1, '2019-12-12 18:20:28', NULL, 69, NULL, 1),
(24, '2019-12-07 00:00:00', 0, '2019-12-15 00:00:00', 'Bàn giao khi nhận đơn hàng', 0, NULL, 0, 0, NULL, 1, '2019-12-12 18:22:25', NULL, 70, NULL, 1),
(25, '2019-12-11 00:00:00', 0, '2019-12-09 00:00:00', 'Bàn giao khi nhận đơn hàng', 0, NULL, 0, 0, NULL, 1, '2019-12-13 10:52:51', NULL, 71, NULL, 1),
(26, '2019-12-06 00:00:00', 0, '2019-12-25 00:00:00', 'Bàn giao khi nhận đơn hàng', 0, NULL, 0, 0, NULL, 1, '2019-12-14 14:17:55', NULL, 72, NULL, 10),
(27, '2019-12-06 00:00:00', 0, '2019-12-31 00:00:00', 'Bàn giao khi nhận đơn hàng', 0, NULL, 0, 0, NULL, 1, '2019-12-21 23:19:31', NULL, 73, NULL, 1),
(28, '2019-12-06 00:00:00', 0, '2019-12-26 00:00:00', 'Bàn giao khi nhận đơn hàng', 0, NULL, 0, 0, NULL, 1, '2019-12-21 23:30:22', NULL, 74, NULL, 1),
(29, '2019-12-21 00:00:00', 0, '2019-12-29 00:00:00', 'Bàn giao khi nhận đơn hàng', 0, NULL, 0, 0, NULL, 1, '2019-12-21 23:32:19', NULL, 75, NULL, 1),
(30, '2019-12-23 17:28:15', 0, '2019-12-25 00:00:00', 'Bàn giao khi nhận đơn hàng', 0, NULL, 0, 0, NULL, 1, '2019-12-23 17:28:15', NULL, 79, NULL, 1),
(31, '2019-12-25 00:20:32', 0, '2019-12-26 00:00:00', 'Bàn giao khi nhận đơn hàng', 0, NULL, 0, 0, NULL, 1, '2019-12-25 00:20:32', NULL, 81, NULL, 1),
(32, '2019-12-25 09:24:39', 0, '2019-12-31 00:00:00', 'Bàn giao khi nhận đơn hàng', 0, NULL, 0, 0, NULL, 1, '2019-12-25 09:24:40', NULL, 82, NULL, 1),
(33, '2019-12-25 09:28:34', 0, '2019-12-30 00:00:00', 'Bàn giao khi nhận đơn hàng', 0, NULL, 0, 0, NULL, 0, '2019-12-25 09:28:34', NULL, 83, NULL, 1),
(34, '2019-12-26 17:32:02', 0, '2019-12-31 00:00:00', 'Bàn giao khi nhận đơn hàng', 0, NULL, 0, 0, NULL, 0, '2019-12-26 17:32:03', NULL, 86, NULL, 1),
(35, '2019-12-28 19:04:47', 0, '2019-12-31 00:00:00', 'Bàn giao khi nhận đơn hàng', 0, NULL, 0, 0, NULL, 0, '2019-12-28 19:04:47', NULL, 87, NULL, 1),
(36, '2019-12-30 00:00:00', 0, '2019-12-31 00:00:00', 'Bàn giao khi nhận đơn hàng', 0, NULL, 0, 0, NULL, 1, '2019-12-30 11:38:31', NULL, 84, NULL, 1),
(37, '2019-12-31 08:00:00', 0, '2020-01-02 00:00:00', '', 0, NULL, 0, 0, NULL, 1, '2019-12-31 03:06:26', NULL, 83, 1, 14),
(38, '2020-01-02 10:00:00', 0, '2020-01-03 00:00:00', '', 0, NULL, 0, 0, NULL, 1, '2020-01-02 10:10:53', NULL, 87, 1, 14),
(39, '2020-01-02 00:00:00', 0, '2020-01-31 00:00:00', 'Bàn giao khi nhận đơn hàng', 0, NULL, 0, 0, NULL, 1, '2020-01-02 12:48:00', NULL, 88, NULL, 1);

-- --------------------------------------------------------

--
-- Table structure for table `qc_order_pay`
--

CREATE TABLE `qc_order_pay` (
  `pay_id` int(10) UNSIGNED NOT NULL,
  `money` int(11) NOT NULL,
  `note` varchar(225) COLLATE utf8mb4_unicode_ci DEFAULT NULL,
  `payerName` varchar(50) COLLATE utf8mb4_unicode_ci DEFAULT NULL,
  `payerPhone` varchar(30) COLLATE utf8mb4_unicode_ci DEFAULT NULL,
  `datePay` date NOT NULL,
  `created_at` datetime NOT NULL,
  `order_id` int(10) UNSIGNED NOT NULL,
  `staff_id` int(10) UNSIGNED NOT NULL
) ENGINE=InnoDB DEFAULT CHARSET=utf8mb4 COLLATE=utf8mb4_unicode_ci;

--
-- Dumping data for table `qc_order_pay`
--

INSERT INTO `qc_order_pay` (`pay_id`, `money`, `note`, `payerName`, `payerPhone`, `datePay`, `created_at`, `order_id`, `staff_id`) VALUES
(4, 150000, NULL, NULL, NULL, '2018-06-01', '2018-06-20 06:39:06', 5, 1),
(5, 400000, NULL, NULL, NULL, '2018-06-01', '2018-06-20 07:02:10', 6, 1),
(12, 100000, NULL, NULL, NULL, '2018-06-01', '2018-06-21 07:40:14', 16, 1),
(13, 100000, NULL, NULL, NULL, '2018-06-05', '2018-06-21 14:27:11', 17, 1),
(15, 50000, NULL, NULL, NULL, '2018-06-13', '2018-06-22 15:48:50', 17, 1),
(16, 70000, NULL, NULL, NULL, '2018-06-21', '2018-06-22 16:02:55', 17, 1),
(20, 50000, NULL, NULL, NULL, '2018-06-15', '2018-06-23 07:50:14', 18, 1),
(21, 500000, NULL, NULL, NULL, '2018-06-15', '2018-06-23 07:52:03', 19, 1),
(22, 50000, NULL, NULL, NULL, '2018-06-20', '2018-06-23 07:52:22', 18, 1),
(23, 100000, NULL, NULL, NULL, '2018-06-15', '2018-06-29 11:25:56', 20, 9),
(24, 300000, NULL, NULL, NULL, '2018-07-03', '2018-07-03 04:17:24', 21, 1),
(25, 500000, NULL, NULL, NULL, '2018-07-06', '2018-07-07 03:38:55', 22, 1),
(26, 20000000, NULL, NULL, NULL, '2018-07-06', '2018-07-07 04:53:56', 23, 1),
(27, 6000000, NULL, NULL, NULL, '2019-05-28', '2019-05-28 09:16:10', 24, 10),
(28, 400000, NULL, NULL, NULL, '2019-06-08', '2019-06-08 20:43:06', 32, 1),
(29, 500000, NULL, NULL, NULL, '2019-06-16', '2019-06-16 12:54:12', 33, 1),
(30, 1000000, NULL, NULL, NULL, '2019-06-16', '2019-06-16 13:56:01', 35, 1),
(31, 5000000, NULL, NULL, NULL, '2019-06-16', '2019-06-16 14:01:13', 36, 1),
(32, 2000000, NULL, NULL, NULL, '2019-06-17', '2019-06-17 11:00:10', 37, 1),
(33, 6125000, NULL, NULL, NULL, '2019-06-17', '2019-06-17 04:31:39', 35, 1),
(34, 500000, NULL, NULL, NULL, '2019-06-19', '2019-06-19 20:05:57', 38, 15),
(35, 200000, NULL, NULL, NULL, '2019-06-18', '2019-06-19 20:52:03', 39, 15),
(36, 100000, NULL, NULL, NULL, '2019-06-20', '2019-06-19 20:54:15', 40, 15),
(37, 200000, 'lần 2', 'Nguyen van b', '0123456987', '2019-06-25', '2019-06-25 10:12:30', 33, 1),
(38, 500000, NULL, NULL, NULL, '2019-06-12', '2019-06-26 10:29:00', 42, 1),
(39, 1200000, 'tại cty', 'Hồng Mi', '0123456789', '2019-06-26', '2019-06-26 16:01:20', 5, 1),
(40, 0, NULL, 'Hưởng', '0978958022', '2019-06-26', '2019-06-26 16:20:46', 16, 1),
(41, 300000, NULL, 'Trang', '0968024444', '2019-06-26', '2019-06-26 16:21:02', 17, 1),
(42, 500000, NULL, 'ffffabc', '0412345678', '2019-06-26', '2019-06-26 16:21:19', 19, 1),
(43, 500000, NULL, NULL, NULL, '2019-06-28', '2019-06-28 20:31:15', 43, 1),
(44, 500000, NULL, NULL, NULL, '2019-06-29', '2019-06-29 12:49:36', 44, 1),
(45, 500000, NULL, NULL, NULL, '2019-06-30', '2019-06-30 18:57:35', 45, 1),
(46, 900000, NULL, NULL, NULL, '2019-06-30', '2019-06-30 19:06:35', 46, 1),
(47, 500000, NULL, NULL, NULL, '2019-07-01', '2019-07-01 19:52:41', 48, 1),
(48, 5000000, NULL, NULL, NULL, '2019-07-04', '2019-07-04 13:47:57', 49, 1),
(49, 100000, NULL, NULL, NULL, '2019-07-05', '2019-07-05 19:40:37', 50, 1),
(50, 500000, NULL, NULL, NULL, '2019-07-13', '2019-07-13 11:13:24', 51, 1),
(51, 800000, NULL, NULL, NULL, '2019-07-11', '2019-07-15 22:19:08', 52, 15),
(52, 900000, NULL, NULL, NULL, '2019-07-14', '2019-07-15 22:21:25', 53, 15),
(53, 100000, NULL, 'aaa', '01236852727278', '2019-07-18', '2019-07-18 15:32:34', 50, 1),
(54, 1000000, NULL, 'test giao công trình', '0147285963', '2019-07-18', '2019-07-18 18:54:40', 49, 1),
(55, 1500000, NULL, NULL, NULL, '2019-07-11', '2019-07-20 12:51:53', 54, 1),
(56, 1000000, NULL, NULL, NULL, '2019-08-01', '2019-08-03 14:08:31', 54, 1),
(57, 500000, NULL, 'test thanh toán', '789564123', '2019-08-04', '2019-08-04 17:40:51', 54, 1),
(58, 500000, NULL, NULL, NULL, '2019-08-12', '2019-08-12 15:31:36', 55, 1),
(59, 300000, NULL, NULL, NULL, '2019-08-12', '2019-08-12 15:34:35', 56, 16),
(60, 1000000, NULL, 'khach hang 15-08-2019', NULL, '2019-08-15', '2019-08-15 17:03:42', 57, 1),
(61, 10000000, NULL, 'hùng', '0908939278', '2019-09-13', '2019-09-13 14:39:45', 59, 16),
(62, 15000000, NULL, 'hùng', '0908939278', '2019-09-13', '2019-09-13 14:41:15', 59, 16),
(63, 5000000, NULL, 'lê dương', '0936317881', '2019-06-06', '2019-09-13 14:43:49', 60, 16),
(64, 5000000, NULL, 'lê dương', '0936317881', '2019-09-13', '2019-09-13 14:45:28', 61, 16),
(65, 5000000, NULL, 'khách hang a', '023698547', '2019-09-18', '2019-09-18 10:07:15', 62, 1),
(66, 300000, NULL, 'CHỊ BÁN GÀ NƯỚNG', '012587469', '2019-09-18', '2019-09-18 10:07:39', 58, 1),
(67, 500000, NULL, 'khác hàng 5', '012369787', '2019-10-01', '2019-10-01 16:30:24', 63, 1),
(68, 900000, NULL, 'khác hàng 6', '02589633', '2019-10-02', '2019-10-01 16:31:36', 64, 1),
(69, 100000, NULL, 'test new 18/10', '2022', '2019-10-03', '2019-10-18 01:52:08', 65, 1),
(70, 900000, NULL, 'test new 18/10', '2022', '2019-11-02', '2019-11-02 11:20:05', 65, 1),
(71, 0, NULL, 'khác hàng 6', '02589633', '2019-11-02', '2019-11-02 11:22:15', 64, 1),
(72, 100000, NULL, 'khác hàng 6', '02589633', '2019-11-02', '2019-11-02 11:48:30', 64, 1),
(73, 300000, NULL, 'khách hàng tháng 11', '012369845', '2019-11-09', '2019-11-30 10:21:28', 66, 1),
(74, 400000, NULL, 'khách hàng tháng 11 -1', '147869535', '2019-11-30', '2019-11-30 13:07:58', 67, 1),
(75, 1300000, NULL, 'khách hàng tháng 11', '012369845', '2019-12-12', '2019-12-12 17:54:32', 66, 1),
(76, 2000000, NULL, 'nguyen van b', '0123698745', '2019-12-05', '2019-12-12 18:20:28', 69, 1),
(77, 3000000, NULL, 'test  order contact 1', '0258794613', '2019-12-07', '2019-12-12 18:22:25', 70, 1),
(78, 1000000, NULL, 'khách hàng tháng 11 -1', '147869535', '2019-12-12', '2019-12-12 23:15:44', 67, 1),
(79, 2000000, NULL, 'khách hàng tháng 11 -1', '147869535', '2019-12-12', '2019-12-12 23:20:19', 67, 1),
(80, 1000000, NULL, 'khách hàng tháng 11 -1', '147869535', '2019-12-12', '2019-12-12 23:24:07', 67, 1),
(81, 500000, NULL, 'khách hàng tháng 11 -1', '147869535', '2019-12-12', '2019-12-12 23:25:11', 67, 1),
(82, 475000, NULL, 'nguyen van b', '0123698745', '2019-12-11', '2019-12-13 10:52:50', 71, 1),
(83, 3000000, NULL, 'khach hang 11', '0335927506', '2019-12-06', '2019-12-14 14:17:55', 72, 10),
(84, 100000, NULL, 'CHỊ BÁN GÀ NƯỚNG', '012587469', '2019-12-06', '2019-12-21 23:30:22', 74, 1),
(85, 3000000, NULL, 'tuan', '012345698', '2019-12-21', '2019-12-21 23:32:19', 75, 1),
(86, 1000000, NULL, 'Trung', '0936656785', '2019-12-25', '2019-12-25 09:29:44', 83, 1),
(87, 1000000, NULL, 'Trần văn Đồng', '0123456789', '2019-12-25', '2019-12-25 22:46:29', 46, 1),
(88, 500000, NULL, 'khách hàng tháng 11', '012369845', '2019-12-25', '2019-12-25 22:53:13', 81, 1),
(89, 100000, NULL, 'Trần văn Đồng b', '0123456781', '2019-12-28', '2019-12-28 19:04:47', 87, 1),
(90, 1000000, NULL, 'test  báo giá 3', '0265985478', '2019-12-30', '2019-12-30 11:38:31', 84, 1),
(91, 10900000, NULL, 'Trần văn Đồng b', '0123456781', '2020-01-02', '2020-01-02 11:06:48', 87, 1),
(92, 5000000, NULL, 'Trần văn Đồng b', '0123456781', '2020-01-02', '2020-01-02 11:59:17', 87, 1),
(93, 1000000, NULL, 'Nguyễn văn a', '012345698', '2020-01-02', '2020-01-02 12:48:00', 88, 1);

-- --------------------------------------------------------

--
-- Table structure for table `qc_payment`
--

CREATE TABLE `qc_payment` (
  `payment_id` int(10) UNSIGNED NOT NULL,
  `paymentCode` varchar(30) COLLATE utf8mb4_unicode_ci NOT NULL,
  `money` int(11) NOT NULL,
  `datePay` datetime NOT NULL,
  `note` varchar(300) COLLATE utf8mb4_unicode_ci NOT NULL,
  `created_at` datetime NOT NULL,
  `type_id` int(10) UNSIGNED NOT NULL,
  `company_id` int(10) UNSIGNED NOT NULL,
  `staff_id` int(10) UNSIGNED NOT NULL
) ENGINE=InnoDB DEFAULT CHARSET=utf8mb4 COLLATE=utf8mb4_unicode_ci;

--
-- Dumping data for table `qc_payment`
--

INSERT INTO `qc_payment` (`payment_id`, `paymentCode`, `money`, `datePay`, `note`, `created_at`, `type_id`, `company_id`, `staff_id`) VALUES
(2, '180608175921', 50000, '2018-06-08 00:00:00', 'cf ong dia', '2018-06-08 17:59:21', 1, 2, 1),
(3, '180609025215', 200000, '2018-06-09 00:00:00', 'chở giàn giáo', '2018-06-09 02:52:15', 2, 2, 1),
(4, '180609030114', 1200000, '2018-06-09 00:00:00', 'sắt liên hiệp', '2018-06-09 03:01:14', 5, 2, 1),
(5, '180612022705', 700000, '2018-06-11 00:00:00', 'mua sắt', '2018-06-12 02:27:05', 1, 2, 1),
(6, '180613015133', 100000, '2018-06-09 00:00:00', 'tôn', '2018-06-13 01:51:33', 5, 2, 1),
(7, '180613094732', 720000, '2018-06-13 00:00:00', 'alu', '2018-06-13 09:47:32', 5, 2, 1),
(8, '180613094837', 300000, '2018-06-13 00:00:00', 'xe chở bảng hiệu', '2018-06-13 09:48:37', 2, 2, 7),
(9, '180613094922', 1000000, '2018-06-13 00:00:00', 'Thuế', '2018-06-13 09:49:22', 1, 2, 7),
(10, '180613095032', 500000, '2018-06-13 00:00:00', 'xe', '2018-06-13 09:50:32', 2, 1, 9);

-- --------------------------------------------------------

--
-- Table structure for table `qc_payment_type`
--

CREATE TABLE `qc_payment_type` (
  `type_id` int(10) UNSIGNED NOT NULL,
  `name` varchar(100) COLLATE utf8mb4_unicode_ci NOT NULL,
  `action` int(1) NOT NULL DEFAULT '1',
  `created_at` datetime NOT NULL
) ENGINE=InnoDB DEFAULT CHARSET=utf8mb4 COLLATE=utf8mb4_unicode_ci;

--
-- Dumping data for table `qc_payment_type`
--

INSERT INTO `qc_payment_type` (`type_id`, `name`, `action`, `created_at`) VALUES
(1, 'Cố định', 1, '2018-06-08 07:31:04'),
(2, 'Thi công ', 1, '2018-06-08 07:31:36'),
(3, 'Tiếp khách', 1, '2018-06-08 07:32:11'),
(4, 'Hoạt động công ty', 1, '2018-06-08 07:32:23'),
(5, 'Vật tư', 1, '2018-06-09 02:58:26'),
(6, 'In', 1, '2018-06-09 02:58:31'),
(7, 'Cắt', 1, '2018-06-09 02:58:37');

-- --------------------------------------------------------

--
-- Table structure for table `qc_pay_activity_detail`
--

CREATE TABLE `qc_pay_activity_detail` (
  `pay_id` int(10) UNSIGNED NOT NULL,
  `payCode` varchar(30) COLLATE utf8mb4_unicode_ci NOT NULL,
  `money` int(11) NOT NULL,
  `payDate` datetime NOT NULL,
  `payImage` varchar(255) COLLATE utf8mb4_unicode_ci DEFAULT NULL,
  `note` varchar(300) COLLATE utf8mb4_unicode_ci DEFAULT NULL,
  `confirmStatus` tinyint(4) NOT NULL DEFAULT '0',
  `confirmDate` datetime DEFAULT NULL,
  `confirmNote` text COLLATE utf8mb4_unicode_ci,
  `invalidStatus` tinyint(4) NOT NULL DEFAULT '1',
  `payList_id` int(10) UNSIGNED NOT NULL,
  `created_at` datetime NOT NULL,
  `company_id` int(10) UNSIGNED NOT NULL,
  `staff_id` int(10) UNSIGNED NOT NULL,
  `confirmStaff_id` int(10) UNSIGNED DEFAULT NULL
) ENGINE=InnoDB DEFAULT CHARSET=utf8mb4 COLLATE=utf8mb4_unicode_ci;

--
-- Dumping data for table `qc_pay_activity_detail`
--

INSERT INTO `qc_pay_activity_detail` (`pay_id`, `payCode`, `money`, `payDate`, `payImage`, `note`, `confirmStatus`, `confirmDate`, `confirmNote`, `invalidStatus`, `payList_id`, `created_at`, `company_id`, `staff_id`, `confirmStaff_id`) VALUES
(1, '190819234721', 1250000, '2019-08-19 00:00:00', '190819234721.JPG', NULL, 0, NULL, NULL, 1, 5, '2019-08-19 23:47:21', 1, 1, NULL),
(7, '190820002149', 111111, '2019-08-19 00:00:00', '190820002149.JPG', NULL, 1, '2019-08-20 16:32:47', 'Chi không đúng', 0, 8, '2019-08-20 00:21:49', 1, 1, 1),
(8, '190820002206', 500000, '2019-08-19 00:00:00', '190820002205.jpg', NULL, 1, '2019-08-20 16:27:28', 'chi hơp lệ - good', 1, 7, '2019-08-20 00:22:06', 1, 1, 1),
(9, '190820135654', 500000, '2019-08-20 00:00:00', NULL, 'thi công', 1, '2019-08-20 16:43:55', 'chi hợp lề', 1, 6, '2019-08-20 13:56:54', 2, 16, 1),
(10, '190913144151', 500000, '2019-09-13 00:00:00', NULL, NULL, 0, NULL, NULL, 1, 7, '2019-09-13 14:41:51', 2, 16, NULL),
(11, '190913145555', 28000, '2019-09-13 00:00:00', NULL, NULL, 1, '2019-09-18 23:30:50', NULL, 1, 3, '2019-09-13 14:55:55', 2, 16, 16),
(12, '190916225838', 1000000, '2019-09-16 00:00:00', NULL, 'test', 0, NULL, NULL, 1, 1, '2019-09-16 22:58:38', 2, 16, NULL),
(13, '190918100855', 1500000, '2019-09-18 00:00:00', NULL, NULL, 0, NULL, NULL, 1, 5, '2019-09-18 10:08:55', 1, 1, NULL),
(14, '191119185121', 500000, '2019-11-19 00:00:00', '191119185121.png', 'abc', 0, NULL, NULL, 1, 9, '2019-11-19 18:51:21', 1, 1, NULL),
(15, '191218162316', 2000000, '2019-12-18 00:00:00', NULL, 'abc', 1, '2019-12-18 17:18:55', NULL, 1, 5, '2019-12-18 16:23:16', 1, 1, 1),
(16, '191218162342', 20000, '2019-12-18 00:00:00', NULL, 'jkk', 1, '2019-12-18 17:21:44', 'Chi không đúng', 0, 3, '2019-12-18 16:23:42', 1, 1, 1),
(17, '191218162355', 100000, '2019-12-18 00:00:00', NULL, 'jkk', 0, NULL, NULL, 1, 1, '2019-12-18 16:23:55', 1, 1, NULL),
(18, '191218162406', 30000, '2019-12-18 00:00:00', NULL, 'jkk', 0, NULL, NULL, 1, 2, '2019-12-18 16:24:06', 1, 1, NULL);

-- --------------------------------------------------------

--
-- Table structure for table `qc_pay_activity_list`
--

CREATE TABLE `qc_pay_activity_list` (
  `payList_id` int(10) UNSIGNED NOT NULL,
  `name` varchar(100) COLLATE utf8mb4_unicode_ci NOT NULL,
  `description` varchar(100) COLLATE utf8mb4_unicode_ci NOT NULL,
  `type` tinyint(4) NOT NULL DEFAULT '1',
  `created_at` datetime NOT NULL
) ENGINE=InnoDB DEFAULT CHARSET=utf8mb4 COLLATE=utf8mb4_unicode_ci;

--
-- Dumping data for table `qc_pay_activity_list`
--

INSERT INTO `qc_pay_activity_list` (`payList_id`, `name`, `description`, `type`, `created_at`) VALUES
(1, 'Thuế môn bài', 'Đóng thuế nhà nước', 1, '2019-08-19 11:43:52'),
(2, 'Rác', 'Rác sinh hoạt hàng tháng', 1, '2019-08-19 11:48:25'),
(3, 'Nươc lọc', 'Nước uống', 2, '2019-08-19 11:48:43'),
(4, 'Nước sinh hoạt', 'Nước sinh hoạt toàn cty', 1, '2019-08-19 11:49:19'),
(5, 'Điện', 'Điện sinh hoạt + sản xuất', 1, '2019-08-19 11:49:57'),
(6, 'Xe chở giàn giáo', 'Chở giàn giáo thi công', 2, '2019-08-19 11:50:30'),
(7, 'Xe chở bảng hiệu', 'Chở bảng hiệu đi thi công', 2, '2019-08-19 11:50:50'),
(8, 'Hoạt động cty', 'Ăn nhậu, liên hoan, vui chơi giải trí.....', 2, '2019-08-19 11:51:37'),
(9, 'Khác', 'chi các lĩnh vực ít phát sinh chưa có trong danh mục', 2, '2019-08-19 11:52:14');

-- --------------------------------------------------------

--
-- Table structure for table `qc_products`
--

CREATE TABLE `qc_products` (
  `product_id` int(10) UNSIGNED NOT NULL,
  `width` int(11) DEFAULT '0',
  `height` int(11) DEFAULT '0',
  `depth` int(11) DEFAULT '0',
  `price` int(11) NOT NULL DEFAULT '0',
  `amount` int(11) NOT NULL DEFAULT '0',
  `description` varchar(300) COLLATE utf8mb4_unicode_ci DEFAULT NULL,
  `designImage` varchar(200) COLLATE utf8mb4_unicode_ci DEFAULT NULL,
  `productImage` varchar(200) COLLATE utf8mb4_unicode_ci DEFAULT NULL,
  `finishStatus` tinyint(4) NOT NULL DEFAULT '0',
  `finishDate` datetime DEFAULT NULL,
  `cancelStatus` tinyint(4) NOT NULL DEFAULT '0',
  `created_at` datetime NOT NULL,
  `type_id` int(10) UNSIGNED NOT NULL,
  `order_id` int(10) UNSIGNED NOT NULL,
  `confirmStaff_id` int(10) UNSIGNED DEFAULT NULL
) ENGINE=InnoDB DEFAULT CHARSET=utf8mb4 COLLATE=utf8mb4_unicode_ci;

--
-- Dumping data for table `qc_products`
--

INSERT INTO `qc_products` (`product_id`, `width`, `height`, `depth`, `price`, `amount`, `description`, `designImage`, `productImage`, `finishStatus`, `finishDate`, `cancelStatus`, `created_at`, `type_id`, `order_id`, `confirmStaff_id`) VALUES
(1, 350, 1400, NULL, 750000, 2, NULL, NULL, NULL, 0, NULL, 0, '2018-06-20 06:39:06', 4, 5, NULL),
(2, 600, 1000, NULL, 200000, 2, 'I', NULL, NULL, 0, NULL, 0, '2018-06-20 07:02:10', 6, 6, NULL),
(14, 500, 1000, NULL, 80000, 1, NULL, NULL, NULL, 1, NULL, 1, '2018-06-21 07:40:14', 6, 16, 1),
(15, 500, 700, NULL, 70000, 1, NULL, NULL, NULL, 1, NULL, 1, '2018-06-21 07:40:14', 6, 16, 1),
(16, 800, 1000, NULL, 220000, 1, 'd', NULL, NULL, 0, NULL, 0, '2018-06-21 14:27:12', 8, 17, NULL),
(17, 1000, 1000, NULL, 300000, 1, 'e', NULL, NULL, 0, NULL, 0, '2018-06-21 14:27:12', 7, 17, NULL),
(18, 1000, 998, NULL, 10000, 1, NULL, NULL, NULL, 0, NULL, 0, '2018-06-23 07:50:14', 8, 18, NULL),
(19, 1000, 998, NULL, 1000000, 1, NULL, NULL, NULL, 1, '1970-01-01 00:00:00', 0, '2018-06-23 07:52:03', 2, 19, 1),
(20, 1000, 1000, NULL, 100000, 1, 'dan bien dong khoen', NULL, NULL, 0, NULL, 0, '2018-06-29 11:25:56', 8, 20, NULL),
(21, 1000, 2000, NULL, 500000, 1, NULL, NULL, NULL, 0, NULL, 0, '2018-07-03 04:17:24', 7, 21, NULL),
(22, 900, 1250, NULL, 1000000, 1, 'ko giao', NULL, NULL, 0, NULL, 0, '2018-07-07 03:38:55', 3, 22, NULL),
(23, 10000, 2000, NULL, 50000000, 1, 'mmm', NULL, NULL, 1, '1970-01-01 00:00:00', 0, '2018-07-07 04:53:56', 5, 23, 1),
(24, 6500, 1500, 20, 5000000, 1, 'bạt căn trên nền tôn', NULL, NULL, 0, NULL, 0, '2019-05-28 09:16:10', 6, 24, NULL),
(25, 1200, 800, 150, 7000000, 1, 'bao gồm thi công', NULL, NULL, 0, NULL, 0, '2019-05-28 09:16:10', 1, 24, NULL),
(26, 1200, 1000, 0, 8000000, 1, NULL, NULL, NULL, 0, NULL, 0, '2019-06-08 20:43:06', 1, 32, NULL),
(27, 3000, 2000, 0, 2000000, 1, 'bao gom lắp đặt', NULL, NULL, 0, NULL, 0, '2019-06-16 12:54:12', 6, 33, NULL),
(28, 1000, 5000, 0, 300000, 1, 'tặng', NULL, NULL, 0, NULL, 0, '2019-06-16 13:46:09', 6, 34, NULL),
(29, 6000, 500, 0, 200000, 1, 'Tặng', NULL, NULL, 0, NULL, 0, '2019-06-16 13:46:09', 4, 34, NULL),
(30, 1220, 1000, 100, 7000000, 1, 'bao gom lắp đặt', NULL, NULL, 0, NULL, 0, '2019-06-16 13:56:01', 1, 35, NULL),
(31, 5000, 1000, 0, 500000, 1, 'bao gom lắp đặt', NULL, NULL, 0, NULL, 0, '2019-06-16 13:56:01', 4, 35, NULL),
(32, 8000, 3000, 0, 10000000, 2, 'bao gom lắp đặt', NULL, NULL, 0, NULL, 0, '2019-06-16 14:01:13', 6, 36, NULL),
(33, 3000, 600, 0, 10000000, 1, NULL, NULL, NULL, 0, NULL, 0, '2019-06-17 03:27:25', 2, 36, NULL),
(34, 5000, 2000, 0, 5000000, 1, 'bao gom lắp đặt', NULL, NULL, 0, NULL, 0, '2019-06-17 11:00:10', 5, 37, NULL),
(35, 2000, 500, 0, 500000, 1, 'bao gom lắp đặt', NULL, NULL, 0, NULL, 0, '2019-06-17 11:00:10', 4, 37, NULL),
(36, 5000, 1000, 0, 400000, 1, 'bao gom lắp đặt', NULL, NULL, 0, NULL, 0, '2019-06-19 20:05:57', 6, 38, NULL),
(37, 800, 600, 70, 3500000, 1, 'bao gom lắp đặt', NULL, NULL, 0, NULL, 0, '2019-06-19 20:05:57', 1, 38, NULL),
(38, 3000, 500, 0, 400000, 1, NULL, NULL, NULL, 0, NULL, 0, '2019-06-19 13:36:17', 7, 38, NULL),
(39, 200000, 800, 0, 200000, 1, 'bao gom lắp đặt', NULL, NULL, 0, NULL, 0, '2019-06-19 20:52:03', 4, 39, NULL),
(40, 3000, 600, 0, 600000, 1, 'bao gom lắp đặt', NULL, NULL, 0, NULL, 1, '2019-06-19 20:54:15', 4, 40, NULL),
(41, 7000, 2200, 0, 1200000, 1, NULL, NULL, NULL, 0, NULL, 0, '2019-06-26 10:29:00', 8, 42, NULL),
(42, 5000, 500, 0, 300000, 1, 'chỉ in', NULL, NULL, 1, NULL, 1, '2019-06-28 14:56:43', 4, 33, 1),
(43, 3000, 1000, 0, 600000, 1, 'in và dán', NULL, NULL, 1, '2019-06-28 21:20:48', 0, '2019-06-28 14:57:59', 7, 33, 1),
(44, 1200, 800, 70, 6000000, 1, 'bao gồm lắp đặt', NULL, NULL, 0, NULL, 0, '2019-06-28 20:18:17', 1, 42, NULL),
(45, 6000, 500, 0, 800000, 2, 'chỉ in', NULL, NULL, 0, NULL, 0, '2019-06-28 20:21:13', 8, 42, NULL),
(46, 800, 600, 0, 4000000, 1, 'bao gom lắp đặt', NULL, NULL, 0, NULL, 1, '2019-06-28 20:31:14', 3, 43, NULL),
(47, 1000, 500, 0, 300000, 1, 'thi công', NULL, NULL, 0, NULL, 1, '2019-06-28 20:31:14', 7, 43, NULL),
(48, 1000, 800, 0, 5800000, 1, 'bao gom lắp đặt', NULL, NULL, 0, NULL, 0, '2019-06-29 12:49:36', 1, 44, NULL),
(49, 5000, 600, 0, 1000000, 1, 'bao gom lắp đặt', '190812150352.png', NULL, 0, NULL, 0, '2019-06-30 18:57:35', 6, 45, NULL),
(50, 1000, 500, 0, 8000000, 2, 'bao gom lắp đặt', '190812145146.JPG', NULL, 0, NULL, 0, '2019-06-30 19:06:35', 1, 46, NULL),
(51, 1200, 800, 0, 6000000, 1, 'bao gom lắp đặt', NULL, NULL, 0, NULL, 0, '2019-07-01 19:52:41', 1, 48, NULL),
(52, 1220, 500, 70, 9000000, 1, 'bao gom lắp đặt', NULL, NULL, 1, '2019-07-05 19:38:49', 0, '2019-07-04 13:47:57', 1, 49, 1),
(53, 5000, 1000, 0, 1500, 1, 'bao gom lắp đặt', NULL, NULL, 1, '2019-07-04 23:26:42', 0, '2019-07-04 23:04:23', 7, 49, 1),
(54, 5000, 1000, 0, 1000000, 1, 'bao gom lắp đặt', NULL, NULL, 1, '2019-07-05 19:41:48', 0, '2019-07-05 19:40:37', 6, 50, 1),
(55, 1200, 500, 0, 5000, 1, 'bao gom lắp đặt', NULL, NULL, 1, '2019-07-05 19:43:16', 0, '2019-07-05 19:41:35', 1, 50, 1),
(56, 6000, 800, 0, 1500000, 1, 'bao gom lắp đặt', '190812002117.JPG', NULL, 0, NULL, 0, '2019-07-13 11:13:24', 6, 51, NULL),
(57, 2000, 1000, 0, 1000000, 1, 'bao lắp', NULL, NULL, 0, NULL, 0, '2019-07-15 22:19:08', 3, 52, NULL),
(58, 8000, 3000, 0, 9000000, 1, 'lắp đặt', NULL, NULL, 0, NULL, 0, '2019-07-15 22:21:25', 5, 53, NULL),
(59, 6000, 800, 0, 5000000, 1, 'bao gom lắp đặt', NULL, NULL, 0, NULL, 0, '2019-07-20 12:51:53', 6, 54, NULL),
(60, 1000, 2000, 0, 1000000, 1, 'bao gom lắp đặt', NULL, NULL, 1, '2019-08-26 11:55:58', 0, '2019-08-12 15:31:36', 6, 55, 1),
(61, 3000, 2000, 0, 2000000, 1, 'bao gom lắp đặt', NULL, NULL, 1, '2019-08-26 11:56:03', 0, '2019-08-12 15:31:36', 7, 55, 1),
(62, 5000, 1000, 0, 1000000, 1, 'bao gồm thi công', NULL, NULL, 0, NULL, 0, '2019-08-12 15:34:35', 4, 56, NULL),
(63, 1200, 1000, 70, 6000000, 1, 'bao gom lắp đặt', '190815171344.jpg', NULL, 0, NULL, 0, '2019-08-15 17:03:42', 1, 57, NULL),
(64, 5000, 900, NULL, 900000, 1, 'bao gom lắp đặt', NULL, NULL, 0, NULL, 0, '2019-08-15 17:16:43', 4, 57, NULL),
(65, 1000, 600, 140, 5000000, 1, 'bao gom lắp đặt', '190815171914.png', NULL, 0, NULL, 0, '2019-08-15 17:18:23', 2, 57, NULL),
(66, 1000, 500, NULL, 600000, 1, 'bao gồm lắp đặt', NULL, NULL, 0, NULL, 0, '2019-09-06 16:33:19', 4, 58, NULL),
(67, 5000, 2000, NULL, 30000000, 1, 'lắp đặt', NULL, NULL, 0, NULL, 0, '2019-09-13 14:38:12', 2, 59, NULL),
(68, 6000, 1500, NULL, 40000000, 1, NULL, NULL, NULL, 0, NULL, 0, '2019-09-13 14:43:49', 1, 60, NULL),
(69, 6000, 1500, NULL, 40000000, 1, 'lắp đặt', NULL, NULL, 0, NULL, 0, '2019-09-13 14:45:28', 1, 61, NULL),
(70, 5000, 1000, 100, 20000000, 1, 'bao gom lắp đặt', NULL, NULL, 0, NULL, 0, '2019-09-18 10:07:15', 1, 62, NULL),
(71, 8000, 600, NULL, 600000, 1, 'bao gom lắp đặt', NULL, NULL, 0, NULL, 0, '2019-09-18 10:07:15', 4, 62, NULL),
(72, 5000, 2000, NULL, 3000000, 1, 'bao gom lắp đặt', NULL, NULL, 0, NULL, 0, '2019-10-01 16:30:24', 6, 63, NULL),
(73, 8000, 1000, NULL, 900000, 1, 'bao gom lắp đặt', NULL, NULL, 0, NULL, 0, '2019-10-01 16:30:24', 4, 63, NULL),
(74, 1200, 1000, NULL, 6000000, 1, 'bao gom lắp đặt', NULL, NULL, 0, NULL, 0, '2019-10-01 16:31:36', 1, 64, NULL),
(75, 5000, 100, 0, 1000000, 1, 'làm theo thiết kế', NULL, NULL, 0, NULL, 0, '2019-10-18 01:52:08', 8, 65, NULL),
(76, 5000, 1000, NULL, 600000, 1, 'căn', NULL, NULL, 1, '2019-12-19 20:38:43', 0, '2019-11-30 10:21:28', 4, 66, 1),
(77, 3000, 500, NULL, 1000000, 1, 'làm theo thiết kế', NULL, NULL, 1, '2019-12-19 20:38:47', 0, '2019-11-30 13:04:25', 6, 66, 1),
(78, 1200, 1000, NULL, 6000000, 1, 'làm theo thiết kế', NULL, NULL, 0, NULL, 0, '2019-11-30 13:06:07', 1, 67, NULL),
(79, 8000, 500, NULL, 500000, 1, 'làm theo thiết kế', NULL, NULL, 0, NULL, 0, '2019-11-30 13:07:16', 4, 67, NULL),
(80, 3000, 1000, NULL, 900000, 1, 'làm theo thiết kế', NULL, NULL, 0, NULL, 0, '2019-11-30 13:07:16', 7, 67, NULL),
(81, 5000, 1000, NULL, 1000000, 1, 'bao gom lắp đặt', NULL, NULL, 0, NULL, 1, '2019-12-12 18:18:53', 4, 68, NULL),
(82, 5000, 1200, NULL, 6000000, 1, 'bao gom lắp đặt', NULL, NULL, 0, NULL, 0, '2019-12-12 18:20:28', 5, 69, NULL),
(83, 1000, 800, NULL, 5000000, 1, 'bao gom lắp đặt', '191221230018.png', NULL, 0, NULL, 0, '2019-12-12 18:22:25', 1, 70, NULL),
(84, 5000, 1000, NULL, 500000, 1, NULL, NULL, NULL, 0, NULL, 0, '2019-12-13 10:52:50', 7, 71, NULL),
(85, 2000, 1000, NULL, 9000000, 1, 'lắp đặt', NULL, NULL, 0, NULL, 0, '2019-12-14 14:17:55', 1, 72, NULL),
(86, 6000, 1000, NULL, 3000000, 1, 'them', NULL, NULL, 0, NULL, 0, '2019-12-19 17:29:37', 5, 70, NULL),
(87, 9000, 1000, NULL, 500000, 1, NULL, NULL, NULL, 0, NULL, 0, '2019-12-21 22:56:46', 4, 70, NULL),
(88, 800, 800, NULL, 4500000, 1, NULL, NULL, NULL, 0, NULL, 0, '2019-12-21 23:19:31', 1, 73, NULL),
(89, 2000, 1000, NULL, 900000, 1, NULL, NULL, NULL, 0, NULL, 0, '2019-12-21 23:30:22', 2, 74, NULL),
(90, 8000, 5000, NULL, 20000000, 1, NULL, NULL, NULL, 0, NULL, 1, '2019-12-21 23:32:19', 5, 75, NULL),
(91, 5000, 1000, NULL, 2500000, 1, NULL, NULL, NULL, 0, NULL, 1, '2019-12-23 15:09:45', 5, 76, NULL),
(92, 3000, 900, NULL, 5000000, 1, 'làm theo thiết kế', NULL, NULL, 0, NULL, 1, '2019-12-23 15:09:45', 14, 76, NULL),
(93, 5000, 1000, NULL, 500000, 1, 'lap dat', NULL, NULL, 0, NULL, 0, '2019-12-23 17:13:00', 4, 77, NULL),
(94, 1200, 1000, NULL, 6000000, 1, 'làm theo thiết kế', NULL, NULL, 0, NULL, 0, '2019-12-23 17:13:00', 1, 77, NULL),
(96, 4000, 1200, NULL, 8000000, 1, 'lap dat', '191225000141.jpg', NULL, 0, NULL, 0, '2019-12-23 17:28:15', 2, 79, NULL),
(97, 10000, 2000, NULL, 10000000, 1, 'làm theo thiết kế', NULL, NULL, 0, NULL, 0, '2019-12-25 00:15:13', 5, 80, NULL),
(98, 3000, 1000, NULL, 9000000, 1, 'lap dat', '191225224828.png', NULL, 0, NULL, 0, '2019-12-25 00:20:32', 1, 81, NULL),
(99, 6000, 550, NULL, 500000, 1, 'lap dat', NULL, NULL, 0, NULL, 0, '2019-12-25 09:24:40', 14, 82, NULL),
(100, 200, 200, NULL, 600000, 1, 'lap dat', NULL, NULL, 0, NULL, 0, '2019-12-25 09:28:34', 15, 83, NULL),
(101, 5000, 1000, NULL, 5000000, 1, 'làm theo thiết kế', NULL, NULL, 0, NULL, 0, '2019-12-25 09:28:34', 16, 83, NULL),
(102, 5000, 1000, NULL, 900000, 1, 'làm theo thiết kế', '191226201305.png', NULL, 0, NULL, 0, '2019-12-25 10:01:20', 17, 84, NULL),
(103, 1000, 500, NULL, 3000000, 2, NULL, '191225103215.JPG', NULL, 0, NULL, 0, '2019-12-25 10:26:36', 2, 82, NULL),
(104, 5000, 600, NULL, 1000000, 1, 'làm theo thiết kế', NULL, NULL, 0, NULL, 0, '2019-12-25 10:26:36', 8, 82, NULL),
(105, 5000, 600, NULL, 2000000, 1, 'làm theo thiết kế', NULL, NULL, 0, NULL, 0, '2019-12-25 10:26:36', 18, 82, NULL),
(106, 10000, 1000, NULL, 800000, 1, 'làm theo thiết kế', NULL, NULL, 0, NULL, 0, '2019-12-25 11:04:09', 4, 81, NULL),
(107, 5000, 2000, NULL, 600000, 1, 'lap dat', NULL, NULL, 0, NULL, 0, '2019-12-25 11:05:26', 8, 81, NULL),
(108, 1000, 2000, NULL, 2500000, 1, 'lắp đặt', NULL, NULL, 0, NULL, 0, '2019-12-26 00:34:20', 1, 85, NULL),
(109, 10000, 1200, NULL, 500000, 1, 'tu lay', '191227090643.jpg', NULL, 0, NULL, 0, '2019-12-26 17:32:03', 4, 86, NULL),
(110, 2000, 1000, NULL, 5000000, 1, 'làm theo thiết kế', NULL, NULL, 0, NULL, 0, '2019-12-26 20:09:45', 2, 84, NULL),
(111, 800, 1250, NULL, 800000, 1, 'làm theo thiết kế', NULL, NULL, 0, NULL, 0, '2019-12-26 20:09:45', 6, 84, NULL),
(112, 800, 600, NULL, 3500000, 1, 'lap dat', '191226201937.JPG', NULL, 0, NULL, 0, '2019-12-26 20:09:45', 1, 84, NULL),
(114, 800, 1250, NULL, 800000, 1, 'làm theo thiết kế', NULL, NULL, 0, NULL, 0, '2019-12-26 20:13:08', 6, 84, NULL),
(115, 1000, 1000, NULL, 5000000, 1, 'lap dat', '200102103758.JPG', NULL, 0, NULL, 0, '2019-12-28 19:04:47', 2, 87, NULL),
(116, 5000, 1000, NULL, 6000000, 1, 'làm theo thiết kế', '200102103835.jpg', NULL, 0, NULL, 0, '2019-12-28 19:06:36', 14, 87, NULL),
(117, 10000, 5000, NULL, 5000000, 1, 'làm theo thiết kế', NULL, NULL, 0, NULL, 0, '2020-01-02 11:08:19', 5, 87, NULL),
(118, 10000, 5000, NULL, 5000000, 1, 'làm theo thiết kế', NULL, NULL, 0, NULL, 0, '2020-01-02 12:47:26', 3, 88, NULL),
(119, 10000, 5000, NULL, 9000000, 1, NULL, NULL, NULL, 0, NULL, 0, '2020-01-02 13:05:34', 1, 89, NULL),
(120, 10000, 300, NULL, 5000000, 1, NULL, NULL, NULL, 0, NULL, 0, '2020-01-02 13:59:49', 1, 90, NULL);

-- --------------------------------------------------------

--
-- Table structure for table `qc_product_repair`
--

CREATE TABLE `qc_product_repair` (
  `repair_id` int(10) UNSIGNED NOT NULL,
  `beginDate` datetime NOT NULL,
  `deadline` datetime NOT NULL,
  `repairType` tinyint(4) NOT NULL DEFAULT '1',
  `noted` text COLLATE utf8mb4_unicode_ci NOT NULL,
  `action` tinyint(4) NOT NULL DEFAULT '1',
  `created_at` datetime NOT NULL,
  `product_id` int(10) UNSIGNED DEFAULT NULL,
  `allocationStaff_id` int(10) UNSIGNED NOT NULL
) ENGINE=InnoDB DEFAULT CHARSET=utf8mb4 COLLATE=utf8mb4_unicode_ci;

-- --------------------------------------------------------

--
-- Table structure for table `qc_product_repair_allocation`
--

CREATE TABLE `qc_product_repair_allocation` (
  `allocation_id` int(10) UNSIGNED NOT NULL,
  `role` tinyint(4) NOT NULL DEFAULT '1',
  `action` tinyint(4) NOT NULL DEFAULT '1',
  `created_at` datetime NOT NULL,
  `repair_id` int(10) UNSIGNED DEFAULT NULL,
  `staff_id` int(10) UNSIGNED NOT NULL
) ENGINE=InnoDB DEFAULT CHARSET=utf8mb4 COLLATE=utf8mb4_unicode_ci;

-- --------------------------------------------------------

--
-- Table structure for table `qc_product_repair_finish`
--

CREATE TABLE `qc_product_repair_finish` (
  `finish_id` int(10) UNSIGNED NOT NULL,
  `finishDate` datetime NOT NULL,
  `finishStatus` tinyint(4) NOT NULL DEFAULT '1',
  `finishLevel` tinyint(4) NOT NULL DEFAULT '0',
  `noted` text COLLATE utf8mb4_unicode_ci,
  `created_at` datetime NOT NULL,
  `repair_id` int(10) UNSIGNED NOT NULL
) ENGINE=InnoDB DEFAULT CHARSET=utf8mb4 COLLATE=utf8mb4_unicode_ci;

-- --------------------------------------------------------

--
-- Table structure for table `qc_product_repair_finish_image`
--

CREATE TABLE `qc_product_repair_finish_image` (
  `image_id` int(10) UNSIGNED NOT NULL,
  `name` varchar(300) COLLATE utf8mb4_unicode_ci NOT NULL,
  `created_at` datetime NOT NULL,
  `finish_id` int(10) UNSIGNED NOT NULL
) ENGINE=InnoDB DEFAULT CHARSET=utf8mb4 COLLATE=utf8mb4_unicode_ci;

-- --------------------------------------------------------

--
-- Table structure for table `qc_product_type`
--

CREATE TABLE `qc_product_type` (
  `type_id` int(10) UNSIGNED NOT NULL,
  `typeCode` varchar(30) COLLATE utf8mb4_unicode_ci DEFAULT NULL,
  `name` varchar(50) COLLATE utf8mb4_unicode_ci NOT NULL,
  `unit` varchar(30) COLLATE utf8mb4_unicode_ci DEFAULT NULL,
  `description` text COLLATE utf8mb4_unicode_ci,
  `confirmStatus` tinyint(4) NOT NULL DEFAULT '1',
  `applyStatus` tinyint(4) NOT NULL DEFAULT '1',
  `action` tinyint(4) NOT NULL DEFAULT '1',
  `created_at` datetime NOT NULL
) ENGINE=InnoDB DEFAULT CHARSET=utf8mb4 COLLATE=utf8mb4_unicode_ci;

--
-- Dumping data for table `qc_product_type`
--

INSERT INTO `qc_product_type` (`type_id`, `typeCode`, `name`, `unit`, `description`, `confirmStatus`, `applyStatus`, `action`, `created_at`) VALUES
(1, 'HĐL', 'Hộp đèn led', 'm2', NULL, 1, 1, 1, '2018-05-21 17:02:11'),
(2, 'HĐMC', 'Hộp đèn led mica', 'm2', NULL, 1, 1, 1, '2018-05-21 17:03:31'),
(3, 'HĐH', 'Hộp đèn hiflex', 'm2', NULL, 1, 1, 1, '2018-05-21 17:05:25'),
(4, 'BR', 'Băng rôn', 'm2', NULL, 1, 1, 1, '2018-05-21 17:10:28'),
(5, 'MDA', 'Mặt dựng Alu', 'm2', NULL, 1, 1, 1, '2018-05-22 02:37:16'),
(6, 'MDH', 'Bảng hiflex', 'm2', 'In kỹ thuật số trên Bạt 3zem6 Hiflex, Căng trên khung sắt (Vuông 20), Viền Thanh V nhôm, Khách làm trên 10m2 Hãy gọi để được giá tốt hơn.', 1, 1, 1, '2018-05-22 02:39:07'),
(7, 'IND', 'In decal', 'm2', NULL, 1, 1, 1, '2018-06-21 14:24:14'),
(8, 'INH', 'In hiflex', 'm2', NULL, 1, 1, 1, '2018-06-21 14:24:26'),
(9, 'B3MUV', 'Bạt 3M in UV', 'm2', 'Bạt 3M là sản phẩm đặc biệt, không giãn, xuyên sáng tốt hơn cả mica, \nánh sáng rất đều và mịn vào ban đêm sẽ cho chất lượng hình ảnh cực kì cao, \nđộ bềnh rất cao, ít nhất là 5', 1, 1, 1, '2019-08-26 09:15:24'),
(10, 'TDVT', 'test thêm DVT', 'm2', 'sản phẩm text', 1, 1, 1, '2019-09-24 12:09:58'),
(14, 'CMCĐL', 'Chữ mica có đèn 1', 'm2', 'chữ mica có đèn led, uốn nổi khối 50mm', 1, 1, 1, '2019-09-27 00:01:54'),
(15, NULL, 'đèn pha', NULL, '', 0, 0, 1, '2019-12-25 09:28:34'),
(16, NULL, 'Gỗ 8 phân', NULL, '', 0, 0, 1, '2019-12-25 09:28:34'),
(17, NULL, 'Tôn', NULL, '', 0, 0, 1, '2019-12-25 10:01:20'),
(18, NULL, 'Tôn căn bạt', NULL, '', 0, 0, 1, '2019-12-25 10:26:36');

-- --------------------------------------------------------

--
-- Table structure for table `qc_product_type_image`
--

CREATE TABLE `qc_product_type_image` (
  `image_id` int(10) UNSIGNED NOT NULL,
  `name` varchar(250) COLLATE utf8mb4_unicode_ci NOT NULL,
  `created_at` datetime NOT NULL,
  `type_id` int(10) UNSIGNED NOT NULL
) ENGINE=InnoDB DEFAULT CHARSET=utf8mb4 COLLATE=utf8mb4_unicode_ci;

--
-- Dumping data for table `qc_product_type_image`
--

INSERT INTO `qc_product_type_image` (`image_id`, `name`, `created_at`, `type_id`) VALUES
(3, '190927000154.png', '2019-09-27 00:01:54', 14),
(4, '190927003832_1.JPG', '2019-09-27 00:38:32', 6),
(8, '190927005052_1.jpg', '2019-09-27 00:50:53', 6);

-- --------------------------------------------------------

--
-- Table structure for table `qc_product_type_price`
--

CREATE TABLE `qc_product_type_price` (
  `price_id` int(10) UNSIGNED NOT NULL,
  `price` int(11) NOT NULL,
  `note` text COLLATE utf8mb4_unicode_ci,
  `applyDate` datetime NOT NULL,
  `action` tinyint(4) NOT NULL DEFAULT '1',
  `created_at` datetime NOT NULL,
  `type_id` int(10) UNSIGNED NOT NULL,
  `company_id` int(10) UNSIGNED NOT NULL,
  `staff_id` int(10) UNSIGNED NOT NULL
) ENGINE=InnoDB DEFAULT CHARSET=utf8mb4 COLLATE=utf8mb4_unicode_ci;

--
-- Dumping data for table `qc_product_type_price`
--

INSERT INTO `qc_product_type_price` (`price_id`, `price`, `note`, `applyDate`, `action`, `created_at`, `type_id`, `company_id`, `staff_id`) VALUES
(1, 3000000, 'Có thể thay đổ theo số lượng đèn led', '2019-09-24 13:59:58', 1, '2019-09-24 13:59:58', 1, 1, 1),
(2, 90000, 'Có thể thay đổ theo số lượng theo số lượng in (m2) - 1', '2019-09-24 13:59:58', 0, '2019-09-24 13:59:58', 8, 1, 1),
(3, 120000, 'Có thể thay đổ theo số lượng  in (M2)', '2019-09-24 15:19:18', 1, '2019-09-24 15:19:18', 7, 1, 1),
(4, 500000, 'tessssss', '2019-09-24 15:21:47', 0, '2019-09-24 15:21:47', 10, 1, 1),
(5, 150000, 'Có thể thay đổ theo số lượng  in (M2)', '2019-09-24 16:04:20', 1, '2019-09-24 16:04:20', 9, 1, 1),
(6, 80000, 'Có thể thay đổ theo số lượng theo số lượng in (m2)', '2019-09-24 22:02:11', 1, '2019-09-24 22:02:11', 8, 1, 1),
(7, 350000, 'Có thể thay đổi theo số lượng / vị trí thi công', '2019-09-27 10:50:54', 1, '2019-09-27 10:50:54', 6, 1, 1);

-- --------------------------------------------------------

--
-- Table structure for table `qc_punish_content`
--

CREATE TABLE `qc_punish_content` (
  `punish_id` int(10) UNSIGNED NOT NULL,
  `punishCode` varchar(10) COLLATE utf8mb4_unicode_ci DEFAULT NULL,
  `name` varchar(100) COLLATE utf8mb4_unicode_ci NOT NULL,
  `money` int(11) NOT NULL,
  `note` text COLLATE utf8mb4_unicode_ci,
  `created_at` datetime NOT NULL,
  `type_id` int(10) UNSIGNED NOT NULL
) ENGINE=InnoDB DEFAULT CHARSET=utf8mb4 COLLATE=utf8mb4_unicode_ci;

--
-- Dumping data for table `qc_punish_content`
--

INSERT INTO `qc_punish_content` (`punish_id`, `punishCode`, `name`, `money`, `note`, `created_at`, `type_id`) VALUES
(1, 'ĐLTKP', 'Đi làm trễ không phép', 200000, NULL, '2019-01-18 15:58:12', 1),
(2, 'LKVSCT', 'Làm không vệ sinh cộng trình', 200000, NULL, '2019-01-18 15:58:40', 1),
(3, 'AUKD', 'Ăn uống không dẹp', 200000, NULL, '2019-01-18 15:59:18', 1),
(5, 'LHVT', 'Làm hư vật tư', 200000, 'Mua vật tư làm lại', '2019-01-18 16:00:22', 2),
(6, 'NLKP', 'Nghỉ làm không phép', 400000, NULL, '2019-01-22 16:19:44', 1),
(7, 'ĐĐNKĐC', 'Để đồ nghề không đúng chổ', 200000, 'Sử dụng đồ nghề để không đúng chổ', '2019-01-24 09:00:42', 2),
(8, 'BGKĐ', 'Báo giờ không đúng', 800000, 'Báo giờ vào / ra không đúng - hệ thống duyệt', '2019-09-13 11:20:47', 1);

-- --------------------------------------------------------

--
-- Table structure for table `qc_punish_type`
--

CREATE TABLE `qc_punish_type` (
  `type_id` int(10) UNSIGNED NOT NULL,
  `name` varchar(100) COLLATE utf8mb4_unicode_ci NOT NULL,
  `created_at` datetime NOT NULL
) ENGINE=InnoDB DEFAULT CHARSET=utf8mb4 COLLATE=utf8mb4_unicode_ci;

--
-- Dumping data for table `qc_punish_type`
--

INSERT INTO `qc_punish_type` (`type_id`, `name`, `created_at`) VALUES
(1, 'Quỹ công ty', '2019-01-14 08:41:28'),
(2, 'Bồi thường vật tư', '2019-01-14 08:42:14');

-- --------------------------------------------------------

--
-- Table structure for table `qc_ranks`
--

CREATE TABLE `qc_ranks` (
  `rank_id` int(10) UNSIGNED NOT NULL,
  `name` varchar(30) COLLATE utf8mb4_unicode_ci NOT NULL,
  `description` text COLLATE utf8mb4_unicode_ci,
  `created_at` datetime NOT NULL
) ENGINE=InnoDB DEFAULT CHARSET=utf8mb4 COLLATE=utf8mb4_unicode_ci;

--
-- Dumping data for table `qc_ranks`
--

INSERT INTO `qc_ranks` (`rank_id`, `name`, `description`, `created_at`) VALUES
(1, 'Quản lý', 'Quản lý và giao việc nhân viên cấp dưới', '2018-11-12 14:33:50'),
(2, 'Nhân viên', '12', '2018-11-12 14:36:10');

-- --------------------------------------------------------

--
-- Table structure for table `qc_rules`
--

CREATE TABLE `qc_rules` (
  `rules_id` int(10) UNSIGNED NOT NULL,
  `title` varchar(300) COLLATE utf8mb4_unicode_ci NOT NULL,
  `content` text COLLATE utf8mb4_unicode_ci NOT NULL,
  `created_at` datetime NOT NULL
) ENGINE=InnoDB DEFAULT CHARSET=utf8mb4 COLLATE=utf8mb4_unicode_ci;

--
-- Dumping data for table `qc_rules`
--

INSERT INTO `qc_rules` (`rules_id`, `title`, `content`, `created_at`) VALUES
(1, 'Nội Quy Công Ty Quảng Cáo', '<p style="text-align:start">- Tất cả mọi việc phải ưu ti&ecirc;n An To&agrave;n, đẹp v&agrave;&nbsp;<span style="font-size:14px"><strong>&quot;lợi &iacute;ch tập thể&quot;</strong></span>&nbsp;l&ecirc;n tr&ecirc;n.</p>\n\n<p style="text-align:start">- Kh&ocirc;ng chửi thề, n&oacute;i to tiếng mất trật tự hay &quot;Nhiều chuyện&quot; l&agrave;m mất đo&agrave;n kết nội bộ, cấm n&oacute;i tục.</p>\n\n<p style="text-align:start">- Kh&ocirc;ng uống rượu bia, h&uacute;t thuốc trước v&agrave; trong giờ l&agrave;m việc.</p>\n\n<p style="text-align:start">- Cấm l&agrave;m việc ri&ecirc;ng trong c&ocirc;ng ty.</p>\n\n<p style="text-align:start">- Lịch sự, văn h&oacute;a&nbsp;với kh&aacute;ch, cấm cải nhau với kh&aacute;ch, kh&ocirc;ng hiểu hỏi trưởng bộ phận.</p>\n\n<p style="text-align:start">- Cấm mang th&ocirc;ng tin nội bộ ra ngo&agrave;i với mọi h&igrave;nh thức (Sao ch&eacute;p, truyền miệng...)</p>\n\n<p style="text-align:start">- Phải đọc kỹ những &nbsp;<strong>&quot;QUI ĐỊNH&nbsp;AN TO&Agrave;N VỀ ĐIỆN, PCCC, AN TO&Agrave;N LAO ĐỘNG&quot;</strong>&nbsp;kh&ocirc;ng hiểu phải hỏi. cty sẽ kh&ocirc;ng chịu mọi tr&aacute;ch nhiệm về những tai nạn đ&aacute;ng tiếc do tự &yacute; l&agrave;m.</p>\n\n<p style="text-align:start">-&nbsp;<span style="font-size:14px"><strong>&quot;KH&Ocirc;NG BIẾT PHẢI HỎI, CHỈ HỎI L&Atilde;NH ĐẠO NHỮNG ĐIỀU KH&Ocirc;NG BIẾT&quot;.</strong></span></p>\n\n<p style="text-align:start"><u><span style="font-size:14px"><strong>*** D&agrave;nh cho Nh&acirc;n vi&ecirc;n mới</strong></span></u></p>\n\n<p style="text-align:start"><span style="font-size:14px">- Để c&ocirc;ng ty hoạt động hiệu quả&nbsp; v&agrave; ph&aacute;t triển cũng như tr&aacute;ch nhiệm giữa c&ocirc;ng ty v&agrave; nh&acirc;n vi&ecirc;n. C&ocirc;ng ty sẽ giữ lại&nbsp;2.000.000 những người mới v&agrave;o với mục đ&iacute;ch:</span></p>\n\n<p style="text-align:start"><span style="font-size:14px">&nbsp; &nbsp;+ NV sẽ c&oacute; tr&aacute;ch nhiệm khi l&agrave;m việc.</span></p>\n\n<p style="text-align:start"><span style="font-size:14px">&nbsp; &nbsp;+ NV c&oacute; tr&aacute;ch nhiệm bảo quản dụng cụ v&agrave;&nbsp;trang thiết bị.</span></p>\n\n<p style="text-align:start"><span style="font-size:14px">- Tiền giữ lại sẽ đươc ho&agrave;n trả nếu nh&acirc;n vi&ecirc;n nghỉ&nbsp;việc đ&uacute;ng nội quy của c&ocirc;ng ty.</span></p>\n\n<p style="text-align:start">&nbsp;</p>\n\n<p style="text-align:start"><strong>I.&nbsp;<u>Chấm c&ocirc;ng - Lương - Phạt</u></strong></p>\n\n<p style="text-align:start"><em><strong>1- L&agrave;m Việc:</strong></em></p>\n\n<p style="text-align:start">&nbsp;&nbsp; 1.1 - Giờ h&agrave;nh ch&aacute;nh:&nbsp;<strong>8h đến 17h30.</strong></p>\n\n<p style="text-align:start">&nbsp;&nbsp; 1.2 - NV phải b&aacute;o giờ v&agrave;o, giờ ra tr&ecirc;n Group Zalo của c&ocirc;ng ty.<strong>&nbsp;&quot;Chỉ T&iacute;nh c&ocirc;ng khi c&oacute; b&aacute;o giờ l&agrave;m&quot;</strong>.</p>\n\n<p style="text-align:start">&nbsp;&nbsp; 1.3 -&nbsp;<strong>Trễ&nbsp;</strong>sẽ bị&nbsp;<strong>trừ 1 buổi&nbsp;</strong><em>(trừ trực tiếp v&agrave;o ng&agrave;y c&ocirc;ng l&agrave;m).</em></p>\n\n<p style="text-align:start">&nbsp;&nbsp; 1.4 - L&agrave;m ngo&agrave;i giờ h&agrave;nh ch&aacute;nh sẽ được t&iacute;nh tăng ca v&agrave; nh&acirc;n theo hệ số&nbsp;1,5.</p>\n\n<p style="text-align:start">&nbsp;&nbsp; 1.5 - Nghĩ&nbsp; ph&eacute;p tr&ecirc;n 2 ng&agrave;y phải b&aacute;o trước trước 1 tuần, khi c&oacute; nh&acirc;n sự thay thế.</p>\n\n<p style="text-align:start">&nbsp;&nbsp; 1.6 - Nghĩ 1 ng&agrave;y kh&ocirc;ng ph&eacute;p phạt 2 ng&agrave;y lương&nbsp;<em>(Trừ trực tiếp v&agrave;o ng&agrave;y c&ocirc;ng l&agrave;m).&nbsp;&nbsp;</em>Nh&acirc;n l&ecirc;n cho những ng&agrave;y nghĩ tiếp theo.</p>\n\n<p style="text-align:start"><strong><em>2. Lương:</em></strong></p>\n\n<p style="text-align:start">&nbsp;&nbsp; 2.1 -&nbsp; Lương sẽ được l&atilde;nh v&agrave;o 5 t&acirc;y h&agrave;ng th&aacute;ng.</p>\n\n<p style="text-align:start">&nbsp;&nbsp; 2.2 - NV&nbsp;Chỉ được ứng lương v&agrave;o ng&agrave;y 15 t&acirc;y v&agrave; b&aacute;o trước 2 ng&agrave;y. Chỉ được ứng 60% số lương l&agrave;m trong th&aacute;ng.</p>\n\n<p style="text-align:start">&nbsp;&nbsp; 2.3 - NV chỉ nhận đủ lương khi đ&atilde; được kiểm tra dụng cụ m&aacute;y m&oacute;c đầy đủ nếu được b&agrave;n giao.</p>\n\n<p style="text-align:start">&nbsp;&nbsp; 2.4 - NV sẽ nhận được nhận&nbsp;phụ cấp (t&ugrave;y theo tay nghề) nếu kh&ocirc;ng vi phạm&nbsp; c&aacute;c nội quy v&agrave; kh&ocirc;ng bị kh&aacute;ch h&agrave;ng phản &aacute;nh.</p>\n\n<p style="text-align:start">&nbsp;&nbsp; 2.5 - NV sẽ được phụ cấp tiền xăng khi sử dụng xe ri&ecirc;ng (xe c&aacute; nh&acirc;n).</p>\n\n<p style="text-align:start">&nbsp;&nbsp; 2.6 - Cuối năm c&ocirc;ng ty sẽ thưởng 10.000.000&nbsp; cho Nh&acirc;n vi&ecirc;n l&agrave;m &gt; 1 năm v&agrave; kh&ocirc;ng vi&nbsp;phạm nội quy &gt; 3 lần trong năm.</p>\n\n<p style="text-align:start">&nbsp;&nbsp; 2.7 - Cty sẽ kh&ocirc;ng giải quyết lương cho bất kỳ trưởng hợp NV, NV thử việc, NV thời&nbsp;vụ tự &yacute; nghỉ&nbsp;l&agrave;m m&agrave; kh&ocirc;ng c&oacute; giấy ph&eacute;p. Kh&ocirc;ng b&agrave;n giao c&ocirc;ng việc cho người thay thế, v&agrave; kh&ocirc;ng chịu tr&aacute;ch nhiệm hậu quả m&igrave;nh g&acirc;y ra.</p>\n\n<p style="text-align:start"><strong>3. Phạt</strong></p>\n\n<p style="text-align:start">&nbsp;&nbsp; 3.1 - Tất cả tiền phạt sẽ bị trử v&agrave;o lương v&agrave; d&agrave;nh l&agrave;m quỹ chung của c&ocirc;ng ty.</p>\n\n<p style="text-align:start">&nbsp;&nbsp; 3.2 - Phạt 100.000 v&agrave; sửa lại&nbsp;khi lấy đồ nghề v&agrave; để kh&ocirc;ng đ&uacute;ng vị tr&iacute;.</p>\n\n<p style="text-align:start">&nbsp;&nbsp; 3.3 - Phat 50.000 / Người &nbsp;(Tất cả những người c&ugrave;ng l&agrave;m thi c&ocirc;ng&nbsp;chung&nbsp;)&nbsp;v&agrave; dọn dẹp Khi&nbsp;Thi c&ocirc;ng xong kh&ocirc;ng vệ sinh liền tại cty.</p>\n\n<p style="text-align:start">&nbsp;&nbsp; 3.5 - Phạt 50.000 / lần v&agrave; dọn dẹp khi&nbsp;ăn uống để&nbsp;kh&ocirc;ng đ&uacute;ng chổ trong c&ocirc;ng ty.</p>\n\n<p style="text-align:start">&nbsp;&nbsp; 3.6 - Đối với nh&acirc;n vi&ecirc;n ở tại cty :</p>\n\n<p style="text-align:start">&nbsp; &nbsp; &nbsp; &nbsp; +&nbsp;Phạt&nbsp;&nbsp;100.000 / lần v&agrave; dọn dẹp khi ăn uống kh&ocirc;ng dọn.</p>\n\n<p style="text-align:start">&nbsp; &nbsp; &nbsp; &nbsp; + Phạt 100.000 / lần khi kh&ocirc;ng l&agrave;m vệ sinh theo lịch m&agrave; kh&ocirc;ng c&oacute; nguy&ecirc;n nh&acirc;n ch&iacute;nh đ&aacute;ng.&nbsp;</p>\n\n<p style="text-align:start">&nbsp;&nbsp; 3.7 - Phạt 500.000 / người khi thi c&ocirc;ng sai v&agrave; Tiền vật tư chia đều cho tất cả NV tham gia thi c&ocirc;ng. Tiền phạt hộp đồng sẽ chia điều cho những NV l&agrave;m sai nếu c&oacute;.</p>\n\n<p style="text-align:start">&nbsp;&nbsp; 3.8 - Phạt 500.000 / lần nếu NV thi c&ocirc;ng tại c&ocirc;ng tr&igrave;nh g&acirc;y tai nạn cho người kh&aacute;c: Ốc v&iacute;t d&iacute;nh xe kh&aacute;ch.... . Trưởng bộ bộ bị phạt gấp đ&ocirc;i nếu kh&ocirc;ng ghi t&ecirc;n người phạm lội.</p>\n\n<p style="text-align:start">&nbsp;&nbsp; 3.9 - Phạt 100.000 / lần / người&nbsp; khi kh&ocirc;ng vệ sinh ở c&ocirc;ng tr&igrave;nh khi l&agrave;m xong.</p>\n\n<p style="text-align:start">&nbsp;&nbsp; 3.10 - Phạt 100.000 / lần khi NV đến c&ocirc;ng tr&igrave;nh m&agrave; kh&ocirc;ng đem đầy đủ dụng cụ thi c&ocirc;ng: ốc v&iacute;t, m&aacute;y cắt, b&aacute;t&nbsp; L, keo , kiềm, k&eacute;o ...........</p>\n\n<p style="text-align:start">&nbsp;&nbsp; 3.11 - Phạt 100.000 / lần&nbsp;Sử dụng điện thọai cho mục đ&iacute;ch c&aacute; nhận trong giờ l&agrave;m việc.</p>\n\n<p style="text-align:start">&nbsp;</p>\n\n<p style="text-align:start"><strong>II.&nbsp;<u>Thi c&ocirc;ng - An to&agrave;n lao động.</u></strong></p>\n\n<p style="text-align:start">&nbsp;&nbsp; 1 - Đ&uacute;ng - Đẹp đ&uacute;ng thời gian, ch&iacute;nh x&aacute;c th&ocirc;ng số, đ&uacute;ng người, Nhanh gọn.</p>\n\n<p style="text-align:start">&nbsp;&nbsp; 2 - Chỉ l&agrave;m cho kh&aacute;ch khi đặt h&agrave;ng c&oacute; chữ k&yacute;, b&aacute;o gi&aacute; v&agrave; duyệt của trưởng bộ phận.</p>\n\n<p style="text-align:start">&nbsp;&nbsp; 3 - Bắt buộc đeo d&acirc;y an to&agrave;n, bảo hộ lao động khi l&agrave;m việc ở độ cao tr&ecirc;n 3 m.</p>\n\n<p style="text-align:start">&nbsp;&nbsp; 4 - Nếu NV thi c&ocirc;ng c&ocirc;ng tr&igrave;nh bị sai sẽ bị phạt theo khung &quot;PHẠT&quot; của cty n&ecirc;u ra ở mục I.</p>\n\n<p style="text-align:start">&nbsp;&nbsp; 5 - Kh&ocirc;ng được sử dụng điện thoại cho mục đ&iacute;ch c&aacute; nh&acirc;n khi đang thi c&ocirc;ng.</p>\n\n<p style="text-align:start">&nbsp;&nbsp; 6 - Nếu ốc v&iacute;t d&iacute;nh xe kh&aacute;ch hoặc g&acirc;y tay nạn cho người kh&aacute;c khi thi c&ocirc;ng th&igrave; nh&acirc;n vi&ecirc;n thi c&ocirc;ng sẽ bị phạt&nbsp;theo khung &quot;PHẠT&quot; của cty n&ecirc;u ra ở mục I.</p>\n\n<p style="text-align:start">&nbsp;&nbsp; 7 - Cấm lấn chiếm lề đường thi c&ocirc;ng bề bộn, hỏi trưởng bộ phận trước xem giới hạn được ph&eacute;p l&agrave;m. NV đển m&aacute;y m&oacute;c ngo&agrave;i đường bị mất phải bồi thường.</p>\n\n<p style="text-align:start">&nbsp;</p>\n\n<p style="text-align:start"><strong>III&nbsp;Vệ sinh c&ocirc;ng ty.</strong></p>\n\n<p style="text-align:start">&nbsp;&nbsp; 1 - Phải giữ g&igrave;n vệ sinh chung.</p>\n\n<p style="text-align:start">&nbsp;&nbsp; 2 -&nbsp;Nếu NV&nbsp;ở c&ocirc;ng ty kh&ocirc;ng vệ sinh theo lịch th&igrave;&nbsp;sẽ bị phạt&nbsp;theo khung &quot;PHẠT&quot; của cty n&ecirc;u ra ở mục I.</p>\n\n<p style="text-align:start">&nbsp;&nbsp; 3 - Dọn vệ sinh trước khi l&agrave;m, vệ sinh sạch khi thi c&ocirc;ng xong, tổng vệ sinh kho m&aacute;y m&oacute;c v&agrave;o cuối tuần.</p>\n\n<p style="text-align:start">&nbsp;&nbsp; 3 - Vệ sinh v&agrave; xếp đồ nghề lại đ&uacute;ng vị tr&iacute; v&agrave;o cuối ng&agrave;y.</p>\n\n<p style="text-align:start">&nbsp;</p>\n\n<p style="text-align:start"><strong>IV. Đồ nghề</strong></p>\n\n<p style="text-align:start">&nbsp;&nbsp; 1 - Nh&acirc;n vi&ecirc;n chỉ được b&agrave;n&nbsp;giao đồ nghề đầy đủ&nbsp;khi đ&atilde; k&yacute; quỹ với c&ocirc;ng ty. Quỹ đồ nghề l&agrave; 2.000.000.</p>\n\n<p style="text-align:start">&nbsp;&nbsp; 2 - Lấy đồ nghề của cty l&agrave;m th&igrave; phải để nguy&ecirc;n về vị tr&iacute; củ. để sai sẽ bị phạt.</p>\n\n<p style="text-align:start">&nbsp;&nbsp; 3 - Kh&ocirc;ng được tự &yacute; cho người kh&aacute;c&nbsp;mượn m&aacute;y m&oacute;c, c&aacute;c thiết bị .</p>\n\n<p style="text-align:start">&nbsp;&nbsp; 4 - M&aacute;y m&oacute;c cũ v&agrave; hư phải b&aacute;o lại trưởng bộ phận, Chỉ được đổi dụng cụ mới kh&iacute; c&oacute; dụng cụ cũ..&nbsp;</p>\n\n<p style="text-align:start">&nbsp;&nbsp; 5 - Nh&acirc;n vi&ecirc;n l&agrave;m mất đồ nghề thỉ phải tự bỏ tiền mua mới để thay thế.</p>\n\n<p style="text-align:start">&nbsp;&nbsp; 6 - Cấm sử dụng đồ nghề của c&ocirc;ng ty cho mục đ&iacute;ch c&aacute; nh&acirc;n.</p>\n\n<p style="text-align:start">&nbsp;&nbsp; 7 - Nh&acirc;n vi&ecirc;n phải tự bảo quản đồ nghề khi được giao, nếu mất th&igrave; sẽ bị phạt v&agrave; bồi thường.</p>\n\n<p style="text-align:start">&nbsp;</p>', '2018-06-06 02:42:31');

-- --------------------------------------------------------

--
-- Table structure for table `qc_salary`
--

CREATE TABLE `qc_salary` (
  `salary_id` int(10) UNSIGNED NOT NULL,
  `mainMinute` int(11) NOT NULL,
  `plusMinute` int(11) NOT NULL,
  `minusMinute` int(11) NOT NULL,
  `beforePay` int(11) NOT NULL DEFAULT '0',
  `minusMoney` int(11) NOT NULL DEFAULT '0',
  `benefitMoney` int(11) NOT NULL DEFAULT '0',
  `benefitDescription` text COLLATE utf8mb4_unicode_ci,
  `overtimeMoney` int(11) NOT NULL DEFAULT '0',
  `kpiMoney` int(11) DEFAULT '0',
  `salary` int(11) NOT NULL DEFAULT '0',
  `payStatus` tinyint(4) NOT NULL DEFAULT '0',
  `created_at` datetime NOT NULL,
  `work_id` int(10) UNSIGNED NOT NULL,
  `workSalary_id` int(10) UNSIGNED DEFAULT NULL,
  `salaryBasic_id` int(10) UNSIGNED DEFAULT NULL
) ENGINE=InnoDB DEFAULT CHARSET=utf8mb4 COLLATE=utf8mb4_unicode_ci;

--
-- Dumping data for table `qc_salary`
--

INSERT INTO `qc_salary` (`salary_id`, `mainMinute`, `plusMinute`, `minusMinute`, `beforePay`, `minusMoney`, `benefitMoney`, `benefitDescription`, `overtimeMoney`, `kpiMoney`, `salary`, `payStatus`, `created_at`, `work_id`, `workSalary_id`, `salaryBasic_id`) VALUES
(1, 1920, 765, 180, 110000, 70000, 500000, NULL, 0, NULL, 1601250, 1, '2018-05-14 03:41:52', 3, NULL, 8),
(2, 3240, 900, 480, 50000, 50000, 500000, NULL, 0, NULL, 2147345, 0, '2018-05-14 03:53:32', 4, NULL, 6),
(3, 2700, 1425, 3060, 50000, 0, 0, NULL, 0, NULL, 658322, 0, '2018-05-14 03:55:21', 1, NULL, 1),
(4, 3840, 930, 0, 780000, 60000, 500000, NULL, 0, NULL, 2128750, 0, '2018-05-31 04:08:55', 6, NULL, 8),
(5, 0, 0, 0, 0, 0, 0, NULL, 0, NULL, 0, 1, '2018-06-01 04:51:11', 11, NULL, 8),
(6, 0, 0, 0, 0, 0, 0, NULL, 0, NULL, 0, 1, '2018-06-01 04:51:17', 13, NULL, 12),
(7, 0, 0, 0, 0, 0, 0, NULL, 0, NULL, 0, 1, '2018-06-01 04:51:22', 12, NULL, 11),
(8, 0, 0, 0, 0, 0, 0, NULL, 0, NULL, 0, 1, '2018-06-01 04:51:27', 10, NULL, 10),
(9, 1440, 345, 0, 50000, 10000, 0, NULL, 0, NULL, 1148314, 1, '2018-06-01 04:51:32', 8, NULL, 1),
(10, 1920, 870, 480, 400000, 0, 0, NULL, 0, NULL, 688510, 1, '2018-06-01 04:51:36', 7, NULL, 6),
(11, 0, 0, 0, 0, 0, 0, NULL, 0, NULL, 0, 1, '2018-06-08 13:31:53', 9, NULL, 9),
(12, 4530, 2010, 240, 300000, 100000, 0, NULL, 0, NULL, 2881250, 0, '2018-07-01 17:47:57', 14, NULL, 8),
(13, 1320, 150, 480, 0, 0, 0, NULL, 0, NULL, 817292, 0, '2018-07-01 18:07:56', 20, NULL, 9),
(14, 3600, 2100, 1920, 200000, 0, 1000000, NULL, 0, NULL, 2723040, 0, '2018-07-01 18:20:42', 15, NULL, 12),
(15, 3090, 540, 0, 150000, 100000, 0, NULL, 0, NULL, 2249965, 0, '2018-07-01 18:21:59', 18, NULL, 1),
(16, 1320, 750, 0, 0, 0, 1000000, NULL, 0, NULL, 1961520, 1, '2018-07-01 18:22:30', 16, NULL, 11),
(17, 0, 0, 0, 0, 0, 0, NULL, 0, NULL, 0, 0, '2018-12-27 04:07:46', 21, NULL, 8),
(18, 0, 0, 0, 0, 0, 0, NULL, 0, NULL, 0, 0, '2018-12-27 04:07:52', 22, NULL, 9),
(19, 0, 0, 0, 0, 0, 0, NULL, 0, NULL, 0, 0, '2018-12-27 04:07:56', 23, NULL, 12),
(20, 2205, 1210, 720, 500000, 0, 0, NULL, 0, NULL, 1615384, 0, '2018-12-27 04:08:01', 24, NULL, 1),
(21, 0, 0, 0, 0, 0, 0, NULL, 0, NULL, 0, 0, '2018-12-27 04:08:06', 25, NULL, 11),
(22, 0, 0, 0, 0, 0, 0, NULL, 0, NULL, 0, 0, '2018-12-27 04:47:20', 27, NULL, 14),
(23, 2350, 540, 0, 0, 0, 1000000, NULL, 0, NULL, 3025641, 0, '2019-01-24 03:03:15', 31, NULL, 1),
(24, 0, 0, 0, 0, 0, 0, NULL, 0, NULL, 0, 0, '2019-08-03 14:15:06', 67, 7, NULL),
(25, 0, 0, 0, 0, 0, 0, NULL, 0, NULL, 0, 0, '2019-08-03 14:18:11', 64, 5, NULL),
(26, 0, 0, 0, 0, 0, 0, NULL, 0, NULL, 0, 1, '2019-08-03 14:18:19', 65, 17, NULL),
(27, 0, 0, 0, 0, 0, 0, NULL, 0, NULL, 0, 0, '2019-08-03 15:47:08', 113, 17, NULL),
(28, 5525, 11640, 960, 1000000, 800000, 0, NULL, 0, NULL, 7817749, 0, '2019-08-06 10:14:04', 40, 7, NULL),
(29, 885, 0, 0, 0, 1200000, 0, NULL, 0, NULL, -758155, 0, '2019-08-06 10:14:09', 37, 5, NULL),
(30, 0, 0, 0, 0, 0, 0, NULL, 0, NULL, 0, 0, '2019-08-06 10:14:15', 34, 13, NULL),
(31, 0, 0, 0, 0, 0, 0, NULL, 0, NULL, 0, 0, '2019-08-06 10:14:19', 35, 12, NULL),
(32, 0, 0, 0, 0, 0, 0, NULL, 0, NULL, 0, 0, '2019-08-06 10:14:24', 38, 17, NULL),
(33, 0, 0, 0, 0, 200000, 0, NULL, 0, NULL, -200000, 0, '2019-08-06 10:14:42', 39, 16, NULL),
(34, 0, 0, 0, 0, 0, 0, NULL, 0, NULL, 0, 0, '2019-08-06 10:15:10', 42, 10, NULL),
(35, 0, 0, 0, 0, 0, 0, NULL, 0, NULL, 0, 0, '2019-08-13 22:23:49', 112, 14, NULL),
(36, 0, 0, 0, 0, 0, 0, NULL, 0, NULL, 3000000, 1, '2019-08-13 22:24:05', 107, 8, NULL),
(37, 0, 0, 0, 0, 0, 1000000, 'ádadas', 0, NULL, 5000000, 1, '2019-08-13 22:24:25', 118, 14, NULL),
(38, 0, 0, 0, 0, 0, 0, NULL, 0, NULL, 10000000, 0, '2019-08-13 22:24:33', 119, 8, NULL),
(39, 0, 0, 0, 0, 0, 0, NULL, 0, NULL, 0, 0, '2019-09-03 09:58:46', 125, 25, NULL),
(40, 0, 0, 0, 0, 0, 0, NULL, 0, NULL, 0, 0, '2019-09-03 09:58:51', 124, 24, NULL),
(41, 0, 0, 0, 0, 0, 0, NULL, 0, NULL, 0, 1, '2019-09-03 09:58:58', 122, 22, NULL),
(42, 0, 0, 0, 0, 0, 0, NULL, 0, NULL, 0, 0, '2019-09-03 09:59:03', 122, 22, NULL),
(43, 0, 0, 0, 0, 0, 0, NULL, 0, NULL, 0, 1, '2019-09-03 09:59:07', 123, 23, NULL),
(44, 0, 0, 0, 0, 0, 0, NULL, 0, NULL, 0, 0, '2019-09-03 09:59:16', 120, 18, NULL),
(45, 0, 0, 0, 0, 0, 0, NULL, 0, NULL, 0, 0, '2019-09-03 09:59:21', 117, 17, NULL),
(46, 0, 0, 0, 0, 0, 0, NULL, 0, NULL, 0, 0, '2019-09-03 09:59:31', 115, 20, NULL),
(47, 0, 0, 0, 0, 0, 0, NULL, 0, NULL, 0, 0, '2019-09-03 09:59:36', 105, 27, NULL),
(48, 0, 0, 0, 0, 0, 0, NULL, 0, NULL, 0, 0, '2019-09-03 09:59:41', 116, 21, NULL),
(49, 600, 1250, 0, 0, 1400000, 8000000, 'dfsd', 0, NULL, -596715, 1, '2019-09-03 09:59:49', 106, 7, NULL),
(50, 0, 0, 0, 0, 0, 0, NULL, 0, NULL, 0, 0, '2019-09-03 10:00:12', 104, 5, NULL),
(51, 0, 0, 0, 0, 0, 5000000, 'llllll', 0, NULL, 0, 1, '2019-09-03 10:00:17', 102, 13, NULL),
(52, 0, 0, 0, 0, 0, 3000000, 'abc', 0, NULL, 0, 1, '2019-09-03 10:00:22', 103, 12, NULL),
(53, 0, 0, 0, 0, 0, 1000000, 'ly do công ++++', 0, NULL, 0, 1, '2019-09-03 10:00:31', 108, 10, NULL),
(54, 0, 0, 0, 0, 0, 0, NULL, 0, NULL, 0, 0, '2019-09-03 10:00:37', 110, 9, NULL),
(55, 0, 0, 0, 0, 0, 0, NULL, 0, NULL, 0, 1, '2019-09-03 10:00:42', 111, 15, NULL),
(56, 0, 0, 0, 0, 15200000, 0, NULL, 0, NULL, -15200000, 0, '2019-10-01 11:22:01', 141, 15, NULL),
(57, 261, 420, 0, 0, 14600000, 0, NULL, 0, NULL, -14173029, 0, '2019-10-01 11:22:03', 140, 9, NULL),
(58, 0, 0, 0, 0, 15200000, 0, NULL, 0, NULL, -15200000, 0, '2019-10-01 11:22:04', 141, 15, NULL),
(59, 0, 0, 0, 0, 14000000, 0, NULL, 0, NULL, -14000000, 0, '2019-10-01 11:22:06', 139, 10, NULL),
(60, 261, 420, 0, 0, 14600000, 0, NULL, 0, NULL, -14173029, 0, '2019-10-01 11:22:07', 140, 9, NULL),
(61, 0, 0, 0, 0, 15200000, 0, NULL, 0, NULL, -15200000, 0, '2019-10-01 11:22:08', 141, 15, NULL),
(62, 0, 0, 0, 0, 14000000, 0, NULL, 0, NULL, -14000000, 0, '2019-10-01 11:22:09', 138, 12, NULL),
(63, 0, 0, 0, 0, 14000000, 0, NULL, 0, NULL, -14000000, 0, '2019-10-01 11:22:10', 139, 10, NULL),
(64, 261, 420, 0, 0, 14600000, 0, NULL, 0, NULL, -14173029, 0, '2019-10-01 11:22:11', 140, 9, NULL),
(65, 0, 0, 0, 0, 15200000, 0, NULL, 0, NULL, -15200000, 0, '2019-10-01 11:22:12', 141, 15, NULL),
(66, 0, 0, 0, 0, 10400000, 0, NULL, 0, NULL, -10400000, 0, '2019-10-01 11:22:13', 137, 13, NULL),
(67, 0, 0, 0, 0, 14000000, 0, NULL, 0, NULL, -14000000, 0, '2019-10-01 11:22:14', 138, 12, NULL),
(68, 0, 0, 0, 0, 14000000, 0, NULL, 0, NULL, -14000000, 0, '2019-10-01 11:22:14', 139, 10, NULL),
(69, 261, 420, 0, 0, 14600000, 0, NULL, 0, NULL, -14173029, 0, '2019-10-01 11:22:15', 140, 9, NULL),
(70, 0, 0, 0, 0, 15200000, 0, NULL, 0, NULL, -15200000, 0, '2019-10-01 11:22:17', 141, 15, NULL),
(71, 0, 0, 0, 0, 15200000, 0, NULL, 0, NULL, -15200000, 0, '2019-10-01 11:22:17', 136, 5, NULL),
(72, 0, 0, 0, 0, 10400000, 0, NULL, 0, NULL, -10400000, 0, '2019-10-01 11:22:19', 137, 13, NULL),
(73, 0, 0, 0, 0, 14000000, 0, NULL, 0, NULL, -14000000, 0, '2019-10-01 11:22:19', 138, 12, NULL),
(74, 0, 0, 0, 0, 14000000, 0, NULL, 0, NULL, -14000000, 0, '2019-10-01 11:22:20', 139, 10, NULL),
(75, 261, 420, 0, 0, 14600000, 0, NULL, 0, NULL, -14173029, 0, '2019-10-01 11:22:20', 140, 9, NULL),
(76, 0, 0, 0, 0, 15200000, 0, NULL, 0, NULL, -15200000, 0, '2019-10-01 11:22:21', 141, 15, NULL),
(77, 251, 420, 0, 0, 2400000, 0, NULL, 0, NULL, -2118222, 1, '2019-10-01 11:22:21', 135, 7, NULL),
(78, 0, 0, 0, 0, 0, 0, NULL, 0, NULL, 0, 0, '2019-11-01 00:09:10', 149, 28, NULL),
(79, 0, 0, 0, 0, 9600000, 0, NULL, 0, NULL, -9600000, 0, '2019-11-01 00:09:10', 148, 7, NULL),
(80, 0, 0, 0, 0, 10400000, 0, NULL, 0, NULL, -10400000, 0, '2019-11-01 00:09:10', 147, 5, NULL),
(81, 0, 0, 0, 0, 0, 0, NULL, 0, NULL, 0, 0, '2019-11-01 00:09:11', 146, 13, NULL),
(82, 0, 0, 0, 0, 10400000, 0, NULL, 0, NULL, -10400000, 1, '2019-11-01 00:09:11', 145, 12, NULL),
(83, 0, 0, 0, 0, 10400000, 0, NULL, 0, NULL, -10400000, 0, '2019-11-01 00:09:12', 144, 10, NULL),
(84, 0, 0, 0, 0, 10400000, 0, NULL, 0, NULL, -10400000, 0, '2019-11-01 00:09:13', 143, 9, NULL),
(85, 0, 0, 0, 0, 10400000, 0, NULL, 0, NULL, -10400000, 0, '2019-11-01 00:09:13', 142, 15, NULL),
(86, 0, 0, 0, 0, 8400000, 0, NULL, 0, NULL, -8400000, 0, '2019-12-01 22:56:58', 157, 15, NULL),
(87, 0, 0, 0, 0, 8400000, 0, NULL, 0, NULL, -8400000, 0, '2019-12-01 22:56:58', 156, 9, NULL),
(88, 0, 0, 0, 0, 8400000, 0, NULL, 0, NULL, -8400000, 0, '2019-12-01 22:56:59', 155, 10, NULL),
(89, 0, 0, 0, 0, 8400000, 0, NULL, 0, NULL, -8400000, 0, '2019-12-01 22:56:59', 154, 12, NULL),
(90, 0, 0, 0, 0, 0, 0, NULL, 0, NULL, 0, 0, '2019-12-01 22:56:59', 153, 13, NULL),
(91, 0, 0, 0, 0, 8400000, 10000000, 'thuong 1', 0, NULL, -8400000, 1, '2019-12-01 22:57:00', 152, 5, NULL),
(92, 61, 420, 0, 0, 5800000, 1000000, NULL, 70000, NULL, -5563895, 1, '2019-12-01 22:57:01', 151, 30, NULL),
(93, 0, 0, 0, 0, 0, 0, NULL, 0, NULL, 0, 0, '2019-12-01 22:57:01', 150, 28, NULL),
(94, 185, 420, 0, 100000, 4000000, 0, NULL, 70000, 0, -3442260, 0, '2020-01-02 09:32:10', 166, 31, NULL),
(95, 0, 0, 0, 0, 0, 0, NULL, 0, 0, 0, 0, '2020-01-02 09:32:10', 165, 28, NULL),
(96, 340, 420, 0, 50000, 200000, 0, NULL, 70000, 0, 53173, 0, '2020-01-02 09:32:11', 164, 30, NULL),
(97, 0, 0, 0, 0, 9200000, 0, NULL, 0, 0, -9200000, 0, '2020-01-02 09:32:11', 163, 5, NULL),
(98, 0, 0, 0, 0, 0, 0, NULL, 0, 0, 0, 0, '2020-01-02 09:32:12', 162, 13, NULL),
(99, 0, 0, 0, 0, 9200000, 0, NULL, 0, 0, -9200000, 0, '2020-01-02 09:32:12', 161, 12, NULL),
(100, 0, 0, 0, 0, 9200000, 0, NULL, 0, 0, -9200000, 0, '2020-01-02 09:32:13', 160, 10, NULL),
(101, 0, 0, 0, 0, 9200000, 0, NULL, 0, 0, -9200000, 0, '2020-01-02 09:32:13', 159, 9, NULL),
(102, 0, 0, 0, 0, 9200000, 0, NULL, 0, 0, -9200000, 0, '2020-01-02 09:32:14', 158, 15, NULL);

-- --------------------------------------------------------

--
-- Table structure for table `qc_salary_before_pay`
--

CREATE TABLE `qc_salary_before_pay` (
  `pay_id` int(10) UNSIGNED NOT NULL,
  `money` int(11) NOT NULL,
  `datePay` datetime NOT NULL,
  `description` varchar(300) COLLATE utf8mb4_unicode_ci DEFAULT NULL,
  `confirmStatus` tinyint(4) NOT NULL DEFAULT '0',
  `confirmDate` datetime DEFAULT NULL,
  `created_at` datetime NOT NULL,
  `work_id` int(10) UNSIGNED NOT NULL,
  `staffPay_id` int(10) UNSIGNED NOT NULL
) ENGINE=InnoDB DEFAULT CHARSET=utf8mb4 COLLATE=utf8mb4_unicode_ci;

--
-- Dumping data for table `qc_salary_before_pay`
--

INSERT INTO `qc_salary_before_pay` (`pay_id`, `money`, `datePay`, `description`, `confirmStatus`, `confirmDate`, `created_at`, `work_id`, `staffPay_id`) VALUES
(2, 50000, '2018-03-26 00:00:00', NULL, 0, NULL, '2018-04-18 13:47:37', 3, 1),
(5, 50000, '2018-03-27 00:00:00', NULL, 0, NULL, '2018-04-19 02:58:11', 1, 1),
(7, 10000, '2018-03-27 00:00:00', 'sáng', 0, NULL, '2018-04-19 07:34:59', 3, 1),
(8, 50000, '2018-03-10 00:00:00', 'từ tiền thu khách hàng', 0, NULL, '2018-04-19 07:35:40', 4, 1),
(9, 50000, '2018-03-28 00:00:00', '', 0, NULL, '2018-04-19 07:36:10', 3, 1),
(10, 50000, '2018-05-14 00:00:00', NULL, 0, NULL, '2018-05-14 16:27:31', 8, 1),
(11, 30000, '2018-05-14 00:00:00', NULL, 0, NULL, '2018-05-14 16:29:12', 6, 1),
(12, 100000, '2018-05-16 00:00:00', 'tối', 0, NULL, '2018-05-16 13:11:38', 6, 1),
(13, 50000, '2018-05-18 00:00:00', 'nbnnn', 0, NULL, '2018-05-24 02:56:34', 6, 1),
(14, 100000, '2018-05-18 00:00:00', NULL, 0, NULL, '2018-05-25 08:46:27', 6, 1),
(15, 300000, '2018-05-19 00:00:00', NULL, 0, NULL, '2018-05-29 16:48:19', 7, 1),
(16, 100000, '2018-05-29 00:00:00', NULL, 0, NULL, '2018-05-29 16:50:07', 7, 1),
(17, 500000, '2018-05-31 00:00:00', 'adasd', 0, NULL, '2018-05-31 03:57:20', 6, 1),
(18, 100000, '2018-06-01 00:00:00', NULL, 0, NULL, '2018-06-01 14:11:24', 14, 1),
(19, 100000, '2018-06-01 00:00:00', NULL, 0, NULL, '2018-06-01 14:13:23', 15, 1),
(20, 100000, '2018-06-01 00:00:00', NULL, 0, NULL, '2018-06-01 14:13:58', 15, 1),
(21, 100000, '2018-06-02 00:00:00', NULL, 0, NULL, '2018-06-09 09:01:13', 18, 1),
(22, 50000, '2018-06-09 00:00:00', NULL, 0, NULL, '2018-06-09 09:01:31', 18, 1),
(23, 100000, '2018-06-14 00:00:00', NULL, 0, NULL, '2018-06-16 02:00:48', 14, 1),
(24, 100000, '2018-06-16 00:00:00', NULL, 0, NULL, '2018-06-16 02:51:21', 14, 1),
(25, 100000, '2018-07-05 00:00:00', NULL, 0, NULL, '2018-12-14 04:10:54', 24, 1),
(26, 200000, '2018-07-06 00:00:00', NULL, 0, NULL, '2018-12-14 04:11:56', 24, 1),
(27, 100000, '2018-07-22 00:00:00', NULL, 0, NULL, '2018-12-19 17:07:46', 24, 1),
(28, 100000, '2018-07-22 00:00:00', 'abc', 0, NULL, '2018-12-20 02:42:38', 24, 1),
(29, 1000000, '2019-01-29 00:00:00', NULL, 0, NULL, '2019-01-26 03:44:39', 40, 1),
(30, 100000, '2019-12-17 00:00:00', NULL, 0, NULL, '2019-12-15 00:02:46', 166, 10),
(31, 50000, '2019-12-06 00:00:00', NULL, 0, NULL, '2019-12-18 23:45:50', 164, 1);

-- --------------------------------------------------------

--
-- Table structure for table `qc_salary_before_pay_request`
--

CREATE TABLE `qc_salary_before_pay_request` (
  `request_id` int(10) UNSIGNED NOT NULL,
  `moneyRequest` int(11) NOT NULL,
  `agreeStatus` tinyint(4) NOT NULL DEFAULT '0',
  `transferStatus` tinyint(4) NOT NULL DEFAULT '0',
  `transferDate` datetime DEFAULT NULL,
  `moneyConfirm` int(11) DEFAULT '0',
  `confirmNote` text COLLATE utf8mb4_unicode_ci,
  `confirmStatus` tinyint(4) NOT NULL DEFAULT '0',
  `confirmDate` datetime DEFAULT NULL,
  `created_at` datetime NOT NULL,
  `work_id` int(10) UNSIGNED NOT NULL,
  `staffConfirm_id` int(10) UNSIGNED DEFAULT NULL,
  `staffTransfer_id` int(10) UNSIGNED DEFAULT NULL,
  `dateRequest` datetime DEFAULT NULL
) ENGINE=InnoDB DEFAULT CHARSET=utf8mb4 COLLATE=utf8mb4_unicode_ci;

--
-- Dumping data for table `qc_salary_before_pay_request`
--

INSERT INTO `qc_salary_before_pay_request` (`request_id`, `moneyRequest`, `agreeStatus`, `transferStatus`, `transferDate`, `moneyConfirm`, `confirmNote`, `confirmStatus`, `confirmDate`, `created_at`, `work_id`, `staffConfirm_id`, `staffTransfer_id`, `dateRequest`) VALUES
(1, 200000, 0, 0, NULL, 200000, NULL, 1, '2018-07-19 15:28:30', '2018-07-19 03:31:22', 24, 1, NULL, '2018-07-21 03:31:22'),
(2, 100000, 1, 1, '2018-12-20 02:42:38', 100000, NULL, 1, '2018-07-19 15:45:43', '2018-07-19 15:43:29', 24, 1, 1, '2018-07-22 15:43:29'),
(3, 200000, 0, 0, NULL, 200000, NULL, 1, '2018-12-19 17:08:30', '2018-07-19 16:01:50', 24, 1, NULL, '2018-07-22 16:01:50'),
(4, 100000, 0, 0, NULL, 100000, NULL, 1, '2019-01-26 03:43:56', '2018-12-20 02:47:52', 24, 1, NULL, '2018-12-23 02:47:52'),
(5, 1000000, 1, 1, '2019-01-26 03:44:39', 1000000, NULL, 1, '2019-01-26 03:44:03', '2019-01-26 03:39:58', 40, 1, 1, '2019-01-29 03:39:58'),
(6, 50000, 0, 0, NULL, 50000, NULL, 1, '2019-09-13 12:07:53', '2019-09-13 12:04:56', 135, 1, NULL, '2019-09-16 12:04:56'),
(7, 10000, 0, 0, NULL, 0, NULL, 1, '2019-09-13 12:13:33', '2019-09-13 12:13:18', 135, 1, NULL, '2019-09-16 12:13:18'),
(8, 30000, 1, 0, NULL, 30000, NULL, 1, '2019-09-13 12:15:02', '2019-09-13 12:14:52', 135, 1, NULL, '2019-09-16 12:14:52'),
(9, 50000, 1, 1, '2019-12-18 23:45:50', 50000, NULL, 1, '2019-12-03 00:16:00', '2019-12-03 00:14:26', 164, 1, 1, '2019-12-06 00:14:26'),
(10, 100000, 1, 1, '2019-12-15 00:02:46', 100000, NULL, 1, '2019-12-15 00:01:58', '2019-12-14 23:54:09', 166, 10, 10, '2019-12-17 23:54:09');

-- --------------------------------------------------------

--
-- Table structure for table `qc_salary_pays`
--

CREATE TABLE `qc_salary_pays` (
  `pay_id` int(10) UNSIGNED NOT NULL,
  `money` int(11) NOT NULL,
  `datePay` datetime NOT NULL,
  `confirmStatus` tinyint(4) NOT NULL DEFAULT '0',
  `created_at` datetime NOT NULL,
  `salary_id` int(10) UNSIGNED NOT NULL,
  `staff_id` int(10) UNSIGNED NOT NULL
) ENGINE=InnoDB DEFAULT CHARSET=utf8mb4 COLLATE=utf8mb4_unicode_ci;

--
-- Dumping data for table `qc_salary_pays`
--

INSERT INTO `qc_salary_pays` (`pay_id`, `money`, `datePay`, `confirmStatus`, `created_at`, `salary_id`, `staff_id`) VALUES
(1, 100000, '2018-05-14 00:00:00', 0, '2018-05-14 15:55:34', 3, 1),
(2, 200000, '2018-05-14 00:00:00', 0, '2018-05-14 15:56:47', 3, 1),
(3, 1601250, '2018-05-16 00:00:00', 0, '2018-05-16 13:32:32', 1, 1),
(4, 688510, '2018-07-01 00:00:00', 0, '2018-07-01 17:41:51', 10, 1),
(5, 1148314, '2018-07-01 00:00:00', 0, '2018-07-01 17:42:31', 9, 1),
(6, 0, '2018-07-01 00:00:00', 0, '2018-07-01 17:42:38', 11, 1),
(7, 0, '2018-07-01 00:00:00', 0, '2018-07-01 17:42:54', 8, 1),
(8, 0, '2018-07-01 00:00:00', 0, '2018-07-01 17:43:01', 7, 1),
(9, 0, '2018-07-01 00:00:00', 0, '2018-07-01 17:43:09', 6, 1),
(10, 0, '2018-07-01 00:00:00', 0, '2018-07-01 17:43:21', 5, 1),
(11, 1000000, '2018-07-03 00:00:00', 1, '2018-07-03 04:01:24', 16, 1),
(12, 961520, '2018-07-03 00:00:00', 1, '2018-07-03 04:01:49', 16, 1),
(13, 1500000, '2018-07-03 00:00:00', 0, '2018-07-03 04:33:24', 14, 1),
(14, 500000, '2018-07-03 00:00:00', 0, '2018-07-03 04:33:40', 12, 1),
(15, 600000, '2018-06-30 00:00:00', 0, '2018-07-03 07:52:01', 15, 1),
(16, 0, '2019-08-03 00:00:00', 0, '2019-08-03 15:17:11', 26, 1),
(17, 5000000, '2019-08-06 00:00:00', 0, '2019-08-06 11:34:15', 28, 1),
(18, 1000000, '2019-08-21 00:00:41', 0, '2019-08-21 00:00:41', 37, 1),
(19, 2000000, '2019-08-21 00:01:23', 0, '2019-08-21 00:01:23', 37, 1),
(20, 3000000, '2019-08-21 00:02:01', 0, '2019-08-21 00:02:01', 36, 1),
(21, 0, '2019-09-16 16:16:54', 0, '2019-09-16 16:16:54', 55, 16),
(22, 0, '2019-09-16 16:17:07', 0, '2019-09-16 16:17:07', 41, 16),
(23, 0, '2019-09-16 16:17:26', 0, '2019-09-16 16:17:26', 43, 16),
(24, 1000000, '2019-12-03 01:17:23', 0, '2019-12-03 01:17:23', 53, 1),
(26, 3000000, '2019-12-03 01:29:46', 0, '2019-12-03 01:29:46', 52, 1),
(28, 2000000, '2019-12-03 01:42:48', 0, '2019-12-03 01:42:48', 37, 1),
(30, 5000000, '2019-12-03 01:51:17', 0, '2019-12-03 01:51:17', 51, 1),
(31, 7403285, '2019-12-03 02:06:43', 0, '2019-12-03 02:06:43', 49, 1),
(32, 2118222, '2019-12-03 02:39:42', 1, '2019-12-03 02:39:42', 77, 1),
(33, 10400000, '2019-12-03 02:49:16', 0, '2019-12-03 02:49:16', 82, 1),
(34, 1600000, '2019-12-15 00:11:16', 0, '2019-12-15 00:11:16', 91, 10),
(35, -4563895, '2019-12-28 19:10:31', 0, '2019-12-28 19:10:31', 92, 1);

-- --------------------------------------------------------

--
-- Table structure for table `qc_staffs`
--

CREATE TABLE `qc_staffs` (
  `staff_id` int(10) UNSIGNED NOT NULL,
  `nameCode` varchar(20) COLLATE utf8mb4_unicode_ci NOT NULL,
  `firstName` varchar(30) COLLATE utf8mb4_unicode_ci NOT NULL,
  `lastName` varchar(20) COLLATE utf8mb4_unicode_ci NOT NULL,
  `account` varchar(65) COLLATE utf8mb4_unicode_ci DEFAULT NULL,
  `password` varchar(100) COLLATE utf8mb4_unicode_ci DEFAULT NULL,
  `identityCard` varchar(20) COLLATE utf8mb4_unicode_ci NOT NULL,
  `birthday` date DEFAULT NULL,
  `gender` tinyint(4) NOT NULL,
  `image` varchar(255) COLLATE utf8mb4_unicode_ci DEFAULT NULL,
  `identityCardFront` varchar(255) COLLATE utf8mb4_unicode_ci DEFAULT NULL,
  `identityCardBack` varchar(255) COLLATE utf8mb4_unicode_ci DEFAULT NULL,
  `email` varchar(100) COLLATE utf8mb4_unicode_ci DEFAULT NULL,
  `address` varchar(100) COLLATE utf8mb4_unicode_ci NOT NULL,
  `phone` varchar(30) COLLATE utf8mb4_unicode_ci DEFAULT NULL,
  `level` tinyint(1) NOT NULL DEFAULT '5',
  `workStatus` tinyint(4) NOT NULL DEFAULT '1',
  `rootStatus` tinyint(4) NOT NULL DEFAULT '0',
  `confirmStatus` tinyint(1) NOT NULL DEFAULT '0',
  `created_at` datetime NOT NULL,
  `company_id` int(10) UNSIGNED DEFAULT NULL,
  `bankAccount` varchar(30) COLLATE utf8mb4_unicode_ci DEFAULT NULL,
  `bankName` varchar(50) COLLATE utf8mb4_unicode_ci DEFAULT NULL
) ENGINE=InnoDB DEFAULT CHARSET=utf8mb4 COLLATE=utf8mb4_unicode_ci;

--
-- Dumping data for table `qc_staffs`
--

INSERT INTO `qc_staffs` (`staff_id`, `nameCode`, `firstName`, `lastName`, `account`, `password`, `identityCard`, `birthday`, `gender`, `image`, `identityCardFront`, `identityCardBack`, `email`, `address`, `phone`, `level`, `workStatus`, `rootStatus`, `confirmStatus`, `created_at`, `company_id`, `bankAccount`, `bankName`) VALUES
(1, '180319195613', 'Nguyễn văn', 'A Root', 'root', '279a17545c99a31ca62cb9affcd014474448ea5012427f46dc591b2863e1833f', '331581319', '1985-07-17', 1, 'avatar191119183126.png', NULL, NULL, NULL, 'Vĩnh Long', '0939889907', 0, 1, 1, 1, '2018-03-19 19:56:13', 1, '326598741', 'ACB'),
(5, '180320161039', 'Nguyễn văn', 'B', '123456789', '1c577a03d132c17438925c995e555ebdc6383f30f668f28ca3eb81bcf5c19fe2', '123456789', '2000-03-02', 1, NULL, NULL, NULL, NULL, 'bến tre', '012343242423', 3, 1, 0, 0, '2018-03-20 16:10:39', 2, NULL, NULL),
(6, '180321050242', 'Thanh', 'Nhã', '111111111', NULL, '111111111', '1990-03-01', 1, NULL, NULL, NULL, NULL, 'cà mau', NULL, 5, 1, 0, 0, '2018-03-21 05:02:42', 2, NULL, NULL),
(7, '180321052311', 'Nguyễn Hoàng', 'Nhi', '333444555', '50f913c139741df71ff8a8784e546457fa40c1a6158fa5dc0f47d539a3fce1c0', '333444555', '1979-03-01', 1, NULL, NULL, NULL, NULL, 'Cà mau', '0907707728', 0, 1, 1, 0, '2018-03-21 05:23:11', 1, NULL, NULL),
(8, '180524045918', 'Đinh Nguyên', 'Toán', '114674554', 'c395bae2028a9f2accf4d759331246571315f3dc96d7aaf2e00a3c2a9a05306f', '114674554', '1979-05-01', 1, NULL, NULL, NULL, NULL, 'ninh binh', NULL, 3, 1, 0, 0, '2018-05-24 04:59:18', 2, NULL, NULL),
(9, '180525071652', 'Trần Mai Xuân', 'Đào', '987654321', 'bb3b03fd355800ce5d43fe1fffadd5c00a0f87316846cc460ba99331f45dd571', '987654321', NULL, 0, NULL, NULL, NULL, NULL, 'củ chi', NULL, 3, 1, 0, 0, '2018-05-25 07:16:52', 1, NULL, NULL),
(10, '180531065802', 'Nguyễn văn', 'Tèo', '111222333', '3d7cbb07f30b5af887d1bcfe4f6d688651320b878e2047dbeef791aec39c1aee', '111222333', '1998-05-01', 1, NULL, NULL, NULL, NULL, 'vĩnh long', NULL, 3, 1, 0, 0, '2018-05-31 06:58:02', 1, NULL, 'ACB'),
(12, '180531070456', 'Nguyễn văn', 'A A', '222222222', '74fcd175ae3e34133e882299ec256184f6e87cebcd3f5e2e1deaf8274e4cabcc', '555222333', '1990-05-01', 1, 'avatar190814000635.png', 'identity_front190814000635.jpg', 'identity_back190814000635.png', NULL, 'Vĩnh Long', '0123456789', 2, 1, 0, 1, '2018-05-31 07:04:56', 2, '123456789', 'ACB'),
(14, '181114081622', 'Nguyen van', 'qc_ns_kt', '333333333', '5929ceeaf9fac40549d697844189ddc667abb782c5e8671cbfb14d8b65eb8fe6', '333333333', '2000-11-01', 1, NULL, NULL, NULL, NULL, 'hcm', NULL, 5, 1, 0, 0, '2018-11-14 08:16:22', 2, NULL, NULL),
(15, '190618124604', 'Tài khoản', 'Kinh doanh 1', '999999999', '9866f7750716f571fb90508a3462e8e844760afead5b5147c97fc04edf86fff4', '999999999', '1985-06-17', 1, NULL, NULL, NULL, NULL, 'Vĩnh long', '0123456987', 5, 1, 0, 0, '2019-06-18 12:46:04', 2, NULL, NULL),
(16, '190715221209', 'Nv', 'quan lý chi nhanh 2', '888888888', 'b6353d566de3ad06896def7758b00aa69a5a23a5e64996ffc0b4a479fd9e27d5', '888888888', '1990-07-01', 1, NULL, NULL, NULL, NULL, 'Vinh long', '789654123', 1, 1, 0, 1, '2019-07-15 22:12:09', 2, NULL, NULL),
(17, '190729225952', 'bo phan', 'kinh doanh 2', '789456123', 'ef621557bf4e47db7d33871e43d06be1ed94472d96a215944f58fe25138c4c7d', '789456123', '1990-07-03', 1, NULL, NULL, NULL, NULL, 'tra vinh', NULL, 5, 1, 0, 0, '2019-07-29 22:59:52', NULL, NULL, NULL),
(18, '190729231322', 'bo phan', 'kinh doanh 3', '111111', '9faf168c3374b3c754382108d36da0d807a2575f48b0caaa37c9b9100b7e72f5', '111111', '1980-07-10', 1, NULL, NULL, NULL, NULL, 'can tho', NULL, 5, 1, 0, 0, '2019-07-29 23:13:22', NULL, NULL, NULL),
(19, '190802110231', 'nguyen van', 'c c', '987654322', 'f9da93901b3ffa391e5fe939201c222950b2bf374027532adda36783ee3d8b77', '987654322', '1980-08-01', 1, NULL, NULL, NULL, NULL, 'vĩnh long', '0123456777', 5, 1, 0, 0, '2019-08-02 11:02:31', NULL, NULL, NULL),
(20, '190814105804', 'nv CN 2', 'test v2 - 1', '874521369', '0b9cbf301e2d5b3de618952d40fe743e00f472c4271f3cb591f53de9fedcdaec', '874521369', '1992-08-01', 1, 'avatar190814105804.jpg', 'identity_front190814113103.JPG', 'identity_back190814113103.jpg', NULL, 'long an', '0123456789', 5, 1, 0, 0, '2019-08-14 10:58:04', NULL, NULL, NULL),
(21, '190829141224', 'ho ten', 'test 29/8', '01245879', 'e5b52b5bb0fff46a6072e07b67af5a4610871bfa1e2cd2baf08d0ddac666adb4', '01245879', '1984-08-01', 1, 'avatar190829141223.jpg', 'identity_front190829141223.JPG', 'identity_back190829141224.JPG', NULL, 'sdasdas', '13131', 5, 1, 0, 0, '2019-08-29 14:12:24', NULL, NULL, NULL),
(22, '190829160652', 'nguyen van', 'c', '036985217', 'cea16e3a689dfea802b61c1ae696da02cead3abe67a2db824ae20abce5a538ce', '036985217', '1985-08-01', 1, NULL, NULL, NULL, NULL, 'tra vinh', '014752369', 5, 1, 0, 0, '2019-08-29 16:06:52', NULL, NULL, NULL),
(23, '190829161626', 'nguyen van', 'e', '036985218', 'aed1def1b1624455b0e2519623876c1d70c8155a309435bca2b33cdda5aeab36', '036985218', '1985-08-01', 1, NULL, NULL, NULL, NULL, 'tra vinh', '014752369', 5, 1, 0, 0, '2019-08-29 16:16:26', NULL, NULL, NULL),
(24, '191001113455', 'tran van', 'b', '258974136', '32301cde97e3048c6aec8cfff82f512255dd88292a34a9954ee65a7251683d44', '258974136', '1990-10-01', 1, NULL, NULL, NULL, NULL, 'vl', '01247785767', 5, 1, 0, 0, '2019-10-01 11:34:55', NULL, NULL, NULL);

-- --------------------------------------------------------

--
-- Table structure for table `qc_staff_kpi`
--

CREATE TABLE `qc_staff_kpi` (
  `staffKpi_id` int(10) UNSIGNED NOT NULL,
  `action` tinyint(4) NOT NULL DEFAULT '1',
  `created_at` datetime NOT NULL,
  `kpi_id` int(10) UNSIGNED NOT NULL,
  `staff_id` int(10) UNSIGNED NOT NULL
) ENGINE=InnoDB DEFAULT CHARSET=utf8mb4 COLLATE=utf8mb4_unicode_ci;

-- --------------------------------------------------------

--
-- Table structure for table `qc_staff_kpi_register`
--

CREATE TABLE `qc_staff_kpi_register` (
  `register_id` int(10) UNSIGNED NOT NULL,
  `registerDate` datetime NOT NULL,
  `applyDate` datetime DEFAULT NULL,
  `confirmDate` tinyint(4) NOT NULL DEFAULT '0',
  `confirmStatus` tinyint(4) NOT NULL DEFAULT '0',
  `agreeStatus` tinyint(4) NOT NULL DEFAULT '0',
  `action` tinyint(4) NOT NULL DEFAULT '1',
  `created_at` datetime NOT NULL,
  `kpi_id` int(10) UNSIGNED NOT NULL,
  `staff_id` int(10) UNSIGNED NOT NULL,
  `confirmStaff_id` int(10) UNSIGNED DEFAULT NULL
) ENGINE=InnoDB DEFAULT CHARSET=utf8mb4 COLLATE=utf8mb4_unicode_ci;

-- --------------------------------------------------------

--
-- Table structure for table `qc_staff_salary_basics`
--

CREATE TABLE `qc_staff_salary_basics` (
  `salary_basic_id` int(10) UNSIGNED NOT NULL,
  `salary` int(11) NOT NULL,
  `action` tinyint(4) NOT NULL DEFAULT '1',
  `created_at` datetime NOT NULL,
  `staff_id` int(10) UNSIGNED NOT NULL
) ENGINE=InnoDB DEFAULT CHARSET=utf8mb4 COLLATE=utf8mb4_unicode_ci;

--
-- Dumping data for table `qc_staff_salary_basics`
--

INSERT INTO `qc_staff_salary_basics` (`salary_basic_id`, `salary`, `action`, `created_at`, `staff_id`) VALUES
(1, 8000000, 0, '2018-03-19 00:00:00', 1),
(5, 5500000, 0, '2018-03-20 16:10:39', 1),
(6, 5500000, 1, '2018-03-21 05:02:42', 6),
(7, 1000000, 1, '2018-03-21 05:23:11', 7),
(8, 6000000, 1, '2018-03-21 16:29:20', 5),
(9, 10000000, 1, '2018-05-24 04:59:18', 8),
(10, 10000000, 1, '2018-05-25 07:16:52', 9),
(11, 5000000, 1, '2018-05-31 06:58:02', 10),
(12, 5000000, 1, '2018-05-31 07:04:57', 12),
(14, 5000000, 1, '2018-11-14 08:16:22', 14),
(15, 1000000, 0, '2019-02-13 10:50:43', 1),
(16, 10000000, 0, '2019-02-13 10:51:10', 1),
(17, 3000000, 1, '2019-06-17 10:17:20', 1),
(18, 3000000, 1, '2019-06-18 12:46:04', 15),
(19, 5000000, 1, '2019-07-15 22:12:09', 16);

-- --------------------------------------------------------

--
-- Table structure for table `qc_staff_work_department`
--

CREATE TABLE `qc_staff_work_department` (
  `detail_id` int(10) UNSIGNED NOT NULL,
  `beginDate` datetime NOT NULL,
  `permission` varchar(1) COLLATE utf8mb4_unicode_ci NOT NULL DEFAULT 'f',
  `action` tinyint(4) NOT NULL DEFAULT '1',
  `created_at` datetime NOT NULL,
  `work_id` int(10) UNSIGNED NOT NULL,
  `department_id` int(10) UNSIGNED NOT NULL,
  `rank_id` int(10) UNSIGNED NOT NULL
) ENGINE=InnoDB DEFAULT CHARSET=utf8mb4 COLLATE=utf8mb4_unicode_ci;

--
-- Dumping data for table `qc_staff_work_department`
--

INSERT INTO `qc_staff_work_department` (`detail_id`, `beginDate`, `permission`, `action`, `created_at`, `work_id`, `department_id`, `rank_id`) VALUES
(7, '2019-07-27 21:19:52', 'f', 1, '2019-07-27 21:19:52', 5, 2, 1),
(8, '2019-07-27 21:19:52', 'f', 1, '2019-07-27 21:19:52', 5, 3, 2),
(9, '2019-07-29 15:01:58', 'f', 0, '2019-07-29 15:01:58', 6, 2, 1),
(10, '2019-07-29 15:01:58', 'f', 1, '2019-07-29 15:01:58', 6, 5, 2),
(11, '2019-07-29 15:35:33', 'f', 1, '2019-07-29 15:35:33', 7, 1, 1),
(12, '2019-07-29 15:35:33', 'f', 1, '2019-07-29 15:35:33', 7, 5, 1),
(13, '2019-07-29 15:36:32', 'f', 1, '2019-07-29 15:36:32', 8, 2, 2),
(14, '2019-07-29 15:38:38', 'f', 1, '2019-07-29 15:38:38', 9, 5, 1),
(15, '2019-07-29 15:39:26', 'f', 1, '2019-07-29 15:39:26', 10, 2, 1),
(16, '2019-07-29 15:40:32', 'f', 1, '2019-07-29 15:40:32', 11, 1, 1),
(17, '2019-07-29 15:45:19', 'f', 1, '2019-07-29 15:45:19', 12, 1, 2),
(18, '2019-07-29 15:45:19', 'f', 0, '2019-07-29 15:45:19', 12, 5, 1),
(19, '2019-07-29 15:54:18', 'f', 1, '2019-07-29 15:54:18', 13, 1, 1),
(20, '2019-07-28 00:00:00', 'f', 1, '2019-07-29 22:59:53', 14, 5, 2),
(21, '2019-07-28 00:00:00', 'f', 1, '2019-07-29 22:59:53', 14, 2, 2),
(22, '2019-07-28 00:00:00', 'f', 1, '2019-07-29 23:13:22', 15, 5, 2),
(23, '2019-08-02 00:54:42', 'f', 1, '2019-08-02 00:54:42', 16, 1, 1),
(24, '2019-08-02 09:58:40', 'f', 1, '2019-08-02 09:58:40', 17, 2, 2),
(25, '2019-08-02 09:58:40', 'f', 1, '2019-08-02 09:58:40', 17, 1, 2),
(26, '2019-08-02 10:44:31', 'f', 1, '2019-08-02 10:44:31', 18, 2, 2),
(27, '2019-08-02 10:44:31', 'f', 1, '2019-08-02 10:44:31', 18, 6, 2),
(28, '2019-08-01 00:00:00', 'f', 1, '2019-08-02 11:02:31', 19, 5, 1),
(29, '2019-08-02 11:12:07', 'f', 1, '2019-08-02 11:12:07', 20, 5, 1),
(30, '2019-08-02 11:12:07', 'f', 1, '2019-08-02 11:12:07', 20, 2, 2),
(31, '2019-08-02 11:17:11', 'f', 1, '2019-08-02 11:17:11', 21, 1, 1),
(32, '2019-08-02 11:17:11', 'f', 1, '2019-08-02 11:17:11', 21, 2, 2),
(33, '2019-08-04 13:32:16', 'f', 0, '2019-08-04 13:32:16', 21, 7, 1),
(34, '2019-08-04 13:35:13', 'f', 1, '2019-08-04 13:35:13', 13, 7, 1),
(35, '2019-08-04 13:35:43', 'f', 1, '2019-08-04 13:35:43', 7, 7, 1),
(36, '2019-08-04 13:36:07', 'f', 1, '2019-08-04 13:36:07', 12, 7, 1),
(37, '2019-08-04 13:47:22', 'f', 1, '2019-08-04 13:47:22', 9, 1, 1),
(38, '2019-08-04 13:47:22', 'f', 1, '2019-08-04 13:47:22', 9, 7, 1),
(39, '2019-08-14 00:00:00', 'f', 1, '2019-08-14 10:58:04', 22, 4, 2),
(40, '2019-08-14 00:00:00', 'f', 1, '2019-08-14 10:58:04', 22, 5, 2),
(41, '2019-08-29 00:00:00', 'f', 1, '2019-08-29 14:12:24', 23, 5, 2),
(42, '2019-08-29 00:00:00', 'f', 1, '2019-08-29 16:06:53', 24, 1, 2),
(43, '2019-08-29 00:00:00', 'f', 1, '2019-08-29 16:16:27', 25, 4, 2),
(44, '2019-09-30 22:18:44', 'f', 1, '2019-09-30 22:18:44', 6, 1, 1),
(45, '2019-09-30 22:37:00', 'f', 1, '2019-09-30 22:37:00', 6, 7, 1),
(46, '2019-10-01 00:00:00', 'f', 1, '2019-10-01 11:34:55', 26, 1, 1),
(47, '2019-12-14 14:16:24', 'f', 1, '2019-12-14 14:16:24', 17, 5, 1),
(48, '2019-12-14 14:20:22', 'f', 1, '2019-12-14 14:20:22', 17, 7, 1);

-- --------------------------------------------------------

--
-- Table structure for table `qc_staff_work_method`
--

CREATE TABLE `qc_staff_work_method` (
  `method_id` int(10) UNSIGNED NOT NULL,
  `method` tinyint(4) NOT NULL DEFAULT '1',
  `applyRule` tinyint(4) NOT NULL DEFAULT '1',
  `action` tinyint(4) NOT NULL DEFAULT '1',
  `created_at` datetime NOT NULL,
  `staff_id` int(10) UNSIGNED NOT NULL,
  `confirmStaff_id` int(10) UNSIGNED NOT NULL
) ENGINE=InnoDB DEFAULT CHARSET=utf8mb4 COLLATE=utf8mb4_unicode_ci;

--
-- Dumping data for table `qc_staff_work_method`
--

INSERT INTO `qc_staff_work_method` (`method_id`, `method`, `applyRule`, `action`, `created_at`, `staff_id`, `confirmStaff_id`) VALUES
(1, 1, 2, 1, '2019-09-14 16:04:26', 12, 1),
(2, 1, 2, 1, '2019-09-17 00:03:20', 7, 1),
(3, 1, 2, 1, '2019-10-01 11:34:55', 24, 1),
(4, 1, 2, 1, '2019-11-19 18:34:19', 1, 1),
(5, 1, 1, 1, '2019-12-14 14:16:24', 10, 1);

-- --------------------------------------------------------

--
-- Table structure for table `qc_staff_work_salary`
--

CREATE TABLE `qc_staff_work_salary` (
  `workSalary_id` int(10) UNSIGNED NOT NULL,
  `totalSalary` int(11) NOT NULL DEFAULT '0',
  `salary` int(11) NOT NULL DEFAULT '0',
  `responsibility` int(11) NOT NULL DEFAULT '0',
  `usePhone` int(11) NOT NULL DEFAULT '0',
  `insurance` float NOT NULL DEFAULT '0',
  `fuel` int(11) NOT NULL DEFAULT '0',
  `dateOff` int(11) NOT NULL DEFAULT '0',
  `overtimeHour` int(11) NOT NULL DEFAULT '0',
  `action` tinyint(4) NOT NULL DEFAULT '1',
  `created_at` datetime NOT NULL,
  `work_id` int(10) UNSIGNED NOT NULL
) ENGINE=InnoDB DEFAULT CHARSET=utf8mb4 COLLATE=utf8mb4_unicode_ci;

--
-- Dumping data for table `qc_staff_work_salary`
--

INSERT INTO `qc_staff_work_salary` (`workSalary_id`, `totalSalary`, `salary`, `responsibility`, `usePhone`, `insurance`, `fuel`, `dateOff`, `overtimeHour`, `action`, `created_at`, `work_id`) VALUES
(5, 6000000, 6000000, 0, 0, 0, 0, 1, 10000, 1, '2019-07-27 21:19:52', 5),
(6, 5000000, 5000000, 0, 0, 0, 0, 1, 10000, 0, '2019-07-29 15:01:58', 6),
(7, 3000000, 3000000, 0, 0, 0, 0, 1, 10000, 0, '2019-07-29 15:35:33', 7),
(8, 5000000, 5000000, 0, 0, 0, 0, 1, 10000, 1, '2019-07-29 15:36:32', 8),
(9, 5000000, 5000000, 0, 0, 0, 0, 1, 10000, 1, '2019-07-29 15:38:38', 9),
(10, 5000000, 5000000, 0, 0, 0, 0, 1, 10000, 1, '2019-07-29 15:39:26', 10),
(11, 3000000, 3000000, 0, 0, 0, 0, 1, 10000, 0, '2019-07-29 15:40:32', 11),
(12, 10000000, 10000000, 0, 0, 0, 0, 1, 10000, 1, '2019-07-29 15:45:20', 12),
(13, 1000000, 1000000, 0, 0, 0, 0, 1, 10000, 1, '2019-07-29 15:54:18', 13),
(14, 5100000, 3000000, 2000000, 100000, 21.5, 0, 1, 0, 1, '2019-07-29 03:06:00', 14),
(15, 6600000, 4000000, 2000000, 100000, 21, 500000, 1, 10000, 1, '2019-07-29 23:13:22', 15),
(16, 6100000, 4000000, 2000000, 10000, 21.5, 0, 0, 0, 0, '2019-08-02 00:46:24', 6),
(17, 1100000, 9000000, 2000000, 100000, 21.5, 0, 1, 10000, 1, '2019-08-02 00:57:43', 16),
(18, 6700000, 3000000, 2000000, 100000, 21.5, 1500000, 1, 10000, 1, '2019-08-02 10:58:16', 18),
(19, 8300000, 5000000, 2000000, 100000, 21.5, 1200000, 1, 10000, 0, '2019-08-02 11:02:32', 19),
(20, 11100000, 8000000, 3000000, 100000, 21.5, 0, 1, 10000, 1, '2019-08-02 11:14:38', 20),
(21, 3100000, 3000000, 0, 0, 0, 0, 1, 10000, 1, '2019-08-02 11:17:11', 21),
(22, 6100000, 4000000, 2000000, 100000, 21.5, 0, 1, 10000, 1, '2019-08-14 10:58:04', 22),
(23, 6000000, 4000000, 2000000, 0, 21.5, 0, 1, 10000, 1, '2019-08-29 14:12:24', 23),
(24, 7500000, 4000000, 1000000, 100000, 21.5, 1251539, 1, 10000, 1, '2019-08-29 16:06:53', 24),
(25, 7500000, 4000000, 1000000, 100000, 21.5, 1251539, 1, 10000, 1, '2019-08-29 16:16:27', 25),
(26, 6100000, 4000000, 0, 100000, 21.5, 905385, 1, 0, 0, '2019-08-29 17:00:54', 6),
(27, 9000000, 4000000, 2000000, 100000, 21.5, 1693847, 1, 10000, 0, '2019-08-29 22:27:59', 6),
(28, 10000000, 10000000, 0, 0, 21.5, 0, 1, 10000, 1, '2019-10-01 11:34:55', 26),
(29, 9000000, 4000000, 2000000, 100000, 21.5, 1693847, 1, 10000, 1, '2019-11-19 15:35:53', 6),
(30, 3000000, 3000000, 0, 0, 21.5, 0, 1, 10000, 1, '2019-11-19 18:34:34', 7),
(31, 9000000, 4000000, 3000000, 100000, 21.5, 693847, 1, 10000, 1, '2019-12-14 14:24:18', 17);

-- --------------------------------------------------------

--
-- Table structure for table `qc_supplies`
--

CREATE TABLE `qc_supplies` (
  `supplies_id` int(10) UNSIGNED NOT NULL,
  `name` varchar(50) COLLATE utf8mb4_unicode_ci NOT NULL,
  `unit` varchar(30) COLLATE utf8mb4_unicode_ci NOT NULL,
  `action` tinyint(4) NOT NULL DEFAULT '1',
  `confirmStatus` tinyint(4) NOT NULL DEFAULT '1',
  `applyStatus` tinyint(4) NOT NULL DEFAULT '1',
  `created_at` datetime NOT NULL
) ENGINE=InnoDB DEFAULT CHARSET=utf8mb4 COLLATE=utf8mb4_unicode_ci;

--
-- Dumping data for table `qc_supplies`
--

INSERT INTO `qc_supplies` (`supplies_id`, `name`, `unit`, `action`, `confirmStatus`, `applyStatus`, `created_at`) VALUES
(1, 'Keo dán sắt - 502', 'Chai', 1, 1, 1, '2019-03-09 16:06:48'),
(2, 'Keo 2 mặt', 'Cuộn', 1, 1, 1, '2019-03-09 16:07:26'),
(3, 'Keo giấy', 'Cuộn', 1, 1, 1, '2019-03-09 16:07:36'),
(4, 'Keo trong', 'Cuộn', 1, 1, 1, '2019-03-09 16:07:48'),
(5, 'Dao cắt giấy', 'Cuộn', 1, 1, 1, '2019-03-09 16:07:59'),
(6, 'Silicon', 'Cuộn', 1, 1, 1, '2019-03-09 16:08:07'),
(7, 'Xbon', 'Cuộn', 1, 1, 1, '2019-03-09 16:08:14'),
(8, 'Vit bắn sắt - 1 phân', 'Cuộn', 1, 1, 1, '2019-03-09 16:08:43'),
(10, 'Vit bắn gỗ', 'Cuộn', 1, 1, 1, '2019-03-09 16:09:07'),
(11, 'Bát L nhỏ', 'Cuộn', 1, 1, 1, '2019-03-09 16:09:27'),
(12, 'Bát L lớn', 'Bọc', 1, 1, 1, '2019-03-09 16:10:01'),
(13, 'decal', 'm2', 1, 1, 1, '2019-03-09 16:10:25'),
(14, 'Viền nhôm 2 phân', 'm', 1, 1, 1, '2019-03-09 16:11:50'),
(15, 'Alu', 'm2', 1, 1, 1, '2019-03-09 16:12:05'),
(16, 'MIca', 'm2', 1, 1, 1, '2019-03-09 16:12:20'),
(17, 'Nước sơn xịt', 'Chai', 1, 1, 1, '2019-03-09 16:12:46'),
(18, 'Bóng đèn tip 1m2', 'Bóng', 1, 1, 1, '2019-03-09 16:13:08'),
(19, 'Bóng đèn tip 9 tấc', 'Bóng', 1, 1, 1, '2019-03-09 16:13:19'),
(20, 'Sắt vuông 20', 'm', 1, 1, 1, '2019-03-09 16:13:45'),
(21, 'Sắt v3', 'm', 1, 1, 1, '2019-03-09 16:13:52'),
(22, 'viền nhôm', 'cây', 1, 1, 1, '2019-04-11 18:20:55'),
(23, 'qqqqqqq', 'kg', 0, 1, 1, '2019-12-18 22:36:35'),
(24, 'aaaaaa', 'cai', 0, 1, 1, '2019-12-18 22:46:56');

-- --------------------------------------------------------

--
-- Table structure for table `qc_system_date_off`
--

CREATE TABLE `qc_system_date_off` (
  `dateOff_id` int(10) UNSIGNED NOT NULL,
  `dateOff` datetime NOT NULL,
  `description` varchar(300) COLLATE utf8mb4_unicode_ci DEFAULT NULL,
  `type` tinyint(4) NOT NULL DEFAULT '1',
  `created_at` datetime NOT NULL,
  `company_id` int(10) UNSIGNED NOT NULL,
  `staff_id` int(10) UNSIGNED NOT NULL
) ENGINE=InnoDB DEFAULT CHARSET=utf8mb4 COLLATE=utf8mb4_unicode_ci;

--
-- Dumping data for table `qc_system_date_off`
--

INSERT INTO `qc_system_date_off` (`dateOff_id`, `dateOff`, `description`, `type`, `created_at`, `company_id`, `staff_id`) VALUES
(1, '2019-08-25 00:00:00', 'đi du lịch', 2, '2019-08-25 16:00:35', 1, 1),
(2, '2019-09-02 00:00:00', 'lễ', 1, '2019-08-25 16:00:35', 1, 1),
(3, '2019-09-03 00:00:00', NULL, 1, '2019-09-12 15:35:23', 1, 1);

-- --------------------------------------------------------

--
-- Table structure for table `qc_timekeeping`
--

CREATE TABLE `qc_timekeeping` (
  `timekeeping_id` int(10) UNSIGNED NOT NULL,
  `timeBegin` datetime DEFAULT NULL,
  `timeEnd` datetime DEFAULT NULL,
  `dateOff` datetime DEFAULT NULL,
  `afternoonStatus` tinyint(1) NOT NULL DEFAULT '0',
  `mainMinute` float NOT NULL DEFAULT '0',
  `plusMinute` float NOT NULL DEFAULT '0',
  `minusMinute` float NOT NULL DEFAULT '0',
  `note` text COLLATE utf8mb4_unicode_ci,
  `lateStatus` tinyint(1) NOT NULL DEFAULT '0' COMMENT '0- tre; 1 binh thuong',
  `permissionStatus` tinyint(1) NOT NULL DEFAULT '0' COMMENT '0- khong phep; 1 -co phep',
  `workStatus` tinyint(1) NOT NULL DEFAULT '1',
  `created_at` datetime NOT NULL,
  `staffCheck_id` int(10) UNSIGNED DEFAULT NULL,
  `work_id` int(10) UNSIGNED NOT NULL
) ENGINE=InnoDB DEFAULT CHARSET=utf8mb4 COLLATE=utf8mb4_unicode_ci;

--
-- Dumping data for table `qc_timekeeping`
--

INSERT INTO `qc_timekeeping` (`timekeeping_id`, `timeBegin`, `timeEnd`, `dateOff`, `afternoonStatus`, `mainMinute`, `plusMinute`, `minusMinute`, `note`, `lateStatus`, `permissionStatus`, `workStatus`, `created_at`, `staffCheck_id`, `work_id`) VALUES
(1, '2018-03-19 08:00:00', '2018-03-19 17:00:00', NULL, 0, 480, 0, 0, NULL, 1, 0, 0, '2018-04-04 04:48:00', 1, 1),
(2, '2018-03-20 09:00:00', '2018-03-20 22:00:00', NULL, 0, 480, 240, 120, NULL, 0, 0, 0, '2018-04-04 05:07:32', 1, 1),
(3, '2018-03-21 08:15:00', '2018-03-22 00:00:00', NULL, 0, 480, 405, 60, NULL, 0, 0, 0, '2018-04-04 07:43:18', 1, 1),
(4, '2018-03-22 08:00:00', '2018-03-22 23:00:00', NULL, 0, 480, 360, 0, NULL, 1, 0, 0, '2018-04-04 08:48:20', 1, 1),
(5, '2018-03-01 08:00:00', '2018-03-01 10:00:00', NULL, 0, 120, 0, 0, NULL, 1, 0, 0, '2018-04-04 08:50:19', 1, 5),
(6, '2018-03-02 08:00:00', '2018-03-02 23:00:00', NULL, 0, 480, 360, 0, NULL, 1, 0, 0, '2018-04-04 08:50:26', 1, 5),
(7, '2018-03-19 08:15:00', '2018-03-19 22:00:00', NULL, 0, 480, 285, 60, NULL, 0, 0, 0, '2018-04-04 10:23:49', 1, 3),
(8, NULL, NULL, '2018-03-23 00:00:00', 0, 0, 0, 960, NULL, 0, 0, 0, '2018-04-13 16:41:32', 1, 1),
(9, NULL, NULL, '2018-03-24 00:00:00', 0, 0, 0, 960, NULL, 0, 0, 0, '2018-04-13 16:41:46', 1, 1),
(10, NULL, NULL, '2018-03-25 00:00:00', 0, 0, 0, 960, NULL, 0, 0, 0, '2018-04-13 17:16:16', 1, 1),
(11, NULL, NULL, '2018-03-30 00:00:00', 0, 0, 0, 0, NULL, 0, 1, 0, '2018-04-13 17:17:11', 1, 1),
(12, '2018-03-27 08:00:00', '2018-03-27 20:00:00', NULL, 0, 480, 180, 0, NULL, 1, 0, 0, '2018-04-13 18:56:32', 1, 3),
(13, '2018-03-28 08:00:00', '2018-03-28 17:00:00', NULL, 0, 480, 0, 0, NULL, 1, 0, 0, '2018-04-13 18:56:54', 1, 3),
(14, '2018-03-29 09:00:00', '2018-03-29 23:00:00', NULL, 0, 480, 300, 120, NULL, 0, 0, 0, '2018-04-13 18:57:09', 1, 3),
(15, '2018-03-28 08:00:00', '2018-03-28 14:00:00', NULL, 0, 300, 0, 0, NULL, 1, 0, 0, '2018-04-13 18:58:44', 1, 1),
(16, '2018-03-27 08:00:00', '2018-03-28 00:00:00', NULL, 0, 480, 420, 0, NULL, 1, 0, 0, '2018-04-18 13:24:51', 1, 1),
(17, '2018-03-02 08:00:00', '2018-03-02 17:00:00', NULL, 0, 480, 0, 0, NULL, 1, 0, 0, '2018-04-19 16:49:04', 1, 4),
(18, '2018-03-03 10:00:00', '2018-03-03 22:00:00', NULL, 0, 480, 180, 480, NULL, 0, 0, 0, '2018-04-19 16:49:15', 1, 4),
(19, '2018-03-05 08:00:00', '2018-03-05 23:00:00', NULL, 0, 480, 360, 0, NULL, 1, 0, 0, '2018-04-19 16:49:23', 1, 4),
(20, '2018-03-06 08:00:00', '2018-03-06 17:00:00', NULL, 0, 480, 0, 0, NULL, 1, 0, 0, '2018-04-19 16:49:30', 1, 4),
(21, '2018-03-07 08:00:00', '2018-03-07 23:00:00', NULL, 0, 480, 360, 0, NULL, 1, 0, 0, '2018-04-19 16:49:37', 1, 4),
(22, '2018-03-08 08:00:00', '2018-03-08 17:00:00', NULL, 0, 480, 0, 0, NULL, 1, 0, 0, '2018-04-19 16:49:44', 1, 4),
(23, '2018-03-09 08:00:00', '2018-03-09 13:00:00', NULL, 0, 300, 0, 0, NULL, 1, 0, 0, '2018-04-19 16:49:49', 1, 4),
(24, '2018-03-10 08:00:00', '2018-03-10 09:00:00', NULL, 0, 60, 0, 0, NULL, 1, 0, 0, '2018-04-19 16:49:55', 1, 4),
(25, '2018-05-14 08:00:00', '2018-05-14 20:00:00', NULL, 0, 480, 180, 0, NULL, 1, 0, 0, '2018-05-14 16:18:45', 1, 8),
(26, '2018-05-14 08:00:00', '2018-05-14 17:00:00', NULL, 0, 480, 0, 0, NULL, 1, 0, 0, '2018-05-14 16:19:14', 1, 6),
(27, '2018-05-14 08:00:00', '2018-05-14 18:00:00', NULL, 0, 480, 60, 0, NULL, 1, 0, 0, '2018-05-14 16:19:26', 1, 7),
(28, '2018-05-15 08:00:00', '2018-05-15 20:00:00', NULL, 0, 480, 180, 0, NULL, 1, 0, 0, '2018-05-15 01:56:37', 1, 6),
(29, '2018-05-15 08:00:00', '2018-05-15 18:30:00', NULL, 0, 480, 90, 0, NULL, 1, 0, 0, '2018-05-15 01:56:52', 1, 7),
(30, '2018-05-15 08:00:00', '2018-05-15 19:45:00', NULL, 0, 480, 165, 0, NULL, 1, 0, 0, '2018-05-15 01:58:51', 1, 8),
(31, '2018-05-16 08:00:00', '2018-05-16 17:00:00', NULL, 0, 480, 0, 0, NULL, 1, 0, 0, '2018-05-16 13:08:25', 1, 8),
(32, '2018-05-16 08:00:00', '2018-05-16 17:00:00', NULL, 0, 480, 0, 0, NULL, 1, 0, 0, '2018-05-16 13:08:49', 1, 6),
(33, '2018-05-16 08:00:00', '2018-05-16 17:00:00', NULL, 0, 480, 0, 0, NULL, 1, 0, 0, '2018-05-16 13:09:02', 1, 7),
(34, '2018-05-17 08:00:00', '2018-05-17 19:30:00', NULL, 0, 480, 150, 0, NULL, 1, 0, 0, '2018-05-17 14:43:46', 1, 6),
(35, '2018-05-25 08:00:00', '2018-05-26 00:00:00', NULL, 0, 480, 420, 0, NULL, 1, 0, 0, '2018-05-25 07:09:16', 1, 6),
(36, '2018-05-29 08:00:00', '2018-05-29 20:00:00', NULL, 0, 480, 180, 0, NULL, 1, 0, 0, '2018-05-29 16:59:45', 1, 6),
(37, '2018-05-30 08:00:00', '2018-05-30 17:00:00', NULL, 0, 480, 0, 0, NULL, 1, 0, 0, '2018-05-30 04:18:30', 1, 6),
(38, '2018-05-30 08:00:00', '2018-05-30 08:00:00', NULL, 0, 0, 0, 0, NULL, 1, 0, 0, '2018-05-30 04:24:40', 1, 7),
(39, '2018-05-27 08:00:00', '2018-05-27 17:00:00', NULL, 0, 0, 480, 0, NULL, 1, 0, 0, '2018-05-30 04:24:52', 1, 7),
(40, '2018-05-31 08:00:00', '2018-05-31 17:00:00', NULL, 0, 480, 0, 0, NULL, 1, 0, 0, '2018-05-31 04:02:10', 1, 6),
(41, '2018-05-31 10:00:00', '2018-05-31 23:00:00', NULL, 0, 480, 240, 480, NULL, 0, 0, 0, '2018-05-31 04:02:24', 1, 7),
(42, '2018-06-01 08:00:00', '2018-06-01 17:30:00', NULL, 0, 480, 0, 0, NULL, 1, 0, 0, '2018-06-01 06:25:03', 1, 14),
(43, '2018-06-01 08:00:00', '2018-06-02 00:00:00', NULL, 0, 450, 420, 0, NULL, 1, 0, 0, '2018-06-01 06:25:39', 1, 15),
(44, '2018-06-01 08:00:00', '2018-06-01 17:30:00', NULL, 0, 480, 0, 0, NULL, 1, 0, 0, '2018-06-04 13:16:06', 1, 18),
(45, '2018-06-02 08:00:00', '2018-06-02 17:30:00', NULL, 0, 480, 0, 0, NULL, 1, 0, 0, '2018-06-04 13:16:13', 1, 18),
(46, '2018-06-04 08:00:00', '2018-06-04 17:30:00', NULL, 0, 480, 0, 0, NULL, 1, 0, 0, '2018-06-04 13:16:23', 1, 18),
(47, '2018-06-08 08:00:00', '2018-06-08 11:30:00', NULL, 0, 210, 0, 0, NULL, 1, 0, 0, '2018-06-08 13:17:48', 1, 18),
(48, '2018-06-08 08:00:00', '2018-06-08 20:00:00', NULL, 0, 480, 150, 0, NULL, 1, 0, 0, '2018-06-08 13:18:47', 1, 14),
(50, '2018-06-08 08:00:00', '2018-06-08 17:30:00', NULL, 0, 480, 0, 0, NULL, 1, 0, 0, '2018-06-08 13:53:20', 1, 20),
(51, '2018-06-08 08:00:00', '2018-06-08 17:30:00', NULL, 0, 480, 0, 0, NULL, 1, 0, 0, '2018-06-08 14:08:33', 1, 15),
(52, '2018-06-08 08:00:00', '2018-06-08 17:30:00', NULL, 0, 480, 0, 0, NULL, 1, 0, 0, '2018-06-09 06:58:51', 1, 19),
(53, '2018-06-09 08:00:00', '2018-06-10 00:00:00', NULL, 0, 480, 390, 0, NULL, 1, 0, 0, '2018-06-09 06:59:31', 1, 14),
(54, '2018-06-09 08:00:00', '2018-06-09 17:30:00', NULL, 0, 480, 0, 0, NULL, 1, 0, 0, '2018-06-09 07:01:02', 1, 15),
(55, '2018-06-14 14:00:00', '2018-06-14 23:30:00', NULL, 0, 480, 0, 240, NULL, 0, 0, 0, '2018-06-16 01:58:19', 1, 14),
(56, '2018-06-15 08:00:00', '2018-06-15 17:30:00', NULL, 0, 480, 0, 0, NULL, 1, 0, 0, '2018-06-16 01:59:53', 1, 14),
(57, '2018-06-16 08:00:00', '2018-06-16 17:30:00', NULL, 0, 480, 0, 0, NULL, 1, 0, 0, '2018-06-16 02:00:00', 1, 14),
(58, '2018-06-22 08:00:00', '2018-06-22 21:30:00', NULL, 0, 480, 240, 0, NULL, 1, 0, 0, '2018-06-22 17:28:10', 1, 18),
(59, '2018-06-24 08:00:00', '2018-06-24 23:00:00', NULL, 0, 0, 810, 0, NULL, 1, 0, 0, '2018-06-25 02:53:25', 1, 14),
(60, '2018-06-24 08:00:00', '2018-06-24 20:00:00', NULL, 0, 0, 630, 0, NULL, 1, 0, 0, '2018-06-25 02:53:37', 1, 15),
(61, '2018-06-25 08:00:00', '2018-06-25 21:30:00', NULL, 0, 480, 240, 0, 'abc nm', 1, 0, 0, '2018-06-25 02:53:47', 1, 15),
(62, '2018-06-27 13:00:00', '2018-06-27 16:30:00', NULL, 0, 210, 0, 0, NULL, 0, 1, 0, '2018-06-28 02:35:26', 1, 14),
(63, '2018-06-27 13:00:00', '2018-06-27 18:30:00', NULL, 0, 270, 60, 0, NULL, 0, 1, 0, '2018-06-28 02:35:38', 1, 15),
(64, '2018-06-27 08:00:00', '2018-06-27 15:30:00', NULL, 0, 360, 0, 0, NULL, 1, 0, 0, '2018-06-28 06:34:15', 1, 16),
(65, '2018-06-27 09:00:00', '2018-06-27 17:30:00', NULL, 0, 420, 0, 240, NULL, 0, 0, 0, '2018-06-28 06:34:27', 1, 20),
(66, NULL, NULL, '2018-06-26 00:00:00', 0, 0, 0, 960, NULL, 0, 0, 0, '2018-06-30 03:20:17', 1, 15),
(67, NULL, NULL, '2018-06-13 00:00:00', 0, 0, 0, 960, NULL, 0, 0, 0, '2018-06-30 03:20:31', 1, 15),
(68, '2018-06-27 08:00:00', '2018-06-27 19:00:00', NULL, 0, 480, 90, 0, NULL, 1, 0, 0, '2018-06-30 03:36:57', 1, 18),
(69, '2018-06-27 08:00:00', '2018-06-27 22:00:00', NULL, 0, 480, 270, 0, NULL, 1, 0, 0, '2018-06-30 03:37:10', 1, 19),
(70, '2018-06-28 09:00:00', '2018-06-28 20:00:00', NULL, 0, 420, 150, 240, NULL, 0, 0, 0, '2018-06-30 03:37:37', 1, 20),
(71, '2018-06-28 08:00:00', '2018-06-28 17:30:00', NULL, 0, 480, 0, 0, NULL, 1, 0, 0, '2018-06-30 03:37:49', 1, 19),
(72, '2018-06-28 08:00:00', '2018-06-28 21:00:00', NULL, 0, 480, 210, 0, NULL, 1, 0, 0, '2018-06-30 03:39:12', 1, 18),
(73, '2018-06-28 08:00:00', '2018-06-28 20:00:00', NULL, 0, 480, 150, 0, NULL, 1, 0, 0, '2018-06-30 03:39:31', 1, 16),
(74, '2018-06-28 08:00:00', '2018-06-28 20:00:00', NULL, 0, 480, 150, 0, NULL, 1, 0, 0, '2018-06-30 03:39:46', 1, 15),
(75, '2018-06-28 08:00:00', '2018-06-28 21:00:00', NULL, 0, 480, 210, 0, NULL, 1, 0, 0, '2018-06-30 03:40:13', 1, 14),
(76, '2018-06-29 08:00:00', '2018-06-30 01:00:00', NULL, 0, 480, 450, 0, NULL, 1, 0, 0, '2018-07-01 16:59:45', 1, 14),
(77, '2018-06-29 08:00:00', '2018-06-30 03:30:00', NULL, 0, 480, 600, 0, NULL, 1, 0, 0, '2018-07-01 16:59:58', 1, 15),
(78, '2018-06-30 08:00:00', '2018-07-01 03:30:00', NULL, 0, 480, 600, 0, NULL, 1, 0, 0, '2018-07-01 17:19:04', 1, 16),
(79, '2018-06-30 08:00:00', '2018-06-30 17:30:00', NULL, 0, 480, 0, 0, NULL, 1, 0, 0, '2018-07-01 17:19:18', 1, 14),
(80, '2018-06-30 08:00:00', '2018-06-30 17:30:00', NULL, 0, 480, 0, 0, NULL, 1, 0, 0, '2018-07-01 17:19:35', 1, 15),
(82, '2018-07-02 08:15:00', '2018-07-02 19:30:00', NULL, 0, 465, 120, 240, 'Kẹt Xe', 0, 0, 0, '2018-11-26 18:19:16', 1, 24),
(83, '2018-07-03 08:00:00', '2018-07-03 17:30:00', NULL, 1, 480, 90, 0, 'công trình quận 3', 1, 0, 0, '2018-11-28 16:00:46', 1, 24),
(84, NULL, NULL, '2018-07-05 00:00:00', 0, 0, 0, 0, NULL, 0, 1, 1, '2018-11-28 17:42:12', 1, 24),
(86, NULL, NULL, '2018-07-06 00:00:00', 0, 0, 0, 0, NULL, 0, 1, 1, '2018-11-28 17:48:11', 1, 24),
(87, NULL, NULL, '2018-07-09 00:00:00', 0, 0, 0, 0, NULL, 0, 1, 1, '2018-11-28 17:49:23', 1, 24),
(88, '2018-07-08 08:00:00', '2018-07-08 17:30:00', NULL, 1, 0, 480, 0, 'công trình q3', 1, 0, 0, '2018-12-13 13:58:52', 1, 24),
(90, '2018-07-04 08:30:00', '2018-07-04 17:30:00', NULL, 0, 450, 0, 240, 'kẹt xe', 0, 0, 0, '2018-12-13 16:10:16', 1, 24),
(91, '2018-07-12 09:00:00', '2018-07-12 17:30:00', NULL, 0, 420, 0, 240, NULL, 0, 0, 0, '2018-12-22 05:40:42', 1, 24),
(92, '2018-07-13 09:30:00', '2018-07-13 18:30:00', NULL, 0, 390, 60, 0, NULL, 1, 0, 0, '2018-12-22 05:53:42', 1, 24),
(94, '2018-07-15 08:20:00', '2018-07-15 17:30:00', NULL, 0, 0, 460, 0, 'trời mưa', 1, 1, 0, '2018-12-22 06:08:05', 1, 24),
(95, '2018-07-18 08:30:00', '2018-07-18 17:30:00', NULL, 0, 450, 0, 0, NULL, 1, 1, 0, '2018-12-27 04:38:58', 1, 24),
(96, '2018-07-25 08:15:00', '2018-07-25 17:30:00', NULL, 0, 465, 0, 240, 'kẹt xe', 0, 0, 0, '2018-12-27 04:39:06', 1, 24),
(97, '2018-07-14 08:00:00', '2018-07-14 17:30:00', NULL, 0, 480, 0, 0, NULL, 1, 0, 0, '2018-12-27 04:39:12', 1, 24),
(98, '2018-12-03 08:00:00', '2018-12-03 17:30:00', NULL, 1, 480, 60, 0, NULL, 1, 0, 0, '2018-12-27 04:39:30', 1, 31),
(99, '2018-12-02 08:00:00', '2018-12-02 17:30:00', NULL, 0, 0, 480, 0, NULL, 1, 0, 0, '2018-12-27 04:39:34', 1, 31),
(100, '2018-12-01 08:00:00', '2018-12-01 17:30:00', NULL, 0, 480, 0, 0, NULL, 1, 0, 0, '2018-12-27 04:39:42', 1, 31),
(101, '2018-12-04 08:00:00', '2018-12-04 17:30:00', NULL, 0, 480, 0, 0, NULL, 1, 0, 0, '2018-12-27 09:41:26', 1, 31),
(102, '2018-12-22 08:00:00', '2018-12-22 17:30:00', NULL, 0, 480, 0, 0, NULL, 1, 0, 0, '2018-12-27 09:41:30', 1, 31),
(103, '2018-12-01 08:00:00', '2018-12-01 17:30:00', NULL, 1, 480, 60, 0, NULL, 1, 0, 0, '2018-12-29 01:33:28', 1, 28),
(104, '2018-12-02 08:00:00', '2018-12-02 17:30:00', NULL, 0, 0, 480, 0, NULL, 1, 0, 0, '2018-12-29 01:33:53', 1, 28),
(105, '2018-12-03 08:00:00', '2018-12-03 17:30:00', NULL, 0, 480, 0, 0, NULL, 1, 0, 0, '2018-12-29 01:34:11', 1, 28),
(106, '2018-12-29 08:50:00', '2018-12-29 17:30:00', NULL, 0, 430, 0, 0, NULL, 0, 0, 0, '2019-01-22 17:21:18', 1, 31),
(107, '2018-12-01 08:00:00', '2018-12-01 17:30:00', NULL, 0, 480, 0, 0, NULL, 1, 0, 0, '2019-01-23 15:06:06', 1, 30),
(108, '2018-12-02 08:00:00', '2018-12-02 17:30:00', NULL, 0, 0, 480, 0, NULL, 1, 0, 0, '2019-01-23 15:06:12', 1, 30),
(109, '2018-12-03 08:00:00', NULL, NULL, 0, 0, 0, 0, NULL, 1, 0, 1, '2019-01-23 15:06:17', 1, 30),
(110, '2018-12-04 08:00:00', '2018-12-04 17:30:00', NULL, 0, 480, 0, 0, NULL, 1, 0, 0, '2019-01-23 15:06:23', 1, 30),
(111, '2018-12-05 08:00:00', '2018-12-05 17:30:00', NULL, 0, 480, 0, 0, NULL, 1, 0, 0, '2019-01-23 15:06:30', 1, 30),
(113, NULL, NULL, '2019-01-02 00:00:00', 0, 0, 0, 960, NULL, 0, 0, 0, '2019-01-24 03:05:46', 1, 40),
(114, '2019-01-01 08:30:00', '2019-01-01 17:30:00', NULL, 0, 450, 0, 0, NULL, 0, 0, 0, '2019-01-24 09:17:11', 1, 37),
(115, '2019-01-02 08:30:00', NULL, NULL, 0, 0, 0, 0, NULL, 0, 0, 1, '2019-01-24 09:19:19', 1, 37),
(116, '2019-01-03 08:45:00', '2019-01-03 17:30:00', NULL, 0, 435, 0, 0, NULL, 0, 0, 0, '2019-01-24 09:25:32', 1, 37),
(117, NULL, NULL, '2019-01-05 00:00:00', 0, 0, 0, 0, NULL, 0, 0, 0, '2019-01-24 09:35:47', 1, 40),
(118, '2019-01-04 08:30:00', '2019-01-04 17:30:00', NULL, 0, 450, 0, 0, NULL, 0, 0, 0, '2019-01-26 03:16:02', 1, 40),
(119, '2019-01-08 09:00:00', '2019-01-08 17:30:00', NULL, 0, 420, 0, 0, NULL, 0, 0, 0, '2019-01-26 03:22:29', 1, 40),
(120, '2019-01-10 10:00:00', '2019-01-10 17:30:00', NULL, 0, 360, 0, 0, NULL, 0, 0, 0, '2019-01-26 03:26:50', 1, 40),
(121, '2019-01-11 08:25:00', '2019-01-11 17:30:00', NULL, 0, 455, 0, 0, NULL, 0, 0, 0, '2019-01-26 03:28:34', 1, 40),
(122, '2019-01-16 08:00:00', '2019-01-16 22:30:00', NULL, 0, 480, 300, 0, NULL, 1, 0, 0, '2019-01-26 03:38:40', 1, 40),
(123, '2019-01-15 08:00:00', '2019-01-22 17:30:00', NULL, 0, 480, 10080, 0, NULL, 1, 0, 0, '2019-01-26 03:38:48', 1, 40),
(124, '2019-01-14 08:00:00', '2019-01-14 21:30:00', NULL, 0, 480, 240, 0, NULL, 1, 0, 0, '2019-01-26 03:38:55', 1, 40),
(125, '2019-01-13 08:00:00', '2019-01-13 22:30:00', NULL, 1, 0, 840, 0, NULL, 1, 0, 0, '2019-01-26 03:39:03', 1, 40),
(126, '2019-01-12 08:00:00', '2019-01-12 20:30:00', NULL, 0, 480, 180, 0, NULL, 1, 0, 0, '2019-01-26 03:39:09', 1, 40),
(127, '2019-01-17 08:00:00', '2019-01-17 17:30:00', NULL, 0, 480, 0, 0, NULL, 1, 0, 0, '2019-01-26 08:07:59', 1, 40),
(128, NULL, NULL, '2019-01-10 00:00:00', 0, 0, 0, 0, 'nghỉ không báo', 0, 0, 0, '2019-01-28 04:08:12', 1, 37),
(129, '2019-01-05 13:30:00', NULL, NULL, 0, 0, 0, 0, 'abc', 0, 0, 1, '2019-01-28 04:48:02', 1, 37),
(130, '2019-01-01 08:00:00', '2019-01-01 17:30:00', NULL, 0, 480, 0, 0, NULL, 1, 0, 0, '2019-05-07 03:54:52', 1, 40),
(131, '2019-01-18 08:00:00', '2019-01-18 17:30:00', NULL, 0, 480, 0, 0, NULL, 1, 0, 0, '2019-05-07 04:02:24', 1, 40),
(132, '2019-01-19 08:00:00', '2019-01-19 17:30:00', NULL, 0, 480, 0, 0, NULL, 1, 0, 0, '2019-05-07 04:02:46', 1, 40),
(133, '2019-05-02 08:00:00', '2019-05-02 17:30:00', NULL, 0, 480, 0, 0, NULL, 1, 0, 0, '2019-05-10 03:38:04', 1, 76),
(134, '2019-05-03 08:00:00', '2019-05-03 17:30:00', NULL, 0, 480, 0, 0, NULL, 1, 0, 0, '2019-05-10 03:38:07', 1, 76),
(135, '2019-05-05 08:00:00', '2019-05-05 23:30:00', NULL, 0, 0, 840, 0, NULL, 1, 0, 0, '2019-05-10 04:13:22', 1, 76),
(136, '2019-05-06 08:00:00', '2019-05-06 22:30:00', NULL, 0, 480, 300, 0, NULL, 1, 0, 0, '2019-05-10 04:13:27', 1, 76),
(137, '2019-05-01 08:00:00', NULL, NULL, 0, 0, 0, 0, NULL, 1, 0, 1, '2019-05-19 05:08:13', 1, 72),
(138, '2019-05-02 08:00:00', NULL, NULL, 0, 0, 0, 0, NULL, 1, 0, 1, '2019-05-19 05:08:19', 1, 72),
(139, '2019-05-03 08:00:00', NULL, NULL, 0, 0, 0, 0, NULL, 1, 0, 1, '2019-05-19 05:08:24', 1, 72),
(140, '2019-06-05 15:39:00', '2019-06-05 17:30:00', NULL, 0, 111, 0, 0, NULL, 0, 0, 0, '2019-06-24 02:28:10', 1, 85),
(141, NULL, NULL, '2019-06-03 00:00:00', 0, 0, 0, 0, NULL, 0, 1, 0, '2019-06-24 02:53:40', 1, 85),
(142, NULL, NULL, '2019-08-01 00:00:00', 0, 0, 0, 0, 'abc', 0, 1, 0, '2019-08-02 15:03:45', 1, 106),
(143, NULL, NULL, '2019-08-05 00:00:00', 0, 0, 0, 0, NULL, 0, 1, 0, '2019-08-02 15:04:57', 1, 106),
(144, '2019-07-14 12:24:00', '2019-07-14 17:30:00', NULL, 0, 0, 306, 0, NULL, 1, 0, 0, '2019-08-02 15:06:38', 1, 95),
(145, '2019-08-04 16:10:00', '2019-08-04 23:30:00', NULL, 1, 0, 410, 0, NULL, 1, 0, 0, '2019-08-06 14:07:26', 1, 106),
(146, '2019-08-08 14:14:00', '2019-08-09 00:30:00', NULL, 0, 196, 420, 0, NULL, 0, 0, 0, '2019-08-08 14:15:15', 1, 106),
(147, '2019-08-06 09:16:00', '2019-08-07 00:30:00', NULL, 0, 404, 420, 0, NULL, 0, 0, 0, '2019-08-08 14:15:20', 1, 106),
(149, NULL, NULL, '2019-09-03 00:00:00', 0, 0, 0, 0, 'Duyệt tự động', 0, 0, 0, '2019-09-13 00:30:21', NULL, 126),
(150, NULL, NULL, '2019-09-04 00:00:00', 0, 0, 0, 0, 'Duyệt tự động', 0, 0, 0, '2019-09-13 00:30:21', NULL, 126),
(151, NULL, NULL, '2019-09-05 00:00:00', 0, 0, 0, 0, 'Duyệt tự động', 0, 0, 0, '2019-09-13 00:30:21', NULL, 126),
(152, NULL, NULL, '2019-09-06 00:00:00', 0, 0, 0, 0, 'Duyệt tự động', 0, 0, 0, '2019-09-13 00:30:21', NULL, 126),
(153, NULL, NULL, '2019-09-07 00:00:00', 0, 0, 0, 0, 'Duyệt tự động', 0, 0, 0, '2019-09-13 00:30:21', NULL, 126),
(154, NULL, NULL, '2019-09-09 00:00:00', 0, 0, 0, 0, 'Duyệt tự động', 0, 0, 0, '2019-09-13 00:30:21', NULL, 126),
(155, NULL, NULL, '2019-09-10 00:00:00', 0, 0, 0, 0, 'Duyệt tự động', 0, 0, 0, '2019-09-13 00:30:21', NULL, 126),
(156, NULL, NULL, '2019-09-11 00:00:00', 0, 0, 0, 0, 'Duyệt tự động', 0, 0, 0, '2019-09-13 00:30:22', NULL, 126),
(157, NULL, NULL, '2019-09-12 00:00:00', 0, 0, 0, 0, 'Duyệt tự động', 0, 0, 0, '2019-09-13 00:30:22', NULL, 126),
(158, NULL, NULL, '2019-09-03 00:00:00', 0, 0, 0, 0, 'Duyệt tự động', 0, 0, 0, '2019-09-13 00:30:22', NULL, 127),
(159, NULL, NULL, '2019-09-04 00:00:00', 0, 0, 0, 0, 'Duyệt tự động', 0, 0, 0, '2019-09-13 00:30:22', NULL, 127),
(160, NULL, NULL, '2019-09-05 00:00:00', 0, 0, 0, 0, 'Duyệt tự động', 0, 0, 0, '2019-09-13 00:30:22', NULL, 127),
(161, NULL, NULL, '2019-09-06 00:00:00', 0, 0, 0, 0, 'Duyệt tự động', 0, 0, 0, '2019-09-13 00:30:22', NULL, 127),
(162, NULL, NULL, '2019-09-07 00:00:00', 0, 0, 0, 0, 'Duyệt tự động', 0, 0, 0, '2019-09-13 00:30:22', NULL, 127),
(163, NULL, NULL, '2019-09-09 00:00:00', 0, 0, 0, 0, 'Duyệt tự động', 0, 0, 0, '2019-09-13 00:30:22', NULL, 127),
(164, NULL, NULL, '2019-09-10 00:00:00', 0, 0, 0, 0, 'Duyệt tự động', 0, 0, 0, '2019-09-13 00:30:22', NULL, 127),
(165, NULL, NULL, '2019-09-11 00:00:00', 0, 0, 0, 0, 'Duyệt tự động', 0, 0, 0, '2019-09-13 00:30:22', NULL, 127),
(166, NULL, NULL, '2019-09-12 00:00:00', 0, 0, 0, 0, 'Duyệt tự động', 0, 0, 0, '2019-09-13 00:30:22', NULL, 127),
(220, NULL, NULL, '2019-09-03 00:00:00', 0, 0, 0, 0, 'Duyệt tự động', 0, 0, 0, '2019-09-13 00:30:28', NULL, 134),
(221, NULL, NULL, '2019-09-04 00:00:00', 0, 0, 0, 0, 'Duyệt tự động', 0, 0, 0, '2019-09-13 00:30:28', NULL, 134),
(222, NULL, NULL, '2019-09-05 00:00:00', 0, 0, 0, 0, 'Duyệt tự động', 0, 0, 0, '2019-09-13 00:30:28', NULL, 134),
(223, NULL, NULL, '2019-09-06 00:00:00', 0, 0, 0, 0, 'Duyệt tự động', 0, 0, 0, '2019-09-13 00:30:28', NULL, 134),
(224, NULL, NULL, '2019-09-07 00:00:00', 0, 0, 0, 0, 'Duyệt tự động', 0, 0, 0, '2019-09-13 00:30:28', NULL, 134),
(225, NULL, NULL, '2019-09-09 00:00:00', 0, 0, 0, 0, 'Duyệt tự động', 0, 0, 0, '2019-09-13 00:30:28', NULL, 134),
(226, NULL, NULL, '2019-09-10 00:00:00', 0, 0, 0, 0, 'Duyệt tự động', 0, 0, 0, '2019-09-13 00:30:28', NULL, 134),
(227, NULL, NULL, '2019-09-11 00:00:00', 0, 0, 0, 0, 'Duyệt tự động', 0, 0, 0, '2019-09-13 00:30:28', NULL, 134),
(228, NULL, NULL, '2019-09-12 00:00:00', 0, 0, 0, 0, 'Duyệt tự động', 0, 0, 0, '2019-09-13 00:30:28', NULL, 134),
(311, NULL, NULL, '2019-09-05 00:00:00', 0, 0, 0, 0, 'Duyệt tự động', 0, 0, 0, '2019-09-13 00:31:58', NULL, 135),
(312, NULL, NULL, '2019-09-09 00:00:00', 0, 0, 0, 0, 'Duyệt tự động', 0, 0, 0, '2019-09-13 00:31:58', NULL, 135),
(313, NULL, NULL, '2019-09-10 00:00:00', 0, 0, 0, 0, 'Duyệt tự động', 0, 1, 0, '2019-09-13 00:31:58', NULL, 135),
(314, NULL, NULL, '2019-09-12 00:00:00', 0, 0, 0, 0, 'Duyệt tự động', 0, 0, 0, '2019-09-13 00:31:58', NULL, 135),
(315, NULL, NULL, '2019-09-03 00:00:00', 0, 0, 0, 0, 'Duyệt tự động', 0, 0, 0, '2019-09-13 00:31:58', NULL, 136),
(316, NULL, NULL, '2019-09-04 00:00:00', 0, 0, 0, 0, 'Duyệt tự động', 0, 0, 0, '2019-09-13 00:31:58', NULL, 136),
(317, NULL, NULL, '2019-09-05 00:00:00', 0, 0, 0, 0, 'Duyệt tự động', 0, 0, 0, '2019-09-13 00:31:59', NULL, 136),
(318, NULL, NULL, '2019-09-06 00:00:00', 0, 0, 0, 0, 'Duyệt tự động', 0, 0, 0, '2019-09-13 00:31:59', NULL, 136),
(319, NULL, NULL, '2019-09-07 00:00:00', 0, 0, 0, 0, 'Duyệt tự động', 0, 0, 0, '2019-09-13 00:31:59', NULL, 136),
(320, NULL, NULL, '2019-09-09 00:00:00', 0, 0, 0, 0, 'Duyệt tự động', 0, 0, 0, '2019-09-13 00:31:59', NULL, 136),
(321, NULL, NULL, '2019-09-10 00:00:00', 0, 0, 0, 0, 'Duyệt tự động', 0, 0, 0, '2019-09-13 00:31:59', NULL, 136),
(322, NULL, NULL, '2019-09-11 00:00:00', 0, 0, 0, 0, 'Duyệt tự động', 0, 0, 0, '2019-09-13 00:31:59', NULL, 136),
(323, NULL, NULL, '2019-09-12 00:00:00', 0, 0, 0, 0, 'Duyệt tự động', 0, 0, 0, '2019-09-13 00:31:59', NULL, 136),
(420, NULL, NULL, '2019-09-04 00:00:00', 0, 0, 0, 0, 'Duyệt tự động', 0, 0, 0, '2019-09-13 00:33:43', NULL, 132),
(421, NULL, NULL, '2019-09-05 00:00:00', 0, 0, 0, 0, 'Duyệt tự động', 0, 0, 0, '2019-09-13 00:33:43', NULL, 132),
(422, NULL, NULL, '2019-09-06 00:00:00', 0, 0, 0, 0, 'Duyệt tự động', 0, 0, 0, '2019-09-13 00:33:43', NULL, 132),
(423, NULL, NULL, '2019-09-07 00:00:00', 0, 0, 0, 0, 'Duyệt tự động', 0, 0, 0, '2019-09-13 00:33:43', NULL, 132),
(424, NULL, NULL, '2019-09-09 00:00:00', 0, 0, 0, 0, 'Duyệt tự động', 0, 0, 0, '2019-09-13 00:33:43', NULL, 132),
(425, NULL, NULL, '2019-09-10 00:00:00', 0, 0, 0, 0, 'Duyệt tự động', 0, 0, 0, '2019-09-13 00:33:43', NULL, 132),
(426, NULL, NULL, '2019-09-11 00:00:00', 0, 0, 0, 0, 'Duyệt tự động', 0, 0, 0, '2019-09-13 00:33:43', NULL, 132),
(427, NULL, NULL, '2019-09-12 00:00:00', 0, 0, 0, 0, 'Duyệt tự động', 0, 0, 0, '2019-09-13 00:33:43', NULL, 132),
(519, NULL, NULL, '2019-09-03 00:00:00', 0, 0, 0, 0, 'Duyệt tự động', 0, 0, 0, '2019-09-13 00:36:01', NULL, 128),
(520, NULL, NULL, '2019-09-04 00:00:00', 0, 0, 0, 0, 'Duyệt tự động', 0, 0, 0, '2019-09-13 00:36:01', NULL, 128),
(521, NULL, NULL, '2019-09-05 00:00:00', 0, 0, 0, 0, 'Duyệt tự động', 0, 0, 0, '2019-09-13 00:36:02', NULL, 128),
(522, NULL, NULL, '2019-09-06 00:00:00', 0, 0, 0, 0, 'Duyệt tự động', 0, 0, 0, '2019-09-13 00:36:02', NULL, 128),
(523, NULL, NULL, '2019-09-07 00:00:00', 0, 0, 0, 0, 'Duyệt tự động', 0, 0, 0, '2019-09-13 00:36:02', NULL, 128),
(524, NULL, NULL, '2019-09-09 00:00:00', 0, 0, 0, 0, 'Duyệt tự động', 0, 0, 0, '2019-09-13 00:36:02', NULL, 128),
(525, NULL, NULL, '2019-09-10 00:00:00', 0, 0, 0, 0, 'Duyệt tự động', 0, 0, 0, '2019-09-13 00:36:02', NULL, 128),
(526, NULL, NULL, '2019-09-11 00:00:00', 0, 0, 0, 0, 'Duyệt tự động', 0, 0, 0, '2019-09-13 00:36:02', NULL, 128),
(527, NULL, NULL, '2019-09-12 00:00:00', 0, 0, 0, 0, 'Duyệt tự động', 0, 0, 0, '2019-09-13 00:36:02', NULL, 128),
(528, NULL, NULL, '2019-09-03 00:00:00', 0, 0, 0, 0, 'Duyệt tự động', 0, 0, 0, '2019-09-13 00:36:02', NULL, 129),
(529, NULL, NULL, '2019-09-04 00:00:00', 0, 0, 0, 0, 'Duyệt tự động', 0, 0, 0, '2019-09-13 00:36:02', NULL, 129),
(530, NULL, NULL, '2019-09-05 00:00:00', 0, 0, 0, 0, 'Duyệt tự động', 0, 0, 0, '2019-09-13 00:36:02', NULL, 129),
(531, NULL, NULL, '2019-09-06 00:00:00', 0, 0, 0, 0, 'Duyệt tự động', 0, 0, 0, '2019-09-13 00:36:03', NULL, 129),
(532, NULL, NULL, '2019-09-07 00:00:00', 0, 0, 0, 0, 'Duyệt tự động', 0, 0, 0, '2019-09-13 00:36:03', NULL, 129),
(533, NULL, NULL, '2019-09-09 00:00:00', 0, 0, 0, 0, 'Duyệt tự động', 0, 0, 0, '2019-09-13 00:36:03', NULL, 129),
(534, NULL, NULL, '2019-09-10 00:00:00', 0, 0, 0, 0, 'Duyệt tự động', 0, 0, 0, '2019-09-13 00:36:03', NULL, 129),
(535, NULL, NULL, '2019-09-11 00:00:00', 0, 0, 0, 0, 'Duyệt tự động', 0, 0, 0, '2019-09-13 00:36:03', NULL, 129),
(536, NULL, NULL, '2019-09-12 00:00:00', 0, 0, 0, 0, 'Duyệt tự động', 0, 0, 0, '2019-09-13 00:36:03', NULL, 129),
(537, NULL, NULL, '2019-09-03 00:00:00', 0, 0, 0, 0, 'Duyệt tự động', 0, 0, 0, '2019-09-13 00:36:03', NULL, 130),
(538, NULL, NULL, '2019-09-04 00:00:00', 0, 0, 0, 0, 'Duyệt tự động', 0, 0, 0, '2019-09-13 00:36:03', NULL, 130),
(539, NULL, NULL, '2019-09-05 00:00:00', 0, 0, 0, 0, 'Duyệt tự động', 0, 0, 0, '2019-09-13 00:36:03', NULL, 130),
(540, NULL, NULL, '2019-09-06 00:00:00', 0, 0, 0, 0, 'Duyệt tự động', 0, 0, 0, '2019-09-13 00:36:03', NULL, 130),
(541, NULL, NULL, '2019-09-07 00:00:00', 0, 0, 0, 0, 'Duyệt tự động', 0, 0, 0, '2019-09-13 00:36:03', NULL, 130),
(542, NULL, NULL, '2019-09-09 00:00:00', 0, 0, 0, 0, 'Duyệt tự động', 0, 0, 0, '2019-09-13 00:36:03', NULL, 130),
(543, NULL, NULL, '2019-09-10 00:00:00', 0, 0, 0, 0, 'Duyệt tự động', 0, 0, 0, '2019-09-13 00:36:03', NULL, 130),
(544, NULL, NULL, '2019-09-11 00:00:00', 0, 0, 0, 0, 'Duyệt tự động', 0, 0, 0, '2019-09-13 00:36:04', NULL, 130),
(545, NULL, NULL, '2019-09-12 00:00:00', 0, 0, 0, 0, 'Duyệt tự động', 0, 0, 0, '2019-09-13 00:36:04', NULL, 130),
(546, NULL, NULL, '2019-09-03 00:00:00', 0, 0, 0, 0, 'Duyệt tự động', 0, 0, 0, '2019-09-13 00:36:04', NULL, 131),
(547, NULL, NULL, '2019-09-04 00:00:00', 0, 0, 0, 0, 'Duyệt tự động', 0, 0, 0, '2019-09-13 00:36:04', NULL, 131),
(548, NULL, NULL, '2019-09-05 00:00:00', 0, 0, 0, 0, 'Duyệt tự động', 0, 0, 0, '2019-09-13 00:36:04', NULL, 131),
(549, NULL, NULL, '2019-09-06 00:00:00', 0, 0, 0, 0, 'Duyệt tự động', 0, 0, 0, '2019-09-13 00:36:04', NULL, 131),
(550, NULL, NULL, '2019-09-07 00:00:00', 0, 0, 0, 0, 'Duyệt tự động', 0, 0, 0, '2019-09-13 00:36:04', NULL, 131),
(551, NULL, NULL, '2019-09-09 00:00:00', 0, 0, 0, 0, 'Duyệt tự động', 0, 0, 0, '2019-09-13 00:36:04', NULL, 131),
(552, NULL, NULL, '2019-09-10 00:00:00', 0, 0, 0, 0, 'Duyệt tự động', 0, 0, 0, '2019-09-13 00:36:04', NULL, 131),
(553, NULL, NULL, '2019-09-11 00:00:00', 0, 0, 0, 0, 'Duyệt tự động', 0, 0, 0, '2019-09-13 00:36:04', NULL, 131),
(554, NULL, NULL, '2019-09-12 00:00:00', 0, 0, 0, 0, 'Duyệt tự động', 0, 0, 0, '2019-09-13 00:36:04', NULL, 131),
(563, NULL, NULL, '2019-09-03 00:00:00', 0, 0, 0, 0, 'Duyệt tự động', 0, 0, 0, '2019-09-13 00:36:05', NULL, 133),
(564, NULL, NULL, '2019-09-04 00:00:00', 0, 0, 0, 0, 'Duyệt tự động', 0, 0, 0, '2019-09-13 00:36:05', NULL, 133),
(565, NULL, NULL, '2019-09-05 00:00:00', 0, 0, 0, 0, 'Duyệt tự động', 0, 0, 0, '2019-09-13 00:36:05', NULL, 133),
(566, NULL, NULL, '2019-09-06 00:00:00', 0, 0, 0, 0, 'Duyệt tự động', 0, 0, 0, '2019-09-13 00:36:05', NULL, 133),
(567, NULL, NULL, '2019-09-07 00:00:00', 0, 0, 0, 0, 'Duyệt tự động', 0, 0, 0, '2019-09-13 00:36:05', NULL, 133),
(568, NULL, NULL, '2019-09-09 00:00:00', 0, 0, 0, 0, 'Duyệt tự động', 0, 0, 0, '2019-09-13 00:36:05', NULL, 133),
(569, NULL, NULL, '2019-09-10 00:00:00', 0, 0, 0, 0, 'Duyệt tự động', 0, 0, 0, '2019-09-13 00:36:06', NULL, 133),
(570, NULL, NULL, '2019-09-11 00:00:00', 0, 0, 0, 0, 'Duyệt tự động', 0, 0, 0, '2019-09-13 00:36:06', NULL, 133),
(571, NULL, NULL, '2019-09-12 00:00:00', 0, 0, 0, 0, 'Duyệt tự động', 0, 0, 0, '2019-09-13 00:36:06', NULL, 133),
(592, NULL, NULL, '2019-09-11 00:00:00', 0, 0, 0, 0, 'Duyệt tự động', 0, 0, 0, '2019-09-13 00:36:07', NULL, 136),
(593, NULL, NULL, '2019-09-12 00:00:00', 0, 0, 0, 0, 'Duyệt tự động', 0, 0, 0, '2019-09-13 00:36:08', NULL, 136),
(594, NULL, NULL, '2019-09-04 00:00:00', 0, 0, 0, 0, 'Duyệt tự động', 0, 0, 0, '2019-09-13 00:36:08', NULL, 137),
(595, NULL, NULL, '2019-09-05 00:00:00', 0, 0, 0, 0, 'Duyệt tự động', 0, 0, 0, '2019-09-13 00:36:08', NULL, 137),
(596, NULL, NULL, '2019-09-06 00:00:00', 0, 0, 0, 0, 'Duyệt tự động', 0, 0, 0, '2019-09-13 00:36:08', NULL, 137),
(597, NULL, NULL, '2019-09-07 00:00:00', 0, 0, 0, 0, 'Duyệt tự động', 0, 0, 0, '2019-09-13 00:36:08', NULL, 137),
(598, NULL, NULL, '2019-09-09 00:00:00', 0, 0, 0, 0, 'Duyệt tự động', 0, 0, 0, '2019-09-13 00:36:08', NULL, 137),
(599, NULL, NULL, '2019-09-10 00:00:00', 0, 0, 0, 0, 'Duyệt tự động', 0, 0, 0, '2019-09-13 00:36:08', NULL, 137),
(600, NULL, NULL, '2019-09-11 00:00:00', 0, 0, 0, 0, 'Duyệt tự động', 0, 0, 0, '2019-09-13 00:36:08', NULL, 137),
(601, NULL, NULL, '2019-09-12 00:00:00', 0, 0, 0, 0, 'Duyệt tự động', 0, 0, 0, '2019-09-13 00:36:08', NULL, 137),
(602, NULL, NULL, '2019-09-04 00:00:00', 0, 0, 0, 0, 'Duyệt tự động', 0, 0, 0, '2019-09-13 00:36:08', NULL, 138),
(603, NULL, NULL, '2019-09-05 00:00:00', 0, 0, 0, 0, 'Duyệt tự động', 0, 0, 0, '2019-09-13 00:36:08', NULL, 138),
(604, NULL, NULL, '2019-09-06 00:00:00', 0, 0, 0, 0, 'Duyệt tự động', 0, 0, 0, '2019-09-13 00:36:08', NULL, 138),
(605, NULL, NULL, '2019-09-07 00:00:00', 0, 0, 0, 0, 'Duyệt tự động', 0, 0, 0, '2019-09-13 00:36:09', NULL, 138),
(606, NULL, NULL, '2019-09-09 00:00:00', 0, 0, 0, 0, 'Duyệt tự động', 0, 0, 0, '2019-09-13 00:36:09', NULL, 138),
(607, NULL, NULL, '2019-09-10 00:00:00', 0, 0, 0, 0, 'Duyệt tự động', 0, 0, 0, '2019-09-13 00:36:09', NULL, 138),
(608, NULL, NULL, '2019-09-11 00:00:00', 0, 0, 0, 0, 'Duyệt tự động', 0, 0, 0, '2019-09-13 00:36:09', NULL, 138),
(609, NULL, NULL, '2019-09-12 00:00:00', 0, 0, 0, 0, 'Duyệt tự động', 0, 0, 0, '2019-09-13 00:36:09', NULL, 138),
(610, NULL, NULL, '2019-09-04 00:00:00', 0, 0, 0, 0, 'Duyệt tự động', 0, 0, 0, '2019-09-13 00:36:09', NULL, 139),
(611, NULL, NULL, '2019-09-05 00:00:00', 0, 0, 0, 0, 'Duyệt tự động', 0, 0, 0, '2019-09-13 00:36:09', NULL, 139),
(612, NULL, NULL, '2019-09-06 00:00:00', 0, 0, 0, 0, 'Duyệt tự động', 0, 0, 0, '2019-09-13 00:36:09', NULL, 139),
(613, NULL, NULL, '2019-09-07 00:00:00', 0, 0, 0, 0, 'Duyệt tự động', 0, 0, 0, '2019-09-13 00:36:09', NULL, 139),
(614, NULL, NULL, '2019-09-09 00:00:00', 0, 0, 0, 0, 'Duyệt tự động', 0, 0, 0, '2019-09-13 00:36:09', NULL, 139),
(615, NULL, NULL, '2019-09-10 00:00:00', 0, 0, 0, 0, 'Duyệt tự động', 0, 0, 0, '2019-09-13 00:36:09', NULL, 139),
(616, NULL, NULL, '2019-09-11 00:00:00', 0, 0, 0, 0, 'Duyệt tự động', 0, 0, 0, '2019-09-13 00:36:09', NULL, 139),
(617, NULL, NULL, '2019-09-12 00:00:00', 0, 0, 0, 0, 'Duyệt tự động', 0, 0, 0, '2019-09-13 00:36:10', NULL, 139),
(618, NULL, NULL, '2019-09-03 00:00:00', 0, 0, 0, 0, 'Duyệt tự động', 0, 0, 0, '2019-09-13 00:36:10', NULL, 140),
(619, NULL, NULL, '2019-09-04 00:00:00', 0, 0, 0, 0, 'Duyệt tự động', 0, 0, 0, '2019-09-13 00:36:10', NULL, 140),
(620, NULL, NULL, '2019-09-05 00:00:00', 0, 0, 0, 0, 'Duyệt tự động', 0, 0, 0, '2019-09-13 00:36:10', NULL, 140),
(621, NULL, NULL, '2019-09-06 00:00:00', 0, 0, 0, 0, 'Duyệt tự động', 0, 0, 0, '2019-09-13 00:36:10', NULL, 140),
(622, NULL, NULL, '2019-09-07 00:00:00', 0, 0, 0, 0, 'Duyệt tự động', 0, 0, 0, '2019-09-13 00:36:10', NULL, 140),
(623, NULL, NULL, '2019-09-09 00:00:00', 0, 0, 0, 0, 'Duyệt tự động', 0, 0, 0, '2019-09-13 00:36:10', NULL, 140),
(624, NULL, NULL, '2019-09-10 00:00:00', 0, 0, 0, 0, 'Duyệt tự động', 0, 0, 0, '2019-09-13 00:36:10', NULL, 140),
(625, NULL, NULL, '2019-09-11 00:00:00', 0, 0, 0, 0, 'Duyệt tự động', 0, 0, 0, '2019-09-13 00:36:10', NULL, 140),
(626, NULL, NULL, '2019-09-12 00:00:00', 0, 0, 0, 0, 'Duyệt tự động', 0, 0, 0, '2019-09-13 00:36:10', NULL, 140),
(627, NULL, NULL, '2019-09-03 00:00:00', 0, 0, 0, 0, 'Duyệt tự động', 0, 0, 0, '2019-09-13 00:36:10', NULL, 141),
(628, NULL, NULL, '2019-09-04 00:00:00', 0, 0, 0, 0, 'Duyệt tự động', 0, 0, 0, '2019-09-13 00:36:10', NULL, 141),
(629, NULL, NULL, '2019-09-05 00:00:00', 0, 0, 0, 0, 'Duyệt tự động', 0, 0, 0, '2019-09-13 00:36:11', NULL, 141),
(630, NULL, NULL, '2019-09-06 00:00:00', 0, 0, 0, 0, 'Duyệt tự động', 0, 0, 0, '2019-09-13 00:36:11', NULL, 141),
(631, NULL, NULL, '2019-09-07 00:00:00', 0, 0, 0, 0, 'Duyệt tự động', 0, 0, 0, '2019-09-13 00:36:11', NULL, 141),
(632, NULL, NULL, '2019-09-09 00:00:00', 0, 0, 0, 0, 'Duyệt tự động', 0, 0, 0, '2019-09-13 00:36:11', NULL, 141),
(633, NULL, NULL, '2019-09-10 00:00:00', 0, 0, 0, 0, 'Duyệt tự động', 0, 0, 0, '2019-09-13 00:36:11', NULL, 141),
(634, NULL, NULL, '2019-09-11 00:00:00', 0, 0, 0, 0, 'Duyệt tự động', 0, 0, 0, '2019-09-13 00:36:11', NULL, 141),
(635, NULL, NULL, '2019-09-12 00:00:00', 0, 0, 0, 0, 'Duyệt tự động', 0, 0, 0, '2019-09-13 00:36:11', NULL, 141),
(636, '2019-09-04 13:35:00', NULL, NULL, 0, 0, 0, 0, 'Duyệt tự động - không báo giờ ra', 0, 1, 0, '2019-09-13 10:02:26', NULL, 135),
(637, '2019-09-07 10:02:00', NULL, NULL, 0, 0, 0, 0, 'Duyệt tự động - không báo giờ ra', 0, 1, 0, '2019-09-13 10:02:27', NULL, 135),
(638, '2019-09-11 11:50:00', NULL, NULL, 0, 0, 0, 0, 'Duyệt tự động - không báo giờ ra', 0, 1, 0, '2019-09-13 10:02:27', NULL, 135),
(639, '2019-09-06 23:11:00', '2019-09-07 00:30:00', NULL, 0, 251, 420, 0, NULL, 1, 1, 0, '2019-09-13 11:30:11', 1, 135),
(640, NULL, NULL, '2019-09-13 00:00:00', 0, 0, 0, 0, 'Duyệt tự động - không chấm công', 0, 0, 0, '2019-09-14 10:21:48', NULL, 126),
(641, NULL, NULL, '2019-09-13 00:00:00', 0, 0, 0, 0, 'Duyệt tự động - không chấm công', 0, 0, 0, '2019-09-14 10:21:49', NULL, 127),
(642, NULL, NULL, '2019-09-13 00:00:00', 0, 0, 0, 0, 'Duyệt tự động - không chấm công', 0, 0, 0, '2019-09-14 10:21:49', NULL, 128),
(643, NULL, NULL, '2019-09-13 00:00:00', 0, 0, 0, 0, 'Duyệt tự động - không chấm công', 0, 0, 0, '2019-09-14 10:21:49', NULL, 129),
(644, NULL, NULL, '2019-09-13 00:00:00', 0, 0, 0, 0, 'Duyệt tự động - không chấm công', 0, 0, 0, '2019-09-14 10:21:50', NULL, 130),
(645, NULL, NULL, '2019-09-13 00:00:00', 0, 0, 0, 0, 'Duyệt tự động - không chấm công', 0, 0, 0, '2019-09-14 10:21:50', NULL, 131),
(646, NULL, NULL, '2019-09-13 00:00:00', 0, 0, 0, 0, 'Duyệt tự động - không chấm công', 0, 0, 0, '2019-09-14 10:21:50', NULL, 132),
(647, NULL, NULL, '2019-09-13 00:00:00', 0, 0, 0, 0, 'Duyệt tự động - không chấm công', 0, 0, 0, '2019-09-14 10:21:50', NULL, 133),
(648, NULL, NULL, '2019-09-13 00:00:00', 0, 0, 0, 0, 'Duyệt tự động - không chấm công', 0, 0, 0, '2019-09-14 10:21:50', NULL, 134),
(649, '2019-09-13 09:39:00', NULL, NULL, 0, 0, 0, 0, 'Duyệt tự động - không báo giờ ra', 0, 1, 0, '2019-09-14 10:21:51', NULL, 135),
(650, NULL, NULL, '2019-09-13 00:00:00', 0, 0, 0, 0, 'Duyệt tự động - không chấm công', 0, 0, 0, '2019-09-14 10:21:51', NULL, 136),
(651, NULL, NULL, '2019-09-13 00:00:00', 0, 0, 0, 0, 'Duyệt tự động - không chấm công', 0, 0, 0, '2019-09-14 10:21:51', NULL, 137),
(652, NULL, NULL, '2019-09-13 00:00:00', 0, 0, 0, 0, 'Duyệt tự động - không chấm công', 0, 0, 0, '2019-09-14 10:21:52', NULL, 138),
(653, NULL, NULL, '2019-09-13 00:00:00', 0, 0, 0, 0, 'Duyệt tự động - không chấm công', 0, 0, 0, '2019-09-14 10:21:52', NULL, 139),
(654, '2019-09-13 10:02:00', NULL, NULL, 0, 0, 0, 0, 'Duyệt tự động - không báo giờ ra', 0, 1, 0, '2019-09-14 10:21:52', NULL, 140),
(655, NULL, NULL, '2019-09-13 00:00:00', 0, 0, 0, 0, 'Duyệt tự động - không chấm công', 0, 0, 0, '2019-09-14 10:21:52', NULL, 141),
(656, NULL, NULL, '2019-09-14 00:00:00', 0, 0, 0, 0, 'Duyệt tự động - không chấm công', 0, 0, 0, '2019-09-16 23:19:36', NULL, 126),
(657, NULL, NULL, '2019-09-14 00:00:00', 0, 0, 0, 0, 'Duyệt tự động - không chấm công', 0, 0, 0, '2019-09-16 23:19:36', NULL, 127),
(658, NULL, NULL, '2019-09-14 00:00:00', 0, 0, 0, 0, 'Duyệt tự động - không chấm công', 0, 0, 0, '2019-09-16 23:19:37', NULL, 128),
(659, NULL, NULL, '2019-09-14 00:00:00', 0, 0, 0, 0, 'Duyệt tự động - không chấm công', 0, 0, 0, '2019-09-16 23:19:37', NULL, 129),
(660, NULL, NULL, '2019-09-14 00:00:00', 0, 0, 0, 0, 'Duyệt tự động - không chấm công', 0, 0, 0, '2019-09-16 23:19:37', NULL, 130),
(661, NULL, NULL, '2019-09-14 00:00:00', 0, 0, 0, 0, 'Duyệt tự động - không chấm công', 0, 0, 0, '2019-09-16 23:19:37', NULL, 131),
(662, NULL, NULL, '2019-09-14 00:00:00', 0, 0, 0, 0, 'Duyệt tự động - không chấm công', 0, 0, 0, '2019-09-16 23:19:38', NULL, 132),
(663, NULL, NULL, '2019-09-14 00:00:00', 0, 0, 0, 0, 'Duyệt tự động - không chấm công', 0, 0, 0, '2019-09-16 23:19:38', NULL, 133),
(664, NULL, NULL, '2019-09-14 00:00:00', 0, 0, 0, 0, 'Duyệt tự động - không chấm công', 0, 0, 0, '2019-09-16 23:21:29', NULL, 134),
(665, '2019-09-14 10:22:00', NULL, NULL, 0, 0, 0, 0, 'Duyệt tự động - không báo giờ ra', 0, 1, 0, '2019-09-16 23:21:30', NULL, 135),
(666, NULL, NULL, '2019-09-14 00:00:00', 0, 0, 0, 0, 'Duyệt tự động - không chấm công', 0, 0, 0, '2019-09-16 23:21:30', NULL, 136),
(667, NULL, NULL, '2019-09-14 00:00:00', 0, 0, 0, 0, 'Duyệt tự động - không chấm công', 0, 0, 0, '2019-09-16 23:21:30', NULL, 137),
(668, NULL, NULL, '2019-09-14 00:00:00', 0, 0, 0, 0, 'Duyệt tự động - không chấm công', 0, 0, 0, '2019-09-16 23:21:30', NULL, 138),
(669, NULL, NULL, '2019-09-14 00:00:00', 0, 0, 0, 0, 'Duyệt tự động - không chấm công', 0, 0, 0, '2019-09-16 23:21:31', NULL, 139),
(670, NULL, NULL, '2019-09-14 00:00:00', 0, 0, 0, 0, 'Duyệt tự động - không chấm công', 0, 0, 0, '2019-09-16 23:21:31', NULL, 140),
(671, NULL, NULL, '2019-09-14 00:00:00', 0, 0, 0, 0, 'Duyệt tự động - không chấm công', 0, 0, 0, '2019-09-16 23:21:31', NULL, 141),
(672, NULL, NULL, '2019-09-16 00:00:00', 0, 0, 0, 0, 'Duyệt tự động - không chấm công', 0, 0, 0, '2019-09-18 09:05:18', NULL, 126),
(673, NULL, NULL, '2019-09-17 00:00:00', 0, 0, 0, 0, 'Duyệt tự động - không chấm công', 0, 0, 0, '2019-09-18 09:05:18', NULL, 126),
(674, NULL, NULL, '2019-09-16 00:00:00', 0, 0, 0, 0, 'Duyệt tự động - không chấm công', 0, 0, 0, '2019-09-18 09:05:18', NULL, 127),
(675, NULL, NULL, '2019-09-17 00:00:00', 0, 0, 0, 0, 'Duyệt tự động - không chấm công', 0, 0, 0, '2019-09-18 09:05:18', NULL, 127),
(676, NULL, NULL, '2019-09-16 00:00:00', 0, 0, 0, 0, 'Duyệt tự động - không chấm công', 0, 0, 0, '2019-09-18 09:05:18', NULL, 128),
(677, NULL, NULL, '2019-09-17 00:00:00', 0, 0, 0, 0, 'Duyệt tự động - không chấm công', 0, 0, 0, '2019-09-18 09:05:19', NULL, 128),
(678, NULL, NULL, '2019-09-16 00:00:00', 0, 0, 0, 0, 'Duyệt tự động - không chấm công', 0, 0, 0, '2019-09-18 09:05:19', NULL, 129),
(679, NULL, NULL, '2019-09-17 00:00:00', 0, 0, 0, 0, 'Duyệt tự động - không chấm công', 0, 0, 0, '2019-09-18 09:05:19', NULL, 129),
(680, NULL, NULL, '2019-09-16 00:00:00', 0, 0, 0, 0, 'Duyệt tự động - không chấm công', 0, 0, 0, '2019-09-18 09:05:19', NULL, 130),
(681, NULL, NULL, '2019-09-17 00:00:00', 0, 0, 0, 0, 'Duyệt tự động - không chấm công', 0, 0, 0, '2019-09-18 09:05:19', NULL, 130),
(682, NULL, NULL, '2019-09-16 00:00:00', 0, 0, 0, 0, 'Duyệt tự động - không chấm công', 0, 0, 0, '2019-09-18 09:05:20', NULL, 131),
(683, NULL, NULL, '2019-09-17 00:00:00', 0, 0, 0, 0, 'Duyệt tự động - không chấm công', 0, 0, 0, '2019-09-18 09:05:20', NULL, 131),
(684, NULL, NULL, '2019-09-16 00:00:00', 0, 0, 0, 0, 'Duyệt tự động - không chấm công', 0, 0, 0, '2019-09-18 09:05:20', NULL, 132),
(685, NULL, NULL, '2019-09-17 00:00:00', 0, 0, 0, 0, 'Duyệt tự động - không chấm công', 0, 0, 0, '2019-09-18 09:05:20', NULL, 132),
(686, NULL, NULL, '2019-09-16 00:00:00', 0, 0, 0, 0, 'Duyệt tự động - không chấm công', 0, 0, 0, '2019-09-18 09:05:20', NULL, 133),
(687, NULL, NULL, '2019-09-17 00:00:00', 0, 0, 0, 0, 'Duyệt tự động - không chấm công', 0, 0, 0, '2019-09-18 09:05:20', NULL, 133),
(688, NULL, NULL, '2019-09-16 00:00:00', 0, 0, 0, 0, 'Duyệt tự động - không chấm công', 0, 0, 0, '2019-09-18 09:05:20', NULL, 134),
(689, NULL, NULL, '2019-09-17 00:00:00', 0, 0, 0, 0, 'Duyệt tự động - không chấm công', 0, 0, 0, '2019-09-18 09:05:20', NULL, 134),
(690, NULL, NULL, '2019-09-16 00:00:00', 0, 0, 0, 0, 'Duyệt tự động - không chấm công', 0, 0, 0, '2019-09-18 09:05:21', NULL, 135),
(691, NULL, NULL, '2019-09-17 00:00:00', 0, 0, 0, 0, 'Duyệt tự động - không chấm công', 0, 0, 0, '2019-09-18 09:05:21', NULL, 135),
(692, NULL, NULL, '2019-09-16 00:00:00', 0, 0, 0, 0, 'Duyệt tự động - không chấm công', 0, 0, 0, '2019-09-18 09:05:21', NULL, 136),
(693, NULL, NULL, '2019-09-17 00:00:00', 0, 0, 0, 0, 'Duyệt tự động - không chấm công', 0, 0, 0, '2019-09-18 09:05:21', NULL, 136),
(694, NULL, NULL, '2019-09-16 00:00:00', 0, 0, 0, 0, 'Duyệt tự động - không chấm công', 0, 0, 0, '2019-09-18 09:05:22', NULL, 137),
(695, NULL, NULL, '2019-09-17 00:00:00', 0, 0, 0, 0, 'Duyệt tự động - không chấm công', 0, 0, 0, '2019-09-18 09:05:22', NULL, 137),
(696, NULL, NULL, '2019-09-16 00:00:00', 0, 0, 0, 0, 'Duyệt tự động - không chấm công', 0, 0, 0, '2019-09-18 09:05:22', NULL, 138),
(697, NULL, NULL, '2019-09-17 00:00:00', 0, 0, 0, 0, 'Duyệt tự động - không chấm công', 0, 0, 0, '2019-09-18 09:05:22', NULL, 138),
(698, NULL, NULL, '2019-09-16 00:00:00', 0, 0, 0, 0, 'Duyệt tự động - không chấm công', 0, 0, 0, '2019-09-18 09:05:22', NULL, 139),
(699, NULL, NULL, '2019-09-17 00:00:00', 0, 0, 0, 0, 'Duyệt tự động - không chấm công', 0, 0, 0, '2019-09-18 09:05:22', NULL, 139),
(700, NULL, NULL, '2019-09-17 00:00:00', 0, 0, 0, 0, 'Duyệt tự động - không chấm công', 0, 0, 0, '2019-09-18 09:05:23', NULL, 140),
(701, NULL, NULL, '2019-09-16 00:00:00', 0, 0, 0, 0, 'Duyệt tự động - không chấm công', 0, 0, 0, '2019-09-18 09:05:23', NULL, 141),
(702, NULL, NULL, '2019-09-17 00:00:00', 0, 0, 0, 0, 'Duyệt tự động - không chấm công', 0, 0, 0, '2019-09-18 09:05:23', NULL, 141),
(703, NULL, NULL, '2019-09-18 00:00:00', 0, 0, 0, 0, 'Duyệt tự động - không chấm công', 0, 0, 0, '2019-09-19 21:25:18', NULL, 126),
(704, NULL, NULL, '2019-09-18 00:00:00', 0, 0, 0, 0, 'Duyệt tự động - không chấm công', 0, 0, 0, '2019-09-19 21:25:19', NULL, 127),
(705, NULL, NULL, '2019-09-18 00:00:00', 0, 0, 0, 0, 'Duyệt tự động - không chấm công', 0, 0, 0, '2019-09-19 21:25:19', NULL, 128),
(706, NULL, NULL, '2019-09-18 00:00:00', 0, 0, 0, 0, 'Duyệt tự động - không chấm công', 0, 0, 0, '2019-09-19 21:25:19', NULL, 129),
(707, NULL, NULL, '2019-09-18 00:00:00', 0, 0, 0, 0, 'Duyệt tự động - không chấm công', 0, 0, 0, '2019-09-19 21:25:20', NULL, 130),
(708, NULL, NULL, '2019-09-18 00:00:00', 0, 0, 0, 0, 'Duyệt tự động - không chấm công', 0, 0, 0, '2019-09-19 21:25:20', NULL, 131),
(709, NULL, NULL, '2019-09-18 00:00:00', 0, 0, 0, 0, 'Duyệt tự động - không chấm công', 0, 0, 0, '2019-09-19 21:25:20', NULL, 132),
(710, NULL, NULL, '2019-09-18 00:00:00', 0, 0, 0, 0, 'Duyệt tự động - không chấm công', 0, 0, 0, '2019-09-19 21:25:21', NULL, 133),
(711, NULL, NULL, '2019-09-18 00:00:00', 0, 0, 0, 0, 'Duyệt tự động - không chấm công', 0, 0, 0, '2019-09-19 21:25:21', NULL, 134),
(712, NULL, NULL, '2019-09-18 00:00:00', 0, 0, 0, 0, 'Duyệt tự động - không chấm công', 0, 0, 0, '2019-09-19 21:25:22', NULL, 135),
(713, NULL, NULL, '2019-09-18 00:00:00', 0, 0, 0, 0, 'Duyệt tự động - không chấm công', 0, 0, 0, '2019-09-19 21:25:22', NULL, 136),
(714, NULL, NULL, '2019-09-18 00:00:00', 0, 0, 0, 0, 'Duyệt tự động - không chấm công', 0, 0, 0, '2019-09-19 21:25:22', NULL, 137),
(715, NULL, NULL, '2019-09-18 00:00:00', 0, 0, 0, 0, 'Duyệt tự động - không chấm công', 0, 0, 0, '2019-09-19 21:25:23', NULL, 138),
(716, NULL, NULL, '2019-09-18 00:00:00', 0, 0, 0, 0, 'Duyệt tự động - không chấm công', 0, 0, 0, '2019-09-19 21:25:23', NULL, 139),
(717, NULL, NULL, '2019-09-18 00:00:00', 0, 0, 0, 0, 'Duyệt tự động - không chấm công', 0, 0, 0, '2019-09-19 21:25:23', NULL, 140),
(718, NULL, NULL, '2019-09-18 00:00:00', 0, 0, 0, 0, 'Duyệt tự động - không chấm công', 0, 0, 0, '2019-09-19 21:25:24', NULL, 141),
(719, NULL, NULL, '2019-09-19 00:00:00', 0, 0, 0, 0, 'Duyệt tự động - không chấm công', 0, 0, 0, '2019-09-20 16:56:33', NULL, 126),
(720, NULL, NULL, '2019-09-19 00:00:00', 0, 0, 0, 0, 'Duyệt tự động - không chấm công', 0, 0, 0, '2019-09-20 16:56:33', NULL, 127),
(721, NULL, NULL, '2019-09-19 00:00:00', 0, 0, 0, 0, 'Duyệt tự động - không chấm công', 0, 0, 0, '2019-09-20 16:56:34', NULL, 128),
(722, NULL, NULL, '2019-09-19 00:00:00', 0, 0, 0, 0, 'Duyệt tự động - không chấm công', 0, 0, 0, '2019-09-20 16:56:34', NULL, 129),
(723, NULL, NULL, '2019-09-19 00:00:00', 0, 0, 0, 0, 'Duyệt tự động - không chấm công', 0, 0, 0, '2019-09-20 16:56:34', NULL, 130),
(724, NULL, NULL, '2019-09-19 00:00:00', 0, 0, 0, 0, 'Duyệt tự động - không chấm công', 0, 0, 0, '2019-09-20 16:56:35', NULL, 131),
(725, NULL, NULL, '2019-09-19 00:00:00', 0, 0, 0, 0, 'Duyệt tự động - không chấm công', 0, 0, 0, '2019-09-20 16:56:35', NULL, 132),
(726, NULL, NULL, '2019-09-19 00:00:00', 0, 0, 0, 0, 'Duyệt tự động - không chấm công', 0, 0, 0, '2019-09-20 16:56:35', NULL, 133),
(727, NULL, NULL, '2019-09-19 00:00:00', 0, 0, 0, 0, 'Duyệt tự động - không chấm công', 0, 0, 0, '2019-09-20 16:56:35', NULL, 134),
(728, '2019-09-19 22:41:00', NULL, NULL, 0, 0, 0, 0, 'Duyệt tự động - không báo giờ ra', 0, 1, 0, '2019-09-20 16:56:36', NULL, 135),
(729, NULL, NULL, '2019-09-19 00:00:00', 0, 0, 0, 0, 'Duyệt tự động - không chấm công', 0, 0, 0, '2019-09-20 16:56:36', NULL, 136),
(730, NULL, NULL, '2019-09-19 00:00:00', 0, 0, 0, 0, 'Duyệt tự động - không chấm công', 0, 0, 0, '2019-09-20 16:56:37', NULL, 137),
(731, NULL, NULL, '2019-09-19 00:00:00', 0, 0, 0, 0, 'Duyệt tự động - không chấm công', 0, 0, 0, '2019-09-20 16:56:37', NULL, 138),
(732, NULL, NULL, '2019-09-19 00:00:00', 0, 0, 0, 0, 'Duyệt tự động - không chấm công', 0, 0, 0, '2019-09-20 16:56:37', NULL, 139),
(733, NULL, NULL, '2019-09-19 00:00:00', 0, 0, 0, 0, 'Duyệt tự động - không chấm công', 0, 0, 0, '2019-09-20 16:56:37', NULL, 140),
(734, NULL, NULL, '2019-09-19 00:00:00', 0, 0, 0, 0, 'Duyệt tự động - không chấm công', 0, 0, 0, '2019-09-20 16:56:38', NULL, 141),
(735, NULL, NULL, '2019-09-20 00:00:00', 0, 0, 0, 0, 'Duyệt tự động - không chấm công', 0, 0, 0, '2019-09-21 23:43:42', NULL, 126),
(736, NULL, NULL, '2019-09-20 00:00:00', 0, 0, 0, 0, 'Duyệt tự động - không chấm công', 0, 0, 0, '2019-09-21 23:43:43', NULL, 127),
(737, NULL, NULL, '2019-09-20 00:00:00', 0, 0, 0, 0, 'Duyệt tự động - không chấm công', 0, 0, 0, '2019-09-21 23:43:43', NULL, 128),
(738, NULL, NULL, '2019-09-20 00:00:00', 0, 0, 0, 0, 'Duyệt tự động - không chấm công', 0, 0, 0, '2019-09-21 23:43:43', NULL, 129),
(739, NULL, NULL, '2019-09-20 00:00:00', 0, 0, 0, 0, 'Duyệt tự động - không chấm công', 0, 0, 0, '2019-09-21 23:43:44', NULL, 130),
(740, NULL, NULL, '2019-09-20 00:00:00', 0, 0, 0, 0, 'Duyệt tự động - không chấm công', 0, 0, 0, '2019-09-21 23:43:44', NULL, 131),
(741, NULL, NULL, '2019-09-20 00:00:00', 0, 0, 0, 0, 'Duyệt tự động - không chấm công', 0, 0, 0, '2019-09-21 23:43:44', NULL, 132),
(742, NULL, NULL, '2019-09-20 00:00:00', 0, 0, 0, 0, 'Duyệt tự động - không chấm công', 0, 0, 0, '2019-09-21 23:43:45', NULL, 133),
(743, NULL, NULL, '2019-09-20 00:00:00', 0, 0, 0, 0, 'Duyệt tự động - không chấm công', 0, 0, 0, '2019-09-21 23:43:45', NULL, 134),
(744, '2019-09-20 16:58:00', NULL, NULL, 0, 0, 0, 0, 'Duyệt tự động - không báo giờ ra', 0, 1, 0, '2019-09-21 23:43:46', NULL, 135),
(745, NULL, NULL, '2019-09-20 00:00:00', 0, 0, 0, 0, 'Duyệt tự động - không chấm công', 0, 0, 0, '2019-09-21 23:43:46', NULL, 136),
(746, NULL, NULL, '2019-09-20 00:00:00', 0, 0, 0, 0, 'Duyệt tự động - không chấm công', 0, 0, 0, '2019-09-21 23:43:46', NULL, 137),
(747, NULL, NULL, '2019-09-20 00:00:00', 0, 0, 0, 0, 'Duyệt tự động - không chấm công', 0, 0, 0, '2019-09-21 23:43:47', NULL, 138),
(748, NULL, NULL, '2019-09-20 00:00:00', 0, 0, 0, 0, 'Duyệt tự động - không chấm công', 0, 0, 0, '2019-09-21 23:43:47', NULL, 139),
(749, NULL, NULL, '2019-09-20 00:00:00', 0, 0, 0, 0, 'Duyệt tự động - không chấm công', 0, 0, 0, '2019-09-21 23:43:47', NULL, 140),
(750, NULL, NULL, '2019-09-20 00:00:00', 0, 0, 0, 0, 'Duyệt tự động - không chấm công', 0, 0, 0, '2019-09-21 23:43:47', NULL, 141),
(751, NULL, NULL, '2019-09-21 00:00:00', 0, 0, 0, 0, 'Duyệt tự động - không chấm công', 0, 0, 0, '2019-09-22 13:32:49', NULL, 126),
(752, NULL, NULL, '2019-09-21 00:00:00', 0, 0, 0, 0, 'Duyệt tự động - không chấm công', 0, 0, 0, '2019-09-22 13:32:50', NULL, 127),
(753, NULL, NULL, '2019-09-21 00:00:00', 0, 0, 0, 0, 'Duyệt tự động - không chấm công', 0, 0, 0, '2019-09-22 13:32:50', NULL, 128),
(754, NULL, NULL, '2019-09-21 00:00:00', 0, 0, 0, 0, 'Duyệt tự động - không chấm công', 0, 0, 0, '2019-09-22 13:32:50', NULL, 129),
(755, NULL, NULL, '2019-09-21 00:00:00', 0, 0, 0, 0, 'Duyệt tự động - không chấm công', 0, 0, 0, '2019-09-22 13:32:50', NULL, 130),
(756, NULL, NULL, '2019-09-21 00:00:00', 0, 0, 0, 0, 'Duyệt tự động - không chấm công', 0, 0, 0, '2019-09-22 13:32:51', NULL, 131),
(757, NULL, NULL, '2019-09-21 00:00:00', 0, 0, 0, 0, 'Duyệt tự động - không chấm công', 0, 0, 0, '2019-09-22 13:32:52', NULL, 132),
(758, NULL, NULL, '2019-09-21 00:00:00', 0, 0, 0, 0, 'Duyệt tự động - không chấm công', 0, 0, 0, '2019-09-22 13:32:52', NULL, 133),
(759, NULL, NULL, '2019-09-21 00:00:00', 0, 0, 0, 0, 'Duyệt tự động - không chấm công', 0, 0, 0, '2019-09-22 13:32:52', NULL, 134),
(760, '2019-09-21 23:43:00', NULL, NULL, 0, 0, 0, 0, 'Duyệt tự động - không báo giờ ra', 0, 1, 0, '2019-09-22 13:32:53', NULL, 135),
(761, NULL, NULL, '2019-09-21 00:00:00', 0, 0, 0, 0, 'Duyệt tự động - không chấm công', 0, 0, 0, '2019-09-22 13:32:53', NULL, 136),
(762, NULL, NULL, '2019-09-21 00:00:00', 0, 0, 0, 0, 'Duyệt tự động - không chấm công', 0, 0, 0, '2019-09-22 13:32:54', NULL, 137),
(763, NULL, NULL, '2019-09-21 00:00:00', 0, 0, 0, 0, 'Duyệt tự động - không chấm công', 0, 0, 0, '2019-09-22 13:32:54', NULL, 138),
(764, NULL, NULL, '2019-09-21 00:00:00', 0, 0, 0, 0, 'Duyệt tự động - không chấm công', 0, 0, 0, '2019-09-22 13:32:54', NULL, 139),
(765, NULL, NULL, '2019-09-21 00:00:00', 0, 0, 0, 0, 'Duyệt tự động - không chấm công', 0, 0, 0, '2019-09-22 13:32:55', NULL, 140),
(766, NULL, NULL, '2019-09-21 00:00:00', 0, 0, 0, 0, 'Duyệt tự động - không chấm công', 0, 0, 0, '2019-09-22 13:32:55', NULL, 141),
(767, '2019-09-16 23:21:00', '2019-09-17 00:30:00', NULL, 0, 261, 420, 0, NULL, 0, 0, 0, '2019-09-22 13:33:16', 1, 140),
(768, '2019-09-22 16:03:00', NULL, NULL, 0, 0, 0, 0, 'Duyệt tự động - không báo giờ ra', 0, 1, 0, '2019-09-23 10:31:52', NULL, 134),
(769, NULL, NULL, '2019-09-23 00:00:00', 0, 0, 0, 0, 'Duyệt tự động - không chấm công', 0, 0, 0, '2019-09-26 23:20:42', NULL, 126),
(770, NULL, NULL, '2019-09-24 00:00:00', 0, 0, 0, 0, 'Duyệt tự động - không chấm công', 0, 0, 0, '2019-09-26 23:20:42', NULL, 126),
(771, NULL, NULL, '2019-09-25 00:00:00', 0, 0, 0, 0, 'Duyệt tự động - không chấm công', 0, 0, 0, '2019-09-26 23:20:42', NULL, 126),
(772, NULL, NULL, '2019-09-23 00:00:00', 0, 0, 0, 0, 'Duyệt tự động - không chấm công', 0, 0, 0, '2019-09-26 23:20:43', NULL, 127),
(773, NULL, NULL, '2019-09-24 00:00:00', 0, 0, 0, 0, 'Duyệt tự động - không chấm công', 0, 0, 0, '2019-09-26 23:20:43', NULL, 127),
(774, NULL, NULL, '2019-09-25 00:00:00', 0, 0, 0, 0, 'Duyệt tự động - không chấm công', 0, 0, 0, '2019-09-26 23:20:43', NULL, 127),
(775, NULL, NULL, '2019-09-23 00:00:00', 0, 0, 0, 0, 'Duyệt tự động - không chấm công', 0, 0, 0, '2019-09-26 23:20:43', NULL, 128),
(776, NULL, NULL, '2019-09-24 00:00:00', 0, 0, 0, 0, 'Duyệt tự động - không chấm công', 0, 0, 0, '2019-09-26 23:20:43', NULL, 128);
INSERT INTO `qc_timekeeping` (`timekeeping_id`, `timeBegin`, `timeEnd`, `dateOff`, `afternoonStatus`, `mainMinute`, `plusMinute`, `minusMinute`, `note`, `lateStatus`, `permissionStatus`, `workStatus`, `created_at`, `staffCheck_id`, `work_id`) VALUES
(777, NULL, NULL, '2019-09-25 00:00:00', 0, 0, 0, 0, 'Duyệt tự động - không chấm công', 0, 0, 0, '2019-09-26 23:20:44', NULL, 128),
(778, NULL, NULL, '2019-09-23 00:00:00', 0, 0, 0, 0, 'Duyệt tự động - không chấm công', 0, 0, 0, '2019-09-26 23:20:44', NULL, 129),
(779, NULL, NULL, '2019-09-24 00:00:00', 0, 0, 0, 0, 'Duyệt tự động - không chấm công', 0, 0, 0, '2019-09-26 23:20:44', NULL, 129),
(780, NULL, NULL, '2019-09-25 00:00:00', 0, 0, 0, 0, 'Duyệt tự động - không chấm công', 0, 0, 0, '2019-09-26 23:20:44', NULL, 129),
(781, NULL, NULL, '2019-09-23 00:00:00', 0, 0, 0, 0, 'Duyệt tự động - không chấm công', 0, 0, 0, '2019-09-26 23:20:44', NULL, 130),
(782, NULL, NULL, '2019-09-24 00:00:00', 0, 0, 0, 0, 'Duyệt tự động - không chấm công', 0, 0, 0, '2019-09-26 23:20:45', NULL, 130),
(783, NULL, NULL, '2019-09-25 00:00:00', 0, 0, 0, 0, 'Duyệt tự động - không chấm công', 0, 0, 0, '2019-09-26 23:20:45', NULL, 130),
(784, NULL, NULL, '2019-09-23 00:00:00', 0, 0, 0, 0, 'Duyệt tự động - không chấm công', 0, 0, 0, '2019-09-26 23:20:45', NULL, 131),
(785, NULL, NULL, '2019-09-24 00:00:00', 0, 0, 0, 0, 'Duyệt tự động - không chấm công', 0, 0, 0, '2019-09-26 23:20:45', NULL, 131),
(786, NULL, NULL, '2019-09-25 00:00:00', 0, 0, 0, 0, 'Duyệt tự động - không chấm công', 0, 0, 0, '2019-09-26 23:20:45', NULL, 131),
(787, NULL, NULL, '2019-09-23 00:00:00', 0, 0, 0, 0, 'Duyệt tự động - không chấm công', 0, 0, 0, '2019-09-26 23:20:46', NULL, 132),
(788, NULL, NULL, '2019-09-24 00:00:00', 0, 0, 0, 0, 'Duyệt tự động - không chấm công', 0, 0, 0, '2019-09-26 23:20:46', NULL, 132),
(789, NULL, NULL, '2019-09-25 00:00:00', 0, 0, 0, 0, 'Duyệt tự động - không chấm công', 0, 0, 0, '2019-09-26 23:20:46', NULL, 132),
(790, NULL, NULL, '2019-09-23 00:00:00', 0, 0, 0, 0, 'Duyệt tự động - không chấm công', 0, 0, 0, '2019-09-26 23:20:46', NULL, 133),
(791, NULL, NULL, '2019-09-24 00:00:00', 0, 0, 0, 0, 'Duyệt tự động - không chấm công', 0, 0, 0, '2019-09-26 23:20:47', NULL, 133),
(792, NULL, NULL, '2019-09-25 00:00:00', 0, 0, 0, 0, 'Duyệt tự động - không chấm công', 0, 0, 0, '2019-09-26 23:20:47', NULL, 133),
(793, NULL, NULL, '2019-09-23 00:00:00', 0, 0, 0, 0, 'Duyệt tự động - không chấm công', 0, 0, 0, '2019-09-26 23:20:47', NULL, 134),
(794, NULL, NULL, '2019-09-24 00:00:00', 0, 0, 0, 0, 'Duyệt tự động - không chấm công', 0, 0, 0, '2019-09-26 23:20:47', NULL, 134),
(795, NULL, NULL, '2019-09-25 00:00:00', 0, 0, 0, 0, 'Duyệt tự động - không chấm công', 0, 0, 0, '2019-09-26 23:20:47', NULL, 134),
(796, NULL, NULL, '2019-09-23 00:00:00', 0, 0, 0, 0, 'Duyệt tự động - không chấm công', 0, 0, 0, '2019-09-26 23:20:48', NULL, 135),
(797, NULL, NULL, '2019-09-24 00:00:00', 0, 0, 0, 0, 'Duyệt tự động - không chấm công', 0, 0, 0, '2019-09-26 23:20:48', NULL, 135),
(798, NULL, NULL, '2019-09-25 00:00:00', 0, 0, 0, 0, 'Duyệt tự động - không chấm công', 0, 0, 0, '2019-09-26 23:20:48', NULL, 135),
(799, NULL, NULL, '2019-09-23 00:00:00', 0, 0, 0, 0, 'Duyệt tự động - không chấm công', 0, 0, 0, '2019-09-26 23:20:48', NULL, 136),
(800, NULL, NULL, '2019-09-24 00:00:00', 0, 0, 0, 0, 'Duyệt tự động - không chấm công', 0, 0, 0, '2019-09-26 23:20:48', NULL, 136),
(801, NULL, NULL, '2019-09-25 00:00:00', 0, 0, 0, 0, 'Duyệt tự động - không chấm công', 0, 0, 0, '2019-09-26 23:20:48', NULL, 136),
(802, NULL, NULL, '2019-09-23 00:00:00', 0, 0, 0, 0, 'Duyệt tự động - không chấm công', 0, 0, 0, '2019-09-26 23:20:49', NULL, 137),
(803, NULL, NULL, '2019-09-24 00:00:00', 0, 0, 0, 0, 'Duyệt tự động - không chấm công', 0, 0, 0, '2019-09-26 23:20:49', NULL, 137),
(804, NULL, NULL, '2019-09-25 00:00:00', 0, 0, 0, 0, 'Duyệt tự động - không chấm công', 0, 0, 0, '2019-09-26 23:20:49', NULL, 137),
(805, NULL, NULL, '2019-09-23 00:00:00', 0, 0, 0, 0, 'Duyệt tự động - không chấm công', 0, 0, 0, '2019-09-26 23:20:49', NULL, 138),
(806, NULL, NULL, '2019-09-24 00:00:00', 0, 0, 0, 0, 'Duyệt tự động - không chấm công', 0, 0, 0, '2019-09-26 23:20:49', NULL, 138),
(807, NULL, NULL, '2019-09-25 00:00:00', 0, 0, 0, 0, 'Duyệt tự động - không chấm công', 0, 0, 0, '2019-09-26 23:20:50', NULL, 138),
(808, NULL, NULL, '2019-09-23 00:00:00', 0, 0, 0, 0, 'Duyệt tự động - không chấm công', 0, 0, 0, '2019-09-26 23:20:50', NULL, 139),
(809, NULL, NULL, '2019-09-24 00:00:00', 0, 0, 0, 0, 'Duyệt tự động - không chấm công', 0, 0, 0, '2019-09-26 23:20:50', NULL, 139),
(810, NULL, NULL, '2019-09-25 00:00:00', 0, 0, 0, 0, 'Duyệt tự động - không chấm công', 0, 0, 0, '2019-09-26 23:20:50', NULL, 139),
(811, NULL, NULL, '2019-09-23 00:00:00', 0, 0, 0, 0, 'Duyệt tự động - không chấm công', 0, 0, 0, '2019-09-26 23:20:50', NULL, 140),
(812, NULL, NULL, '2019-09-24 00:00:00', 0, 0, 0, 0, 'Duyệt tự động - không chấm công', 0, 0, 0, '2019-09-26 23:20:51', NULL, 140),
(813, NULL, NULL, '2019-09-25 00:00:00', 0, 0, 0, 0, 'Duyệt tự động - không chấm công', 0, 0, 0, '2019-09-26 23:20:51', NULL, 140),
(814, NULL, NULL, '2019-09-23 00:00:00', 0, 0, 0, 0, 'Duyệt tự động - không chấm công', 0, 0, 0, '2019-09-26 23:20:51', NULL, 141),
(815, NULL, NULL, '2019-09-24 00:00:00', 0, 0, 0, 0, 'Duyệt tự động - không chấm công', 0, 0, 0, '2019-09-26 23:20:51', NULL, 141),
(816, NULL, NULL, '2019-09-25 00:00:00', 0, 0, 0, 0, 'Duyệt tự động - không chấm công', 0, 0, 0, '2019-09-26 23:20:51', NULL, 141),
(817, NULL, NULL, '2019-10-01 00:00:00', 0, 0, 0, 0, 'Duyệt tự động - không chấm công', 0, 0, 0, '2019-10-02 11:51:17', NULL, 142),
(818, NULL, NULL, '2019-10-01 00:00:00', 0, 0, 0, 0, 'Duyệt tự động - không chấm công', 0, 0, 0, '2019-10-02 11:51:18', NULL, 143),
(819, NULL, NULL, '2019-10-01 00:00:00', 0, 0, 0, 0, 'Duyệt tự động - không chấm công', 0, 0, 0, '2019-10-02 11:51:18', NULL, 144),
(820, NULL, NULL, '2019-10-01 00:00:00', 0, 0, 0, 0, 'Duyệt tự động - không chấm công', 0, 0, 0, '2019-10-02 11:51:18', NULL, 145),
(821, NULL, NULL, '2019-10-01 00:00:00', 0, 0, 0, 0, 'Duyệt tự động - không chấm công', 0, 0, 0, '2019-10-02 11:51:18', NULL, 146),
(822, NULL, NULL, '2019-10-01 00:00:00', 0, 0, 0, 0, 'Duyệt tự động - không chấm công', 0, 0, 0, '2019-10-02 11:51:18', NULL, 147),
(823, NULL, NULL, '2019-10-01 00:00:00', 0, 0, 0, 0, 'Duyệt tự động - không chấm công', 0, 0, 0, '2019-10-02 11:51:18', NULL, 148),
(824, NULL, NULL, '2019-10-01 00:00:00', 0, 0, 0, 0, 'Duyệt tự động - không chấm công', 0, 0, 0, '2019-10-02 11:51:18', NULL, 149),
(825, NULL, NULL, '2019-10-02 00:00:00', 0, 0, 0, 0, 'Duyệt tự động - không chấm công', 0, 0, 0, '2019-10-17 12:09:26', NULL, 142),
(826, NULL, NULL, '2019-10-03 00:00:00', 0, 0, 0, 0, 'Duyệt tự động - không chấm công', 0, 0, 0, '2019-10-17 12:09:27', NULL, 142),
(827, NULL, NULL, '2019-10-04 00:00:00', 0, 0, 0, 0, 'Duyệt tự động - không chấm công', 0, 0, 0, '2019-10-17 12:09:27', NULL, 142),
(828, NULL, NULL, '2019-10-05 00:00:00', 0, 0, 0, 0, 'Duyệt tự động - không chấm công', 0, 0, 0, '2019-10-17 12:09:27', NULL, 142),
(829, NULL, NULL, '2019-10-07 00:00:00', 0, 0, 0, 0, 'Duyệt tự động - không chấm công', 0, 0, 0, '2019-10-17 12:09:27', NULL, 142),
(830, NULL, NULL, '2019-10-08 00:00:00', 0, 0, 0, 0, 'Duyệt tự động - không chấm công', 0, 0, 0, '2019-10-17 12:09:27', NULL, 142),
(831, NULL, NULL, '2019-10-09 00:00:00', 0, 0, 0, 0, 'Duyệt tự động - không chấm công', 0, 0, 0, '2019-10-17 12:09:27', NULL, 142),
(832, NULL, NULL, '2019-10-10 00:00:00', 0, 0, 0, 0, 'Duyệt tự động - không chấm công', 0, 0, 0, '2019-10-17 12:09:27', NULL, 142),
(833, NULL, NULL, '2019-10-11 00:00:00', 0, 0, 0, 0, 'Duyệt tự động - không chấm công', 0, 0, 0, '2019-10-17 12:09:27', NULL, 142),
(834, NULL, NULL, '2019-10-12 00:00:00', 0, 0, 0, 0, 'Duyệt tự động - không chấm công', 0, 0, 0, '2019-10-17 12:09:28', NULL, 142),
(835, NULL, NULL, '2019-10-14 00:00:00', 0, 0, 0, 0, 'Duyệt tự động - không chấm công', 0, 0, 0, '2019-10-17 12:09:28', NULL, 142),
(836, NULL, NULL, '2019-10-15 00:00:00', 0, 0, 0, 0, 'Duyệt tự động - không chấm công', 0, 0, 0, '2019-10-17 12:09:28', NULL, 142),
(837, NULL, NULL, '2019-10-16 00:00:00', 0, 0, 0, 0, 'Duyệt tự động - không chấm công', 0, 0, 0, '2019-10-17 12:09:28', NULL, 142),
(838, NULL, NULL, '2019-10-02 00:00:00', 0, 0, 0, 0, 'Duyệt tự động - không chấm công', 0, 0, 0, '2019-10-17 12:09:28', NULL, 143),
(839, NULL, NULL, '2019-10-03 00:00:00', 0, 0, 0, 0, 'Duyệt tự động - không chấm công', 0, 0, 0, '2019-10-17 12:09:28', NULL, 143),
(840, NULL, NULL, '2019-10-04 00:00:00', 0, 0, 0, 0, 'Duyệt tự động - không chấm công', 0, 0, 0, '2019-10-17 12:09:28', NULL, 143),
(841, NULL, NULL, '2019-10-05 00:00:00', 0, 0, 0, 0, 'Duyệt tự động - không chấm công', 0, 0, 0, '2019-10-17 12:09:28', NULL, 143),
(842, NULL, NULL, '2019-10-07 00:00:00', 0, 0, 0, 0, 'Duyệt tự động - không chấm công', 0, 0, 0, '2019-10-17 12:09:28', NULL, 143),
(843, NULL, NULL, '2019-10-08 00:00:00', 0, 0, 0, 0, 'Duyệt tự động - không chấm công', 0, 0, 0, '2019-10-17 12:09:28', NULL, 143),
(844, NULL, NULL, '2019-10-09 00:00:00', 0, 0, 0, 0, 'Duyệt tự động - không chấm công', 0, 0, 0, '2019-10-17 12:09:29', NULL, 143),
(845, NULL, NULL, '2019-10-10 00:00:00', 0, 0, 0, 0, 'Duyệt tự động - không chấm công', 0, 0, 0, '2019-10-17 12:09:29', NULL, 143),
(846, NULL, NULL, '2019-10-11 00:00:00', 0, 0, 0, 0, 'Duyệt tự động - không chấm công', 0, 0, 0, '2019-10-17 12:09:29', NULL, 143),
(847, NULL, NULL, '2019-10-12 00:00:00', 0, 0, 0, 0, 'Duyệt tự động - không chấm công', 0, 0, 0, '2019-10-17 12:09:29', NULL, 143),
(848, NULL, NULL, '2019-10-14 00:00:00', 0, 0, 0, 0, 'Duyệt tự động - không chấm công', 0, 0, 0, '2019-10-17 12:09:29', NULL, 143),
(849, NULL, NULL, '2019-10-15 00:00:00', 0, 0, 0, 0, 'Duyệt tự động - không chấm công', 0, 0, 0, '2019-10-17 12:09:29', NULL, 143),
(850, NULL, NULL, '2019-10-16 00:00:00', 0, 0, 0, 0, 'Duyệt tự động - không chấm công', 0, 0, 0, '2019-10-17 12:09:29', NULL, 143),
(851, NULL, NULL, '2019-10-02 00:00:00', 0, 0, 0, 0, 'Duyệt tự động - không chấm công', 0, 0, 0, '2019-10-17 12:09:29', NULL, 144),
(852, NULL, NULL, '2019-10-03 00:00:00', 0, 0, 0, 0, 'Duyệt tự động - không chấm công', 0, 0, 0, '2019-10-17 12:09:29', NULL, 144),
(853, NULL, NULL, '2019-10-04 00:00:00', 0, 0, 0, 0, 'Duyệt tự động - không chấm công', 0, 0, 0, '2019-10-17 12:09:30', NULL, 144),
(854, NULL, NULL, '2019-10-05 00:00:00', 0, 0, 0, 0, 'Duyệt tự động - không chấm công', 0, 0, 0, '2019-10-17 12:09:30', NULL, 144),
(855, NULL, NULL, '2019-10-07 00:00:00', 0, 0, 0, 0, 'Duyệt tự động - không chấm công', 0, 0, 0, '2019-10-17 12:09:30', NULL, 144),
(856, NULL, NULL, '2019-10-08 00:00:00', 0, 0, 0, 0, 'Duyệt tự động - không chấm công', 0, 0, 0, '2019-10-17 12:09:30', NULL, 144),
(857, NULL, NULL, '2019-10-09 00:00:00', 0, 0, 0, 0, 'Duyệt tự động - không chấm công', 0, 0, 0, '2019-10-17 12:09:30', NULL, 144),
(858, NULL, NULL, '2019-10-10 00:00:00', 0, 0, 0, 0, 'Duyệt tự động - không chấm công', 0, 0, 0, '2019-10-17 12:09:30', NULL, 144),
(859, NULL, NULL, '2019-10-11 00:00:00', 0, 0, 0, 0, 'Duyệt tự động - không chấm công', 0, 0, 0, '2019-10-17 12:09:30', NULL, 144),
(860, NULL, NULL, '2019-10-12 00:00:00', 0, 0, 0, 0, 'Duyệt tự động - không chấm công', 0, 0, 0, '2019-10-17 12:09:30', NULL, 144),
(861, NULL, NULL, '2019-10-14 00:00:00', 0, 0, 0, 0, 'Duyệt tự động - không chấm công', 0, 0, 0, '2019-10-17 12:09:30', NULL, 144),
(862, NULL, NULL, '2019-10-15 00:00:00', 0, 0, 0, 0, 'Duyệt tự động - không chấm công', 0, 0, 0, '2019-10-17 12:09:30', NULL, 144),
(863, NULL, NULL, '2019-10-16 00:00:00', 0, 0, 0, 0, 'Duyệt tự động - không chấm công', 0, 0, 0, '2019-10-17 12:09:30', NULL, 144),
(864, NULL, NULL, '2019-10-02 00:00:00', 0, 0, 0, 0, 'Duyệt tự động - không chấm công', 0, 0, 0, '2019-10-17 12:09:31', NULL, 145),
(865, NULL, NULL, '2019-10-03 00:00:00', 0, 0, 0, 0, 'Duyệt tự động - không chấm công', 0, 0, 0, '2019-10-17 12:09:31', NULL, 145),
(866, NULL, NULL, '2019-10-04 00:00:00', 0, 0, 0, 0, 'Duyệt tự động - không chấm công', 0, 0, 0, '2019-10-17 12:09:31', NULL, 145),
(867, NULL, NULL, '2019-10-05 00:00:00', 0, 0, 0, 0, 'Duyệt tự động - không chấm công', 0, 0, 0, '2019-10-17 12:09:31', NULL, 145),
(868, NULL, NULL, '2019-10-07 00:00:00', 0, 0, 0, 0, 'Duyệt tự động - không chấm công', 0, 0, 0, '2019-10-17 12:09:31', NULL, 145),
(869, NULL, NULL, '2019-10-08 00:00:00', 0, 0, 0, 0, 'Duyệt tự động - không chấm công', 0, 0, 0, '2019-10-17 12:09:31', NULL, 145),
(870, NULL, NULL, '2019-10-09 00:00:00', 0, 0, 0, 0, 'Duyệt tự động - không chấm công', 0, 0, 0, '2019-10-17 12:09:31', NULL, 145),
(871, NULL, NULL, '2019-10-10 00:00:00', 0, 0, 0, 0, 'Duyệt tự động - không chấm công', 0, 0, 0, '2019-10-17 12:09:31', NULL, 145),
(872, NULL, NULL, '2019-10-11 00:00:00', 0, 0, 0, 0, 'Duyệt tự động - không chấm công', 0, 0, 0, '2019-10-17 12:09:31', NULL, 145),
(873, NULL, NULL, '2019-10-12 00:00:00', 0, 0, 0, 0, 'Duyệt tự động - không chấm công', 0, 0, 0, '2019-10-17 12:09:31', NULL, 145),
(874, NULL, NULL, '2019-10-14 00:00:00', 0, 0, 0, 0, 'Duyệt tự động - không chấm công', 0, 0, 0, '2019-10-17 12:09:31', NULL, 145),
(875, NULL, NULL, '2019-10-15 00:00:00', 0, 0, 0, 0, 'Duyệt tự động - không chấm công', 0, 0, 0, '2019-10-17 12:09:31', NULL, 145),
(876, NULL, NULL, '2019-10-16 00:00:00', 0, 0, 0, 0, 'Duyệt tự động - không chấm công', 0, 0, 0, '2019-10-17 12:09:31', NULL, 145),
(877, NULL, NULL, '2019-10-02 00:00:00', 0, 0, 0, 0, 'Duyệt tự động - không chấm công', 0, 0, 0, '2019-10-17 12:09:32', NULL, 146),
(878, NULL, NULL, '2019-10-03 00:00:00', 0, 0, 0, 0, 'Duyệt tự động - không chấm công', 0, 0, 0, '2019-10-17 12:09:32', NULL, 146),
(879, NULL, NULL, '2019-10-04 00:00:00', 0, 0, 0, 0, 'Duyệt tự động - không chấm công', 0, 0, 0, '2019-10-17 12:09:32', NULL, 146),
(880, NULL, NULL, '2019-10-05 00:00:00', 0, 0, 0, 0, 'Duyệt tự động - không chấm công', 0, 0, 0, '2019-10-17 12:09:32', NULL, 146),
(881, NULL, NULL, '2019-10-07 00:00:00', 0, 0, 0, 0, 'Duyệt tự động - không chấm công', 0, 0, 0, '2019-10-17 12:09:32', NULL, 146),
(882, NULL, NULL, '2019-10-08 00:00:00', 0, 0, 0, 0, 'Duyệt tự động - không chấm công', 0, 0, 0, '2019-10-17 12:09:32', NULL, 146),
(883, NULL, NULL, '2019-10-09 00:00:00', 0, 0, 0, 0, 'Duyệt tự động - không chấm công', 0, 0, 0, '2019-10-17 12:09:32', NULL, 146),
(884, NULL, NULL, '2019-10-10 00:00:00', 0, 0, 0, 0, 'Duyệt tự động - không chấm công', 0, 0, 0, '2019-10-17 12:09:32', NULL, 146),
(885, NULL, NULL, '2019-10-11 00:00:00', 0, 0, 0, 0, 'Duyệt tự động - không chấm công', 0, 0, 0, '2019-10-17 12:09:32', NULL, 146),
(886, NULL, NULL, '2019-10-12 00:00:00', 0, 0, 0, 0, 'Duyệt tự động - không chấm công', 0, 0, 0, '2019-10-17 12:09:32', NULL, 146),
(887, NULL, NULL, '2019-10-14 00:00:00', 0, 0, 0, 0, 'Duyệt tự động - không chấm công', 0, 0, 0, '2019-10-17 12:09:32', NULL, 146),
(888, NULL, NULL, '2019-10-15 00:00:00', 0, 0, 0, 0, 'Duyệt tự động - không chấm công', 0, 0, 0, '2019-10-17 12:09:32', NULL, 146),
(889, NULL, NULL, '2019-10-16 00:00:00', 0, 0, 0, 0, 'Duyệt tự động - không chấm công', 0, 0, 0, '2019-10-17 12:09:32', NULL, 146),
(890, NULL, NULL, '2019-10-02 00:00:00', 0, 0, 0, 0, 'Duyệt tự động - không chấm công', 0, 0, 0, '2019-10-17 12:09:33', NULL, 147),
(891, NULL, NULL, '2019-10-03 00:00:00', 0, 0, 0, 0, 'Duyệt tự động - không chấm công', 0, 0, 0, '2019-10-17 12:09:33', NULL, 147),
(892, NULL, NULL, '2019-10-04 00:00:00', 0, 0, 0, 0, 'Duyệt tự động - không chấm công', 0, 0, 0, '2019-10-17 12:09:33', NULL, 147),
(893, NULL, NULL, '2019-10-05 00:00:00', 0, 0, 0, 0, 'Duyệt tự động - không chấm công', 0, 0, 0, '2019-10-17 12:09:33', NULL, 147),
(894, NULL, NULL, '2019-10-07 00:00:00', 0, 0, 0, 0, 'Duyệt tự động - không chấm công', 0, 0, 0, '2019-10-17 12:09:33', NULL, 147),
(895, NULL, NULL, '2019-10-08 00:00:00', 0, 0, 0, 0, 'Duyệt tự động - không chấm công', 0, 0, 0, '2019-10-17 12:09:33', NULL, 147),
(896, NULL, NULL, '2019-10-09 00:00:00', 0, 0, 0, 0, 'Duyệt tự động - không chấm công', 0, 0, 0, '2019-10-17 12:09:33', NULL, 147),
(897, NULL, NULL, '2019-10-10 00:00:00', 0, 0, 0, 0, 'Duyệt tự động - không chấm công', 0, 0, 0, '2019-10-17 12:09:33', NULL, 147),
(898, NULL, NULL, '2019-10-11 00:00:00', 0, 0, 0, 0, 'Duyệt tự động - không chấm công', 0, 0, 0, '2019-10-17 12:09:33', NULL, 147),
(899, NULL, NULL, '2019-10-12 00:00:00', 0, 0, 0, 0, 'Duyệt tự động - không chấm công', 0, 0, 0, '2019-10-17 12:09:33', NULL, 147),
(900, NULL, NULL, '2019-10-14 00:00:00', 0, 0, 0, 0, 'Duyệt tự động - không chấm công', 0, 0, 0, '2019-10-17 12:09:33', NULL, 147),
(901, NULL, NULL, '2019-10-15 00:00:00', 0, 0, 0, 0, 'Duyệt tự động - không chấm công', 0, 0, 0, '2019-10-17 12:09:34', NULL, 147),
(902, NULL, NULL, '2019-10-16 00:00:00', 0, 0, 0, 0, 'Duyệt tự động - không chấm công', 0, 0, 0, '2019-10-17 12:09:34', NULL, 147),
(903, '2019-10-02 11:51:00', NULL, NULL, 0, 0, 0, 0, 'Duyệt tự động - không báo giờ ra', 0, 1, 0, '2019-10-17 12:09:34', NULL, 148),
(904, NULL, NULL, '2019-10-03 00:00:00', 0, 0, 0, 0, 'Duyệt tự động - không chấm công', 0, 0, 0, '2019-10-17 12:09:34', NULL, 148),
(905, NULL, NULL, '2019-10-04 00:00:00', 0, 0, 0, 0, 'Duyệt tự động - không chấm công', 0, 0, 0, '2019-10-17 12:09:34', NULL, 148),
(906, NULL, NULL, '2019-10-05 00:00:00', 0, 0, 0, 0, 'Duyệt tự động - không chấm công', 0, 0, 0, '2019-10-17 12:09:34', NULL, 148),
(907, NULL, NULL, '2019-10-07 00:00:00', 0, 0, 0, 0, 'Duyệt tự động - không chấm công', 0, 0, 0, '2019-10-17 12:09:34', NULL, 148),
(908, NULL, NULL, '2019-10-08 00:00:00', 0, 0, 0, 0, 'Duyệt tự động - không chấm công', 0, 0, 0, '2019-10-17 12:09:34', NULL, 148),
(909, NULL, NULL, '2019-10-09 00:00:00', 0, 0, 0, 0, 'Duyệt tự động - không chấm công', 0, 0, 0, '2019-10-17 12:09:34', NULL, 148),
(910, NULL, NULL, '2019-10-10 00:00:00', 0, 0, 0, 0, 'Duyệt tự động - không chấm công', 0, 0, 0, '2019-10-17 12:09:34', NULL, 148),
(911, NULL, NULL, '2019-10-11 00:00:00', 0, 0, 0, 0, 'Duyệt tự động - không chấm công', 0, 0, 0, '2019-10-17 12:09:34', NULL, 148),
(912, NULL, NULL, '2019-10-12 00:00:00', 0, 0, 0, 0, 'Duyệt tự động - không chấm công', 0, 0, 0, '2019-10-17 12:09:35', NULL, 148),
(913, NULL, NULL, '2019-10-14 00:00:00', 0, 0, 0, 0, 'Duyệt tự động - không chấm công', 0, 0, 0, '2019-10-17 12:09:35', NULL, 148),
(914, NULL, NULL, '2019-10-15 00:00:00', 0, 0, 0, 0, 'Duyệt tự động - không chấm công', 0, 0, 0, '2019-10-17 12:09:35', NULL, 148),
(915, NULL, NULL, '2019-10-16 00:00:00', 0, 0, 0, 0, 'Duyệt tự động - không chấm công', 0, 0, 0, '2019-10-17 12:09:35', NULL, 148),
(916, NULL, NULL, '2019-10-02 00:00:00', 0, 0, 0, 0, 'Duyệt tự động - không chấm công', 0, 0, 0, '2019-10-17 12:09:35', NULL, 149),
(917, NULL, NULL, '2019-10-03 00:00:00', 0, 0, 0, 0, 'Duyệt tự động - không chấm công', 0, 0, 0, '2019-10-17 12:09:35', NULL, 149),
(918, NULL, NULL, '2019-10-04 00:00:00', 0, 0, 0, 0, 'Duyệt tự động - không chấm công', 0, 0, 0, '2019-10-17 12:09:35', NULL, 149),
(919, NULL, NULL, '2019-10-05 00:00:00', 0, 0, 0, 0, 'Duyệt tự động - không chấm công', 0, 0, 0, '2019-10-17 12:09:35', NULL, 149),
(920, NULL, NULL, '2019-10-07 00:00:00', 0, 0, 0, 0, 'Duyệt tự động - không chấm công', 0, 0, 0, '2019-10-17 12:09:35', NULL, 149),
(921, NULL, NULL, '2019-10-08 00:00:00', 0, 0, 0, 0, 'Duyệt tự động - không chấm công', 0, 0, 0, '2019-10-17 12:09:35', NULL, 149),
(922, NULL, NULL, '2019-10-09 00:00:00', 0, 0, 0, 0, 'Duyệt tự động - không chấm công', 0, 0, 0, '2019-10-17 12:09:35', NULL, 149),
(923, NULL, NULL, '2019-10-10 00:00:00', 0, 0, 0, 0, 'Duyệt tự động - không chấm công', 0, 0, 0, '2019-10-17 12:09:35', NULL, 149),
(924, NULL, NULL, '2019-10-11 00:00:00', 0, 0, 0, 0, 'Duyệt tự động - không chấm công', 0, 0, 0, '2019-10-17 12:09:35', NULL, 149),
(925, NULL, NULL, '2019-10-12 00:00:00', 0, 0, 0, 0, 'Duyệt tự động - không chấm công', 0, 0, 0, '2019-10-17 12:09:35', NULL, 149),
(926, NULL, NULL, '2019-10-14 00:00:00', 0, 0, 0, 0, 'Duyệt tự động - không chấm công', 0, 0, 0, '2019-10-17 12:09:35', NULL, 149),
(927, NULL, NULL, '2019-10-15 00:00:00', 0, 0, 0, 0, 'Duyệt tự động - không chấm công', 0, 0, 0, '2019-10-17 12:09:36', NULL, 149),
(928, NULL, NULL, '2019-10-16 00:00:00', 0, 0, 0, 0, 'Duyệt tự động - không chấm công', 0, 0, 0, '2019-10-17 12:09:36', NULL, 149),
(929, NULL, NULL, '2019-10-17 00:00:00', 0, 0, 0, 0, 'Duyệt tự động - không chấm công', 0, 0, 0, '2019-10-31 22:20:14', NULL, 142),
(930, NULL, NULL, '2019-10-18 00:00:00', 0, 0, 0, 0, 'Duyệt tự động - không chấm công', 0, 0, 0, '2019-10-31 22:20:15', NULL, 142),
(931, NULL, NULL, '2019-10-19 00:00:00', 0, 0, 0, 0, 'Duyệt tự động - không chấm công', 0, 0, 0, '2019-10-31 22:20:15', NULL, 142),
(932, NULL, NULL, '2019-10-21 00:00:00', 0, 0, 0, 0, 'Duyệt tự động - không chấm công', 0, 0, 0, '2019-10-31 22:20:15', NULL, 142),
(933, NULL, NULL, '2019-10-22 00:00:00', 0, 0, 0, 0, 'Duyệt tự động - không chấm công', 0, 0, 0, '2019-10-31 22:20:15', NULL, 142),
(934, NULL, NULL, '2019-10-23 00:00:00', 0, 0, 0, 0, 'Duyệt tự động - không chấm công', 0, 0, 0, '2019-10-31 22:20:15', NULL, 142),
(935, NULL, NULL, '2019-10-24 00:00:00', 0, 0, 0, 0, 'Duyệt tự động - không chấm công', 0, 0, 0, '2019-10-31 22:20:15', NULL, 142),
(936, NULL, NULL, '2019-10-25 00:00:00', 0, 0, 0, 0, 'Duyệt tự động - không chấm công', 0, 0, 0, '2019-10-31 22:20:15', NULL, 142),
(937, NULL, NULL, '2019-10-26 00:00:00', 0, 0, 0, 0, 'Duyệt tự động - không chấm công', 0, 0, 0, '2019-10-31 22:20:15', NULL, 142),
(938, NULL, NULL, '2019-10-28 00:00:00', 0, 0, 0, 0, 'Duyệt tự động - không chấm công', 0, 0, 0, '2019-10-31 22:20:15', NULL, 142),
(939, NULL, NULL, '2019-10-29 00:00:00', 0, 0, 0, 0, 'Duyệt tự động - không chấm công', 0, 0, 0, '2019-10-31 22:20:16', NULL, 142),
(940, NULL, NULL, '2019-10-30 00:00:00', 0, 0, 0, 0, 'Duyệt tự động - không chấm công', 0, 0, 0, '2019-10-31 22:20:16', NULL, 142),
(941, NULL, NULL, '2019-10-17 00:00:00', 0, 0, 0, 0, 'Duyệt tự động - không chấm công', 0, 0, 0, '2019-10-31 22:20:16', NULL, 143),
(942, NULL, NULL, '2019-10-18 00:00:00', 0, 0, 0, 0, 'Duyệt tự động - không chấm công', 0, 0, 0, '2019-10-31 22:20:16', NULL, 143),
(943, NULL, NULL, '2019-10-19 00:00:00', 0, 0, 0, 0, 'Duyệt tự động - không chấm công', 0, 0, 0, '2019-10-31 22:20:16', NULL, 143),
(944, NULL, NULL, '2019-10-21 00:00:00', 0, 0, 0, 0, 'Duyệt tự động - không chấm công', 0, 0, 0, '2019-10-31 22:20:17', NULL, 143),
(945, NULL, NULL, '2019-10-22 00:00:00', 0, 0, 0, 0, 'Duyệt tự động - không chấm công', 0, 0, 0, '2019-10-31 22:20:17', NULL, 143),
(946, NULL, NULL, '2019-10-23 00:00:00', 0, 0, 0, 0, 'Duyệt tự động - không chấm công', 0, 0, 0, '2019-10-31 22:20:17', NULL, 143),
(947, NULL, NULL, '2019-10-24 00:00:00', 0, 0, 0, 0, 'Duyệt tự động - không chấm công', 0, 0, 0, '2019-10-31 22:20:17', NULL, 143),
(948, NULL, NULL, '2019-10-25 00:00:00', 0, 0, 0, 0, 'Duyệt tự động - không chấm công', 0, 0, 0, '2019-10-31 22:20:17', NULL, 143),
(949, NULL, NULL, '2019-10-26 00:00:00', 0, 0, 0, 0, 'Duyệt tự động - không chấm công', 0, 0, 0, '2019-10-31 22:20:17', NULL, 143),
(950, NULL, NULL, '2019-10-28 00:00:00', 0, 0, 0, 0, 'Duyệt tự động - không chấm công', 0, 0, 0, '2019-10-31 22:20:17', NULL, 143),
(951, NULL, NULL, '2019-10-29 00:00:00', 0, 0, 0, 0, 'Duyệt tự động - không chấm công', 0, 0, 0, '2019-10-31 22:20:17', NULL, 143),
(952, NULL, NULL, '2019-10-30 00:00:00', 0, 0, 0, 0, 'Duyệt tự động - không chấm công', 0, 0, 0, '2019-10-31 22:20:18', NULL, 143),
(953, NULL, NULL, '2019-10-17 00:00:00', 0, 0, 0, 0, 'Duyệt tự động - không chấm công', 0, 0, 0, '2019-10-31 22:20:18', NULL, 144),
(954, NULL, NULL, '2019-10-18 00:00:00', 0, 0, 0, 0, 'Duyệt tự động - không chấm công', 0, 0, 0, '2019-10-31 22:20:18', NULL, 144),
(955, NULL, NULL, '2019-10-19 00:00:00', 0, 0, 0, 0, 'Duyệt tự động - không chấm công', 0, 0, 0, '2019-10-31 22:20:18', NULL, 144),
(956, NULL, NULL, '2019-10-21 00:00:00', 0, 0, 0, 0, 'Duyệt tự động - không chấm công', 0, 0, 0, '2019-10-31 22:20:18', NULL, 144),
(957, NULL, NULL, '2019-10-22 00:00:00', 0, 0, 0, 0, 'Duyệt tự động - không chấm công', 0, 0, 0, '2019-10-31 22:20:18', NULL, 144),
(958, NULL, NULL, '2019-10-23 00:00:00', 0, 0, 0, 0, 'Duyệt tự động - không chấm công', 0, 0, 0, '2019-10-31 22:20:18', NULL, 144),
(959, NULL, NULL, '2019-10-24 00:00:00', 0, 0, 0, 0, 'Duyệt tự động - không chấm công', 0, 0, 0, '2019-10-31 22:20:18', NULL, 144),
(960, NULL, NULL, '2019-10-25 00:00:00', 0, 0, 0, 0, 'Duyệt tự động - không chấm công', 0, 0, 0, '2019-10-31 22:20:18', NULL, 144),
(961, NULL, NULL, '2019-10-26 00:00:00', 0, 0, 0, 0, 'Duyệt tự động - không chấm công', 0, 0, 0, '2019-10-31 22:20:19', NULL, 144),
(962, NULL, NULL, '2019-10-28 00:00:00', 0, 0, 0, 0, 'Duyệt tự động - không chấm công', 0, 0, 0, '2019-10-31 22:20:19', NULL, 144),
(963, NULL, NULL, '2019-10-29 00:00:00', 0, 0, 0, 0, 'Duyệt tự động - không chấm công', 0, 0, 0, '2019-10-31 22:20:19', NULL, 144),
(964, NULL, NULL, '2019-10-30 00:00:00', 0, 0, 0, 0, 'Duyệt tự động - không chấm công', 0, 0, 0, '2019-10-31 22:20:19', NULL, 144),
(965, NULL, NULL, '2019-10-17 00:00:00', 0, 0, 0, 0, 'Duyệt tự động - không chấm công', 0, 0, 0, '2019-10-31 22:20:19', NULL, 145),
(966, NULL, NULL, '2019-10-18 00:00:00', 0, 0, 0, 0, 'Duyệt tự động - không chấm công', 0, 0, 0, '2019-10-31 22:20:19', NULL, 145),
(967, NULL, NULL, '2019-10-19 00:00:00', 0, 0, 0, 0, 'Duyệt tự động - không chấm công', 0, 0, 0, '2019-10-31 22:20:19', NULL, 145),
(968, NULL, NULL, '2019-10-21 00:00:00', 0, 0, 0, 0, 'Duyệt tự động - không chấm công', 0, 0, 0, '2019-10-31 22:20:19', NULL, 145),
(969, NULL, NULL, '2019-10-22 00:00:00', 0, 0, 0, 0, 'Duyệt tự động - không chấm công', 0, 0, 0, '2019-10-31 22:20:20', NULL, 145),
(970, NULL, NULL, '2019-10-23 00:00:00', 0, 0, 0, 0, 'Duyệt tự động - không chấm công', 0, 0, 0, '2019-10-31 22:20:20', NULL, 145),
(971, NULL, NULL, '2019-10-24 00:00:00', 0, 0, 0, 0, 'Duyệt tự động - không chấm công', 0, 0, 0, '2019-10-31 22:20:20', NULL, 145),
(972, NULL, NULL, '2019-10-25 00:00:00', 0, 0, 0, 0, 'Duyệt tự động - không chấm công', 0, 0, 0, '2019-10-31 22:20:20', NULL, 145),
(973, NULL, NULL, '2019-10-26 00:00:00', 0, 0, 0, 0, 'Duyệt tự động - không chấm công', 0, 0, 0, '2019-10-31 22:20:20', NULL, 145),
(974, NULL, NULL, '2019-10-28 00:00:00', 0, 0, 0, 0, 'Duyệt tự động - không chấm công', 0, 0, 0, '2019-10-31 22:20:20', NULL, 145),
(975, NULL, NULL, '2019-10-29 00:00:00', 0, 0, 0, 0, 'Duyệt tự động - không chấm công', 0, 0, 0, '2019-10-31 22:20:20', NULL, 145),
(976, NULL, NULL, '2019-10-30 00:00:00', 0, 0, 0, 0, 'Duyệt tự động - không chấm công', 0, 0, 0, '2019-10-31 22:20:20', NULL, 145),
(977, NULL, NULL, '2019-10-17 00:00:00', 0, 0, 0, 0, 'Duyệt tự động - không chấm công', 0, 0, 0, '2019-10-31 22:20:20', NULL, 146),
(978, NULL, NULL, '2019-10-18 00:00:00', 0, 0, 0, 0, 'Duyệt tự động - không chấm công', 0, 0, 0, '2019-10-31 22:20:20', NULL, 146),
(979, NULL, NULL, '2019-10-19 00:00:00', 0, 0, 0, 0, 'Duyệt tự động - không chấm công', 0, 0, 0, '2019-10-31 22:20:21', NULL, 146),
(980, NULL, NULL, '2019-10-21 00:00:00', 0, 0, 0, 0, 'Duyệt tự động - không chấm công', 0, 0, 0, '2019-10-31 22:20:21', NULL, 146),
(981, NULL, NULL, '2019-10-22 00:00:00', 0, 0, 0, 0, 'Duyệt tự động - không chấm công', 0, 0, 0, '2019-10-31 22:20:21', NULL, 146),
(982, NULL, NULL, '2019-10-23 00:00:00', 0, 0, 0, 0, 'Duyệt tự động - không chấm công', 0, 0, 0, '2019-10-31 22:20:21', NULL, 146),
(983, NULL, NULL, '2019-10-24 00:00:00', 0, 0, 0, 0, 'Duyệt tự động - không chấm công', 0, 0, 0, '2019-10-31 22:20:21', NULL, 146),
(984, NULL, NULL, '2019-10-25 00:00:00', 0, 0, 0, 0, 'Duyệt tự động - không chấm công', 0, 0, 0, '2019-10-31 22:20:21', NULL, 146),
(985, NULL, NULL, '2019-10-26 00:00:00', 0, 0, 0, 0, 'Duyệt tự động - không chấm công', 0, 0, 0, '2019-10-31 22:20:21', NULL, 146),
(986, NULL, NULL, '2019-10-28 00:00:00', 0, 0, 0, 0, 'Duyệt tự động - không chấm công', 0, 0, 0, '2019-10-31 22:20:21', NULL, 146),
(987, NULL, NULL, '2019-10-29 00:00:00', 0, 0, 0, 0, 'Duyệt tự động - không chấm công', 0, 0, 0, '2019-10-31 22:20:21', NULL, 146),
(988, NULL, NULL, '2019-10-30 00:00:00', 0, 0, 0, 0, 'Duyệt tự động - không chấm công', 0, 0, 0, '2019-10-31 22:20:21', NULL, 146),
(989, NULL, NULL, '2019-10-17 00:00:00', 0, 0, 0, 0, 'Duyệt tự động - không chấm công', 0, 0, 0, '2019-10-31 22:20:21', NULL, 147),
(990, NULL, NULL, '2019-10-18 00:00:00', 0, 0, 0, 0, 'Duyệt tự động - không chấm công', 0, 0, 0, '2019-10-31 22:20:21', NULL, 147),
(991, NULL, NULL, '2019-10-19 00:00:00', 0, 0, 0, 0, 'Duyệt tự động - không chấm công', 0, 0, 0, '2019-10-31 22:20:21', NULL, 147),
(992, NULL, NULL, '2019-10-21 00:00:00', 0, 0, 0, 0, 'Duyệt tự động - không chấm công', 0, 0, 0, '2019-10-31 22:20:21', NULL, 147),
(993, NULL, NULL, '2019-10-22 00:00:00', 0, 0, 0, 0, 'Duyệt tự động - không chấm công', 0, 0, 0, '2019-10-31 22:20:21', NULL, 147),
(994, NULL, NULL, '2019-10-23 00:00:00', 0, 0, 0, 0, 'Duyệt tự động - không chấm công', 0, 0, 0, '2019-10-31 22:20:22', NULL, 147),
(995, NULL, NULL, '2019-10-24 00:00:00', 0, 0, 0, 0, 'Duyệt tự động - không chấm công', 0, 0, 0, '2019-10-31 22:20:22', NULL, 147),
(996, NULL, NULL, '2019-10-25 00:00:00', 0, 0, 0, 0, 'Duyệt tự động - không chấm công', 0, 0, 0, '2019-10-31 22:20:22', NULL, 147),
(997, NULL, NULL, '2019-10-26 00:00:00', 0, 0, 0, 0, 'Duyệt tự động - không chấm công', 0, 0, 0, '2019-10-31 22:20:22', NULL, 147),
(998, NULL, NULL, '2019-10-28 00:00:00', 0, 0, 0, 0, 'Duyệt tự động - không chấm công', 0, 0, 0, '2019-10-31 22:20:22', NULL, 147),
(999, NULL, NULL, '2019-10-29 00:00:00', 0, 0, 0, 0, 'Duyệt tự động - không chấm công', 0, 0, 0, '2019-10-31 22:20:22', NULL, 147),
(1000, NULL, NULL, '2019-10-30 00:00:00', 0, 0, 0, 0, 'Duyệt tự động - không chấm công', 0, 0, 0, '2019-10-31 22:20:22', NULL, 147),
(1001, '2019-10-17 12:09:00', NULL, NULL, 0, 0, 0, 0, 'Duyệt tự động - không báo giờ ra', 0, 1, 0, '2019-10-31 22:20:22', NULL, 148),
(1002, NULL, NULL, '2019-10-18 00:00:00', 0, 0, 0, 0, 'Duyệt tự động - không chấm công', 0, 0, 0, '2019-10-31 22:20:22', NULL, 148),
(1003, NULL, NULL, '2019-10-19 00:00:00', 0, 0, 0, 0, 'Duyệt tự động - không chấm công', 0, 0, 0, '2019-10-31 22:20:22', NULL, 148),
(1004, NULL, NULL, '2019-10-21 00:00:00', 0, 0, 0, 0, 'Duyệt tự động - không chấm công', 0, 0, 0, '2019-10-31 22:20:23', NULL, 148),
(1005, NULL, NULL, '2019-10-22 00:00:00', 0, 0, 0, 0, 'Duyệt tự động - không chấm công', 0, 0, 0, '2019-10-31 22:20:23', NULL, 148),
(1006, NULL, NULL, '2019-10-23 00:00:00', 0, 0, 0, 0, 'Duyệt tự động - không chấm công', 0, 0, 0, '2019-10-31 22:20:23', NULL, 148),
(1007, NULL, NULL, '2019-10-24 00:00:00', 0, 0, 0, 0, 'Duyệt tự động - không chấm công', 0, 0, 0, '2019-10-31 22:20:23', NULL, 148),
(1008, NULL, NULL, '2019-10-25 00:00:00', 0, 0, 0, 0, 'Duyệt tự động - không chấm công', 0, 0, 0, '2019-10-31 22:20:23', NULL, 148),
(1009, NULL, NULL, '2019-10-26 00:00:00', 0, 0, 0, 0, 'Duyệt tự động - không chấm công', 0, 0, 0, '2019-10-31 22:20:23', NULL, 148),
(1010, NULL, NULL, '2019-10-28 00:00:00', 0, 0, 0, 0, 'Duyệt tự động - không chấm công', 0, 0, 0, '2019-10-31 22:20:23', NULL, 148),
(1011, NULL, NULL, '2019-10-29 00:00:00', 0, 0, 0, 0, 'Duyệt tự động - không chấm công', 0, 0, 0, '2019-10-31 22:20:23', NULL, 148),
(1012, NULL, NULL, '2019-10-30 00:00:00', 0, 0, 0, 0, 'Duyệt tự động - không chấm công', 0, 0, 0, '2019-10-31 22:20:23', NULL, 148),
(1013, NULL, NULL, '2019-10-17 00:00:00', 0, 0, 0, 0, 'Duyệt tự động - không chấm công', 0, 0, 0, '2019-10-31 22:20:24', NULL, 149),
(1014, NULL, NULL, '2019-10-18 00:00:00', 0, 0, 0, 0, 'Duyệt tự động - không chấm công', 0, 0, 0, '2019-10-31 22:20:24', NULL, 149),
(1015, NULL, NULL, '2019-10-19 00:00:00', 0, 0, 0, 0, 'Duyệt tự động - không chấm công', 0, 0, 0, '2019-10-31 22:20:24', NULL, 149),
(1016, NULL, NULL, '2019-10-21 00:00:00', 0, 0, 0, 0, 'Duyệt tự động - không chấm công', 0, 0, 0, '2019-10-31 22:20:24', NULL, 149),
(1017, NULL, NULL, '2019-10-22 00:00:00', 0, 0, 0, 0, 'Duyệt tự động - không chấm công', 0, 0, 0, '2019-10-31 22:20:24', NULL, 149),
(1018, NULL, NULL, '2019-10-23 00:00:00', 0, 0, 0, 0, 'Duyệt tự động - không chấm công', 0, 0, 0, '2019-10-31 22:20:24', NULL, 149),
(1019, NULL, NULL, '2019-10-24 00:00:00', 0, 0, 0, 0, 'Duyệt tự động - không chấm công', 0, 0, 0, '2019-10-31 22:20:24', NULL, 149),
(1020, NULL, NULL, '2019-10-25 00:00:00', 0, 0, 0, 0, 'Duyệt tự động - không chấm công', 0, 0, 0, '2019-10-31 22:20:24', NULL, 149),
(1021, NULL, NULL, '2019-10-26 00:00:00', 0, 0, 0, 0, 'Duyệt tự động - không chấm công', 0, 0, 0, '2019-10-31 22:20:24', NULL, 149),
(1022, NULL, NULL, '2019-10-28 00:00:00', 0, 0, 0, 0, 'Duyệt tự động - không chấm công', 0, 0, 0, '2019-10-31 22:20:24', NULL, 149),
(1023, NULL, NULL, '2019-10-29 00:00:00', 0, 0, 0, 0, 'Duyệt tự động - không chấm công', 0, 0, 0, '2019-10-31 22:20:24', NULL, 149),
(1024, NULL, NULL, '2019-10-30 00:00:00', 0, 0, 0, 0, 'Duyệt tự động - không chấm công', 0, 0, 0, '2019-10-31 22:20:24', NULL, 149),
(1025, NULL, NULL, '2019-11-01 00:00:00', 0, 0, 0, 0, 'Duyệt tự động - không chấm công', 0, 0, 0, '2019-11-18 10:26:05', NULL, 150),
(1026, NULL, NULL, '2019-11-02 00:00:00', 0, 0, 0, 0, 'Duyệt tự động - không chấm công', 0, 0, 0, '2019-11-18 10:26:05', NULL, 150),
(1027, NULL, NULL, '2019-11-04 00:00:00', 0, 0, 0, 0, 'Duyệt tự động - không chấm công', 0, 0, 0, '2019-11-18 10:26:05', NULL, 150),
(1028, NULL, NULL, '2019-11-05 00:00:00', 0, 0, 0, 0, 'Duyệt tự động - không chấm công', 0, 0, 0, '2019-11-18 10:26:05', NULL, 150),
(1029, NULL, NULL, '2019-11-06 00:00:00', 0, 0, 0, 0, 'Duyệt tự động - không chấm công', 0, 0, 0, '2019-11-18 10:26:05', NULL, 150),
(1030, NULL, NULL, '2019-11-07 00:00:00', 0, 0, 0, 0, 'Duyệt tự động - không chấm công', 0, 0, 0, '2019-11-18 10:26:05', NULL, 150),
(1031, NULL, NULL, '2019-11-08 00:00:00', 0, 0, 0, 0, 'Duyệt tự động - không chấm công', 0, 0, 0, '2019-11-18 10:26:05', NULL, 150),
(1032, NULL, NULL, '2019-11-09 00:00:00', 0, 0, 0, 0, 'Duyệt tự động - không chấm công', 0, 0, 0, '2019-11-18 10:26:05', NULL, 150),
(1033, NULL, NULL, '2019-11-11 00:00:00', 0, 0, 0, 0, 'Duyệt tự động - không chấm công', 0, 0, 0, '2019-11-18 10:26:06', NULL, 150),
(1034, NULL, NULL, '2019-11-12 00:00:00', 0, 0, 0, 0, 'Duyệt tự động - không chấm công', 0, 0, 0, '2019-11-18 10:26:06', NULL, 150),
(1035, NULL, NULL, '2019-11-13 00:00:00', 0, 0, 0, 0, 'Duyệt tự động - không chấm công', 0, 0, 0, '2019-11-18 10:26:06', NULL, 150),
(1036, NULL, NULL, '2019-11-14 00:00:00', 0, 0, 0, 0, 'Duyệt tự động - không chấm công', 0, 0, 0, '2019-11-18 10:26:06', NULL, 150),
(1037, NULL, NULL, '2019-11-15 00:00:00', 0, 0, 0, 0, 'Duyệt tự động - không chấm công', 0, 0, 0, '2019-11-18 10:26:06', NULL, 150),
(1038, NULL, NULL, '2019-11-16 00:00:00', 0, 0, 0, 0, 'Duyệt tự động - không chấm công', 0, 0, 0, '2019-11-18 10:26:06', NULL, 150),
(1039, NULL, NULL, '2019-11-01 00:00:00', 0, 0, 0, 0, 'Duyệt tự động - không chấm công', 0, 0, 0, '2019-11-18 10:26:06', NULL, 151),
(1040, NULL, NULL, '2019-11-02 00:00:00', 0, 0, 0, 0, 'Duyệt tự động - không chấm công', 0, 0, 0, '2019-11-18 10:26:06', NULL, 151),
(1041, NULL, NULL, '2019-11-04 00:00:00', 0, 0, 0, 0, 'Duyệt tự động - không chấm công', 0, 0, 0, '2019-11-18 10:26:06', NULL, 151),
(1042, NULL, NULL, '2019-11-05 00:00:00', 0, 0, 0, 0, 'Duyệt tự động - không chấm công', 0, 0, 0, '2019-11-18 10:26:06', NULL, 151),
(1043, NULL, NULL, '2019-11-06 00:00:00', 0, 0, 0, 0, 'Duyệt tự động - không chấm công', 0, 0, 0, '2019-11-18 10:26:06', NULL, 151),
(1044, NULL, NULL, '2019-11-07 00:00:00', 0, 0, 0, 0, 'Duyệt tự động - không chấm công', 0, 0, 0, '2019-11-18 10:26:06', NULL, 151),
(1045, NULL, NULL, '2019-11-08 00:00:00', 0, 0, 0, 0, 'Duyệt tự động - không chấm công', 0, 0, 0, '2019-11-18 10:26:07', NULL, 151),
(1046, NULL, NULL, '2019-11-09 00:00:00', 0, 0, 0, 0, 'Duyệt tự động - không chấm công', 0, 0, 0, '2019-11-18 10:26:07', NULL, 151),
(1047, NULL, NULL, '2019-11-11 00:00:00', 0, 0, 0, 0, 'Duyệt tự động - không chấm công', 0, 0, 0, '2019-11-18 10:26:07', NULL, 151),
(1048, NULL, NULL, '2019-11-12 00:00:00', 0, 0, 0, 0, 'Duyệt tự động - không chấm công', 0, 0, 0, '2019-11-18 10:26:07', NULL, 151),
(1049, NULL, NULL, '2019-11-13 00:00:00', 0, 0, 0, 0, 'Duyệt tự động - không chấm công', 0, 0, 0, '2019-11-18 10:26:07', NULL, 151),
(1050, NULL, NULL, '2019-11-14 00:00:00', 0, 0, 0, 0, 'Duyệt tự động - không chấm công', 0, 0, 0, '2019-11-18 10:26:07', NULL, 151),
(1051, NULL, NULL, '2019-11-15 00:00:00', 0, 0, 0, 0, 'Duyệt tự động - không chấm công', 0, 0, 0, '2019-11-18 10:26:07', NULL, 151),
(1052, NULL, NULL, '2019-11-16 00:00:00', 0, 0, 0, 0, 'Duyệt tự động - không chấm công', 0, 0, 0, '2019-11-18 10:26:07', NULL, 151),
(1053, NULL, NULL, '2019-11-01 00:00:00', 0, 0, 0, 0, 'Duyệt tự động - không chấm công', 0, 0, 0, '2019-11-18 10:26:07', NULL, 152),
(1054, NULL, NULL, '2019-11-02 00:00:00', 0, 0, 0, 0, 'Duyệt tự động - không chấm công', 0, 0, 0, '2019-11-18 10:26:07', NULL, 152),
(1055, NULL, NULL, '2019-11-04 00:00:00', 0, 0, 0, 0, 'Duyệt tự động - không chấm công', 0, 0, 0, '2019-11-18 10:26:08', NULL, 152),
(1056, NULL, NULL, '2019-11-05 00:00:00', 0, 0, 0, 0, 'Duyệt tự động - không chấm công', 0, 0, 0, '2019-11-18 10:26:08', NULL, 152),
(1057, NULL, NULL, '2019-11-06 00:00:00', 0, 0, 0, 0, 'Duyệt tự động - không chấm công', 0, 0, 0, '2019-11-18 10:26:08', NULL, 152),
(1058, NULL, NULL, '2019-11-07 00:00:00', 0, 0, 0, 0, 'Duyệt tự động - không chấm công', 0, 0, 0, '2019-11-18 10:26:08', NULL, 152),
(1059, NULL, NULL, '2019-11-08 00:00:00', 0, 0, 0, 0, 'Duyệt tự động - không chấm công', 0, 0, 0, '2019-11-18 10:26:08', NULL, 152),
(1060, NULL, NULL, '2019-11-09 00:00:00', 0, 0, 0, 0, 'Duyệt tự động - không chấm công', 0, 0, 0, '2019-11-18 10:26:08', NULL, 152),
(1061, NULL, NULL, '2019-11-11 00:00:00', 0, 0, 0, 0, 'Duyệt tự động - không chấm công', 0, 0, 0, '2019-11-18 10:26:08', NULL, 152),
(1062, NULL, NULL, '2019-11-12 00:00:00', 0, 0, 0, 0, 'Duyệt tự động - không chấm công', 0, 0, 0, '2019-11-18 10:26:08', NULL, 152),
(1063, NULL, NULL, '2019-11-13 00:00:00', 0, 0, 0, 0, 'Duyệt tự động - không chấm công', 0, 0, 0, '2019-11-18 10:26:08', NULL, 152),
(1064, NULL, NULL, '2019-11-14 00:00:00', 0, 0, 0, 0, 'Duyệt tự động - không chấm công', 0, 0, 0, '2019-11-18 10:26:08', NULL, 152),
(1065, NULL, NULL, '2019-11-15 00:00:00', 0, 0, 0, 0, 'Duyệt tự động - không chấm công', 0, 0, 0, '2019-11-18 10:26:09', NULL, 152),
(1066, NULL, NULL, '2019-11-16 00:00:00', 0, 0, 0, 0, 'Duyệt tự động - không chấm công', 0, 0, 0, '2019-11-18 10:26:09', NULL, 152),
(1067, NULL, NULL, '2019-11-01 00:00:00', 0, 0, 0, 0, 'Duyệt tự động - không chấm công', 0, 0, 0, '2019-11-18 10:26:09', NULL, 153),
(1068, NULL, NULL, '2019-11-02 00:00:00', 0, 0, 0, 0, 'Duyệt tự động - không chấm công', 0, 0, 0, '2019-11-18 10:26:09', NULL, 153),
(1069, NULL, NULL, '2019-11-04 00:00:00', 0, 0, 0, 0, 'Duyệt tự động - không chấm công', 0, 0, 0, '2019-11-18 10:26:09', NULL, 153),
(1070, NULL, NULL, '2019-11-05 00:00:00', 0, 0, 0, 0, 'Duyệt tự động - không chấm công', 0, 0, 0, '2019-11-18 10:26:09', NULL, 153),
(1071, NULL, NULL, '2019-11-06 00:00:00', 0, 0, 0, 0, 'Duyệt tự động - không chấm công', 0, 0, 0, '2019-11-18 10:26:09', NULL, 153),
(1072, NULL, NULL, '2019-11-07 00:00:00', 0, 0, 0, 0, 'Duyệt tự động - không chấm công', 0, 0, 0, '2019-11-18 10:26:09', NULL, 153),
(1073, NULL, NULL, '2019-11-08 00:00:00', 0, 0, 0, 0, 'Duyệt tự động - không chấm công', 0, 0, 0, '2019-11-18 10:26:09', NULL, 153),
(1074, NULL, NULL, '2019-11-09 00:00:00', 0, 0, 0, 0, 'Duyệt tự động - không chấm công', 0, 0, 0, '2019-11-18 10:26:09', NULL, 153),
(1075, NULL, NULL, '2019-11-11 00:00:00', 0, 0, 0, 0, 'Duyệt tự động - không chấm công', 0, 0, 0, '2019-11-18 10:26:09', NULL, 153),
(1076, NULL, NULL, '2019-11-12 00:00:00', 0, 0, 0, 0, 'Duyệt tự động - không chấm công', 0, 0, 0, '2019-11-18 10:26:09', NULL, 153),
(1077, NULL, NULL, '2019-11-13 00:00:00', 0, 0, 0, 0, 'Duyệt tự động - không chấm công', 0, 0, 0, '2019-11-18 10:26:09', NULL, 153),
(1078, NULL, NULL, '2019-11-14 00:00:00', 0, 0, 0, 0, 'Duyệt tự động - không chấm công', 0, 0, 0, '2019-11-18 10:26:09', NULL, 153),
(1079, NULL, NULL, '2019-11-15 00:00:00', 0, 0, 0, 0, 'Duyệt tự động - không chấm công', 0, 0, 0, '2019-11-18 10:26:09', NULL, 153),
(1080, NULL, NULL, '2019-11-16 00:00:00', 0, 0, 0, 0, 'Duyệt tự động - không chấm công', 0, 0, 0, '2019-11-18 10:26:09', NULL, 153),
(1081, NULL, NULL, '2019-11-01 00:00:00', 0, 0, 0, 0, 'Duyệt tự động - không chấm công', 0, 0, 0, '2019-11-18 10:26:09', NULL, 154),
(1082, NULL, NULL, '2019-11-02 00:00:00', 0, 0, 0, 0, 'Duyệt tự động - không chấm công', 0, 0, 0, '2019-11-18 10:26:09', NULL, 154),
(1083, NULL, NULL, '2019-11-04 00:00:00', 0, 0, 0, 0, 'Duyệt tự động - không chấm công', 0, 0, 0, '2019-11-18 10:26:10', NULL, 154),
(1084, NULL, NULL, '2019-11-05 00:00:00', 0, 0, 0, 0, 'Duyệt tự động - không chấm công', 0, 0, 0, '2019-11-18 10:26:10', NULL, 154),
(1085, NULL, NULL, '2019-11-06 00:00:00', 0, 0, 0, 0, 'Duyệt tự động - không chấm công', 0, 0, 0, '2019-11-18 10:26:10', NULL, 154),
(1086, NULL, NULL, '2019-11-07 00:00:00', 0, 0, 0, 0, 'Duyệt tự động - không chấm công', 0, 0, 0, '2019-11-18 10:26:10', NULL, 154),
(1087, NULL, NULL, '2019-11-08 00:00:00', 0, 0, 0, 0, 'Duyệt tự động - không chấm công', 0, 0, 0, '2019-11-18 10:26:10', NULL, 154),
(1088, NULL, NULL, '2019-11-09 00:00:00', 0, 0, 0, 0, 'Duyệt tự động - không chấm công', 0, 0, 0, '2019-11-18 10:26:10', NULL, 154),
(1089, NULL, NULL, '2019-11-11 00:00:00', 0, 0, 0, 0, 'Duyệt tự động - không chấm công', 0, 0, 0, '2019-11-18 10:26:10', NULL, 154),
(1090, NULL, NULL, '2019-11-12 00:00:00', 0, 0, 0, 0, 'Duyệt tự động - không chấm công', 0, 0, 0, '2019-11-18 10:26:10', NULL, 154),
(1091, NULL, NULL, '2019-11-13 00:00:00', 0, 0, 0, 0, 'Duyệt tự động - không chấm công', 0, 0, 0, '2019-11-18 10:26:10', NULL, 154),
(1092, NULL, NULL, '2019-11-14 00:00:00', 0, 0, 0, 0, 'Duyệt tự động - không chấm công', 0, 0, 0, '2019-11-18 10:26:10', NULL, 154),
(1093, NULL, NULL, '2019-11-15 00:00:00', 0, 0, 0, 0, 'Duyệt tự động - không chấm công', 0, 0, 0, '2019-11-18 10:26:10', NULL, 154),
(1094, NULL, NULL, '2019-11-16 00:00:00', 0, 0, 0, 0, 'Duyệt tự động - không chấm công', 0, 0, 0, '2019-11-18 10:26:11', NULL, 154),
(1095, NULL, NULL, '2019-11-01 00:00:00', 0, 0, 0, 0, 'Duyệt tự động - không chấm công', 0, 0, 0, '2019-11-18 10:26:11', NULL, 155),
(1096, NULL, NULL, '2019-11-02 00:00:00', 0, 0, 0, 0, 'Duyệt tự động - không chấm công', 0, 0, 0, '2019-11-18 10:26:11', NULL, 155),
(1097, NULL, NULL, '2019-11-04 00:00:00', 0, 0, 0, 0, 'Duyệt tự động - không chấm công', 0, 0, 0, '2019-11-18 10:26:11', NULL, 155),
(1098, NULL, NULL, '2019-11-05 00:00:00', 0, 0, 0, 0, 'Duyệt tự động - không chấm công', 0, 0, 0, '2019-11-18 10:26:11', NULL, 155),
(1099, NULL, NULL, '2019-11-06 00:00:00', 0, 0, 0, 0, 'Duyệt tự động - không chấm công', 0, 0, 0, '2019-11-18 10:26:11', NULL, 155),
(1100, NULL, NULL, '2019-11-07 00:00:00', 0, 0, 0, 0, 'Duyệt tự động - không chấm công', 0, 0, 0, '2019-11-18 10:26:11', NULL, 155),
(1101, NULL, NULL, '2019-11-08 00:00:00', 0, 0, 0, 0, 'Duyệt tự động - không chấm công', 0, 0, 0, '2019-11-18 10:26:11', NULL, 155),
(1102, NULL, NULL, '2019-11-09 00:00:00', 0, 0, 0, 0, 'Duyệt tự động - không chấm công', 0, 0, 0, '2019-11-18 10:26:11', NULL, 155),
(1103, NULL, NULL, '2019-11-11 00:00:00', 0, 0, 0, 0, 'Duyệt tự động - không chấm công', 0, 0, 0, '2019-11-18 10:26:11', NULL, 155),
(1104, NULL, NULL, '2019-11-12 00:00:00', 0, 0, 0, 0, 'Duyệt tự động - không chấm công', 0, 0, 0, '2019-11-18 10:26:12', NULL, 155),
(1105, NULL, NULL, '2019-11-13 00:00:00', 0, 0, 0, 0, 'Duyệt tự động - không chấm công', 0, 0, 0, '2019-11-18 10:26:12', NULL, 155),
(1106, NULL, NULL, '2019-11-14 00:00:00', 0, 0, 0, 0, 'Duyệt tự động - không chấm công', 0, 0, 0, '2019-11-18 10:26:12', NULL, 155),
(1107, NULL, NULL, '2019-11-15 00:00:00', 0, 0, 0, 0, 'Duyệt tự động - không chấm công', 0, 0, 0, '2019-11-18 10:26:12', NULL, 155),
(1108, NULL, NULL, '2019-11-16 00:00:00', 0, 0, 0, 0, 'Duyệt tự động - không chấm công', 0, 0, 0, '2019-11-18 10:26:12', NULL, 155),
(1109, NULL, NULL, '2019-11-01 00:00:00', 0, 0, 0, 0, 'Duyệt tự động - không chấm công', 0, 0, 0, '2019-11-18 10:26:12', NULL, 156),
(1110, NULL, NULL, '2019-11-02 00:00:00', 0, 0, 0, 0, 'Duyệt tự động - không chấm công', 0, 0, 0, '2019-11-18 10:26:12', NULL, 156),
(1111, NULL, NULL, '2019-11-04 00:00:00', 0, 0, 0, 0, 'Duyệt tự động - không chấm công', 0, 0, 0, '2019-11-18 10:26:12', NULL, 156),
(1112, NULL, NULL, '2019-11-05 00:00:00', 0, 0, 0, 0, 'Duyệt tự động - không chấm công', 0, 0, 0, '2019-11-18 10:26:12', NULL, 156),
(1113, NULL, NULL, '2019-11-06 00:00:00', 0, 0, 0, 0, 'Duyệt tự động - không chấm công', 0, 0, 0, '2019-11-18 10:26:12', NULL, 156),
(1114, NULL, NULL, '2019-11-07 00:00:00', 0, 0, 0, 0, 'Duyệt tự động - không chấm công', 0, 0, 0, '2019-11-18 10:26:12', NULL, 156),
(1115, NULL, NULL, '2019-11-08 00:00:00', 0, 0, 0, 0, 'Duyệt tự động - không chấm công', 0, 0, 0, '2019-11-18 10:26:12', NULL, 156),
(1116, NULL, NULL, '2019-11-09 00:00:00', 0, 0, 0, 0, 'Duyệt tự động - không chấm công', 0, 0, 0, '2019-11-18 10:26:13', NULL, 156),
(1117, NULL, NULL, '2019-11-11 00:00:00', 0, 0, 0, 0, 'Duyệt tự động - không chấm công', 0, 0, 0, '2019-11-18 10:26:13', NULL, 156),
(1118, NULL, NULL, '2019-11-12 00:00:00', 0, 0, 0, 0, 'Duyệt tự động - không chấm công', 0, 0, 0, '2019-11-18 10:26:13', NULL, 156),
(1119, NULL, NULL, '2019-11-13 00:00:00', 0, 0, 0, 0, 'Duyệt tự động - không chấm công', 0, 0, 0, '2019-11-18 10:26:13', NULL, 156),
(1120, NULL, NULL, '2019-11-14 00:00:00', 0, 0, 0, 0, 'Duyệt tự động - không chấm công', 0, 0, 0, '2019-11-18 10:26:13', NULL, 156),
(1121, NULL, NULL, '2019-11-15 00:00:00', 0, 0, 0, 0, 'Duyệt tự động - không chấm công', 0, 0, 0, '2019-11-18 10:26:13', NULL, 156),
(1122, NULL, NULL, '2019-11-16 00:00:00', 0, 0, 0, 0, 'Duyệt tự động - không chấm công', 0, 0, 0, '2019-11-18 10:26:13', NULL, 156),
(1123, NULL, NULL, '2019-11-01 00:00:00', 0, 0, 0, 0, 'Duyệt tự động - không chấm công', 0, 0, 0, '2019-11-18 10:26:13', NULL, 157),
(1124, NULL, NULL, '2019-11-02 00:00:00', 0, 0, 0, 0, 'Duyệt tự động - không chấm công', 0, 0, 0, '2019-11-18 10:26:13', NULL, 157),
(1125, NULL, NULL, '2019-11-04 00:00:00', 0, 0, 0, 0, 'Duyệt tự động - không chấm công', 0, 0, 0, '2019-11-18 10:26:13', NULL, 157),
(1126, NULL, NULL, '2019-11-05 00:00:00', 0, 0, 0, 0, 'Duyệt tự động - không chấm công', 0, 0, 0, '2019-11-18 10:26:14', NULL, 157),
(1127, NULL, NULL, '2019-11-06 00:00:00', 0, 0, 0, 0, 'Duyệt tự động - không chấm công', 0, 0, 0, '2019-11-18 10:26:14', NULL, 157),
(1128, NULL, NULL, '2019-11-07 00:00:00', 0, 0, 0, 0, 'Duyệt tự động - không chấm công', 0, 0, 0, '2019-11-18 10:26:14', NULL, 157),
(1129, NULL, NULL, '2019-11-08 00:00:00', 0, 0, 0, 0, 'Duyệt tự động - không chấm công', 0, 0, 0, '2019-11-18 10:26:14', NULL, 157),
(1130, NULL, NULL, '2019-11-09 00:00:00', 0, 0, 0, 0, 'Duyệt tự động - không chấm công', 0, 0, 0, '2019-11-18 10:26:14', NULL, 157),
(1131, NULL, NULL, '2019-11-11 00:00:00', 0, 0, 0, 0, 'Duyệt tự động - không chấm công', 0, 0, 0, '2019-11-18 10:26:14', NULL, 157),
(1132, NULL, NULL, '2019-11-12 00:00:00', 0, 0, 0, 0, 'Duyệt tự động - không chấm công', 0, 0, 0, '2019-11-18 10:26:14', NULL, 157),
(1133, NULL, NULL, '2019-11-13 00:00:00', 0, 0, 0, 0, 'Duyệt tự động - không chấm công', 0, 0, 0, '2019-11-18 10:26:14', NULL, 157),
(1134, NULL, NULL, '2019-11-14 00:00:00', 0, 0, 0, 0, 'Duyệt tự động - không chấm công', 0, 0, 0, '2019-11-18 10:26:14', NULL, 157),
(1135, NULL, NULL, '2019-11-15 00:00:00', 0, 0, 0, 0, 'Duyệt tự động - không chấm công', 0, 0, 0, '2019-11-18 10:26:14', NULL, 157),
(1136, NULL, NULL, '2019-11-16 00:00:00', 0, 0, 0, 0, 'Duyệt tự động - không chấm công', 0, 0, 0, '2019-11-18 10:26:14', NULL, 157),
(1137, NULL, NULL, '2019-11-18 00:00:00', 0, 0, 0, 0, 'Duyệt tự động - không chấm công', 0, 0, 0, '2019-11-19 18:31:53', NULL, 150),
(1138, '2019-11-18 10:26:00', NULL, NULL, 0, 0, 0, 0, 'Duyệt tự động - không báo giờ ra', 0, 1, 0, '2019-11-19 18:31:53', NULL, 151),
(1139, NULL, NULL, '2019-11-18 00:00:00', 0, 0, 0, 0, 'Duyệt tự động - không chấm công', 0, 0, 0, '2019-11-19 18:31:53', NULL, 152),
(1140, NULL, NULL, '2019-11-18 00:00:00', 0, 0, 0, 0, 'Duyệt tự động - không chấm công', 0, 0, 0, '2019-11-19 18:31:54', NULL, 153),
(1141, NULL, NULL, '2019-11-18 00:00:00', 0, 0, 0, 0, 'Duyệt tự động - không chấm công', 0, 0, 0, '2019-11-19 18:31:54', NULL, 154),
(1142, NULL, NULL, '2019-11-18 00:00:00', 0, 0, 0, 0, 'Duyệt tự động - không chấm công', 0, 0, 0, '2019-11-19 18:31:54', NULL, 155),
(1143, NULL, NULL, '2019-11-18 00:00:00', 0, 0, 0, 0, 'Duyệt tự động - không chấm công', 0, 0, 0, '2019-11-19 18:31:54', NULL, 156),
(1144, NULL, NULL, '2019-11-18 00:00:00', 0, 0, 0, 0, 'Duyệt tự động - không chấm công', 0, 0, 0, '2019-11-19 18:31:55', NULL, 157),
(1145, '2019-11-19 18:31:00', '2019-11-20 00:30:00', NULL, 0, 61, 420, 0, NULL, 1, 1, 0, '2019-11-19 18:32:45', 1, 151),
(1146, NULL, NULL, '2019-11-19 00:00:00', 0, 0, 0, 0, 'Duyệt tự động - không chấm công', 0, 0, 0, '2019-11-22 16:17:16', NULL, 150),
(1147, NULL, NULL, '2019-11-20 00:00:00', 0, 0, 0, 0, 'Duyệt tự động - không chấm công', 0, 0, 0, '2019-11-22 16:17:16', NULL, 150),
(1148, NULL, NULL, '2019-11-21 00:00:00', 0, 0, 0, 0, 'Duyệt tự động - không chấm công', 0, 0, 0, '2019-11-22 16:17:16', NULL, 150),
(1149, NULL, NULL, '2019-11-20 00:00:00', 0, 0, 0, 0, 'Duyệt tự động - không chấm công', 0, 0, 0, '2019-11-22 16:17:17', NULL, 151),
(1150, NULL, NULL, '2019-11-21 00:00:00', 0, 0, 0, 0, 'Duyệt tự động - không chấm công', 0, 0, 0, '2019-11-22 16:17:17', NULL, 151),
(1151, NULL, NULL, '2019-11-19 00:00:00', 0, 0, 0, 0, 'Duyệt tự động - không chấm công', 0, 0, 0, '2019-11-22 16:17:17', NULL, 152),
(1152, NULL, NULL, '2019-11-20 00:00:00', 0, 0, 0, 0, 'Duyệt tự động - không chấm công', 0, 0, 0, '2019-11-22 16:17:17', NULL, 152),
(1153, NULL, NULL, '2019-11-21 00:00:00', 0, 0, 0, 0, 'Duyệt tự động - không chấm công', 0, 0, 0, '2019-11-22 16:17:17', NULL, 152),
(1154, NULL, NULL, '2019-11-19 00:00:00', 0, 0, 0, 0, 'Duyệt tự động - không chấm công', 0, 0, 0, '2019-11-22 16:17:18', NULL, 153),
(1155, NULL, NULL, '2019-11-20 00:00:00', 0, 0, 0, 0, 'Duyệt tự động - không chấm công', 0, 0, 0, '2019-11-22 16:17:18', NULL, 153),
(1156, NULL, NULL, '2019-11-21 00:00:00', 0, 0, 0, 0, 'Duyệt tự động - không chấm công', 0, 0, 0, '2019-11-22 16:17:18', NULL, 153),
(1157, NULL, NULL, '2019-11-19 00:00:00', 0, 0, 0, 0, 'Duyệt tự động - không chấm công', 0, 0, 0, '2019-11-22 16:17:18', NULL, 154);
INSERT INTO `qc_timekeeping` (`timekeeping_id`, `timeBegin`, `timeEnd`, `dateOff`, `afternoonStatus`, `mainMinute`, `plusMinute`, `minusMinute`, `note`, `lateStatus`, `permissionStatus`, `workStatus`, `created_at`, `staffCheck_id`, `work_id`) VALUES
(1158, NULL, NULL, '2019-11-20 00:00:00', 0, 0, 0, 0, 'Duyệt tự động - không chấm công', 0, 0, 0, '2019-11-22 16:17:18', NULL, 154),
(1159, NULL, NULL, '2019-11-21 00:00:00', 0, 0, 0, 0, 'Duyệt tự động - không chấm công', 0, 0, 0, '2019-11-22 16:17:18', NULL, 154),
(1160, NULL, NULL, '2019-11-19 00:00:00', 0, 0, 0, 0, 'Duyệt tự động - không chấm công', 0, 0, 0, '2019-11-22 16:17:19', NULL, 155),
(1161, NULL, NULL, '2019-11-20 00:00:00', 0, 0, 0, 0, 'Duyệt tự động - không chấm công', 0, 0, 0, '2019-11-22 16:17:19', NULL, 155),
(1162, NULL, NULL, '2019-11-21 00:00:00', 0, 0, 0, 0, 'Duyệt tự động - không chấm công', 0, 0, 0, '2019-11-22 16:17:19', NULL, 155),
(1163, NULL, NULL, '2019-11-19 00:00:00', 0, 0, 0, 0, 'Duyệt tự động - không chấm công', 0, 0, 0, '2019-11-22 16:17:19', NULL, 156),
(1164, NULL, NULL, '2019-11-20 00:00:00', 0, 0, 0, 0, 'Duyệt tự động - không chấm công', 0, 0, 0, '2019-11-22 16:17:19', NULL, 156),
(1165, NULL, NULL, '2019-11-21 00:00:00', 0, 0, 0, 0, 'Duyệt tự động - không chấm công', 0, 0, 0, '2019-11-22 16:17:19', NULL, 156),
(1166, NULL, NULL, '2019-11-19 00:00:00', 0, 0, 0, 0, 'Duyệt tự động - không chấm công', 0, 0, 0, '2019-11-22 16:17:20', NULL, 157),
(1167, NULL, NULL, '2019-11-20 00:00:00', 0, 0, 0, 0, 'Duyệt tự động - không chấm công', 0, 0, 0, '2019-11-22 16:17:20', NULL, 157),
(1168, NULL, NULL, '2019-11-21 00:00:00', 0, 0, 0, 0, 'Duyệt tự động - không chấm công', 0, 0, 0, '2019-11-22 16:17:20', NULL, 157),
(1169, NULL, NULL, '2019-11-22 00:00:00', 0, 0, 0, 0, 'Duyệt tự động - không chấm công', 0, 0, 0, '2019-11-26 18:08:20', NULL, 150),
(1170, NULL, NULL, '2019-11-23 00:00:00', 0, 0, 0, 0, 'Duyệt tự động - không chấm công', 0, 0, 0, '2019-11-26 18:08:20', NULL, 150),
(1171, NULL, NULL, '2019-11-25 00:00:00', 0, 0, 0, 0, 'Duyệt tự động - không chấm công', 0, 0, 0, '2019-11-26 18:08:21', NULL, 150),
(1172, NULL, NULL, '2019-11-22 00:00:00', 0, 0, 0, 0, 'Duyệt tự động - không chấm công', 0, 0, 0, '2019-11-26 18:08:21', NULL, 151),
(1173, NULL, NULL, '2019-11-23 00:00:00', 0, 0, 0, 0, 'Duyệt tự động - không chấm công', 0, 0, 0, '2019-11-26 18:08:21', NULL, 151),
(1174, NULL, NULL, '2019-11-25 00:00:00', 0, 0, 0, 0, 'Duyệt tự động - không chấm công', 0, 0, 0, '2019-11-26 18:08:21', NULL, 151),
(1175, NULL, NULL, '2019-11-22 00:00:00', 0, 0, 0, 0, 'Duyệt tự động - không chấm công', 0, 0, 0, '2019-11-26 18:08:21', NULL, 152),
(1176, NULL, NULL, '2019-11-23 00:00:00', 0, 0, 0, 0, 'Duyệt tự động - không chấm công', 0, 0, 0, '2019-11-26 18:08:22', NULL, 152),
(1177, NULL, NULL, '2019-11-25 00:00:00', 0, 0, 0, 0, 'Duyệt tự động - không chấm công', 0, 0, 0, '2019-11-26 18:08:22', NULL, 152),
(1178, NULL, NULL, '2019-11-22 00:00:00', 0, 0, 0, 0, 'Duyệt tự động - không chấm công', 0, 0, 0, '2019-11-26 18:08:22', NULL, 153),
(1179, NULL, NULL, '2019-11-23 00:00:00', 0, 0, 0, 0, 'Duyệt tự động - không chấm công', 0, 0, 0, '2019-11-26 18:08:22', NULL, 153),
(1180, NULL, NULL, '2019-11-25 00:00:00', 0, 0, 0, 0, 'Duyệt tự động - không chấm công', 0, 0, 0, '2019-11-26 18:08:22', NULL, 153),
(1181, NULL, NULL, '2019-11-22 00:00:00', 0, 0, 0, 0, 'Duyệt tự động - không chấm công', 0, 0, 0, '2019-11-26 18:08:23', NULL, 154),
(1182, NULL, NULL, '2019-11-23 00:00:00', 0, 0, 0, 0, 'Duyệt tự động - không chấm công', 0, 0, 0, '2019-11-26 18:08:23', NULL, 154),
(1183, NULL, NULL, '2019-11-25 00:00:00', 0, 0, 0, 0, 'Duyệt tự động - không chấm công', 0, 0, 0, '2019-11-26 18:08:23', NULL, 154),
(1184, NULL, NULL, '2019-11-22 00:00:00', 0, 0, 0, 0, 'Duyệt tự động - không chấm công', 0, 0, 0, '2019-11-26 18:08:23', NULL, 155),
(1185, NULL, NULL, '2019-11-23 00:00:00', 0, 0, 0, 0, 'Duyệt tự động - không chấm công', 0, 0, 0, '2019-11-26 18:08:23', NULL, 155),
(1186, NULL, NULL, '2019-11-25 00:00:00', 0, 0, 0, 0, 'Duyệt tự động - không chấm công', 0, 0, 0, '2019-11-26 18:08:23', NULL, 155),
(1187, NULL, NULL, '2019-11-22 00:00:00', 0, 0, 0, 0, 'Duyệt tự động - không chấm công', 0, 0, 0, '2019-11-26 18:08:24', NULL, 156),
(1188, NULL, NULL, '2019-11-23 00:00:00', 0, 0, 0, 0, 'Duyệt tự động - không chấm công', 0, 0, 0, '2019-11-26 18:08:24', NULL, 156),
(1189, NULL, NULL, '2019-11-25 00:00:00', 0, 0, 0, 0, 'Duyệt tự động - không chấm công', 0, 0, 0, '2019-11-26 18:08:24', NULL, 156),
(1190, NULL, NULL, '2019-11-22 00:00:00', 0, 0, 0, 0, 'Duyệt tự động - không chấm công', 0, 0, 0, '2019-11-26 18:08:24', NULL, 157),
(1191, NULL, NULL, '2019-11-23 00:00:00', 0, 0, 0, 0, 'Duyệt tự động - không chấm công', 0, 0, 0, '2019-11-26 18:08:24', NULL, 157),
(1192, NULL, NULL, '2019-11-25 00:00:00', 0, 0, 0, 0, 'Duyệt tự động - không chấm công', 0, 0, 0, '2019-11-26 18:08:24', NULL, 157),
(1193, '2019-12-02 10:20:00', '2019-12-02 23:30:00', NULL, 1, 340, 420, 0, NULL, 1, 1, 0, '2019-12-03 00:11:06', 1, 164),
(1194, NULL, NULL, '2019-12-02 00:00:00', 0, 0, 0, 0, 'Duyệt tự động - không chấm công', 0, 0, 0, '2019-12-14 14:25:38', NULL, 158),
(1195, NULL, NULL, '2019-12-03 00:00:00', 0, 0, 0, 0, 'Duyệt tự động - không chấm công', 0, 0, 0, '2019-12-14 14:25:39', NULL, 158),
(1196, NULL, NULL, '2019-12-04 00:00:00', 0, 0, 0, 0, 'Duyệt tự động - không chấm công', 0, 0, 0, '2019-12-14 14:25:39', NULL, 158),
(1197, NULL, NULL, '2019-12-05 00:00:00', 0, 0, 0, 0, 'Duyệt tự động - không chấm công', 0, 0, 0, '2019-12-14 14:25:39', NULL, 158),
(1198, NULL, NULL, '2019-12-06 00:00:00', 0, 0, 0, 0, 'Duyệt tự động - không chấm công', 0, 0, 0, '2019-12-14 14:25:39', NULL, 158),
(1199, NULL, NULL, '2019-12-07 00:00:00', 0, 0, 0, 0, 'Duyệt tự động - không chấm công', 0, 0, 0, '2019-12-14 14:25:39', NULL, 158),
(1200, NULL, NULL, '2019-12-09 00:00:00', 0, 0, 0, 0, 'Duyệt tự động - không chấm công', 0, 0, 0, '2019-12-14 14:25:39', NULL, 158),
(1201, NULL, NULL, '2019-12-10 00:00:00', 0, 0, 0, 0, 'Duyệt tự động - không chấm công', 0, 0, 0, '2019-12-14 14:25:39', NULL, 158),
(1202, NULL, NULL, '2019-12-11 00:00:00', 0, 0, 0, 0, 'Duyệt tự động - không chấm công', 0, 0, 0, '2019-12-14 14:25:39', NULL, 158),
(1203, NULL, NULL, '2019-12-12 00:00:00', 0, 0, 0, 0, 'Duyệt tự động - không chấm công', 0, 0, 0, '2019-12-14 14:25:39', NULL, 158),
(1204, NULL, NULL, '2019-12-13 00:00:00', 0, 0, 0, 0, 'Duyệt tự động - không chấm công', 0, 0, 0, '2019-12-14 14:25:40', NULL, 158),
(1205, NULL, NULL, '2019-12-02 00:00:00', 0, 0, 0, 0, 'Duyệt tự động - không chấm công', 0, 0, 0, '2019-12-14 14:25:40', NULL, 159),
(1206, NULL, NULL, '2019-12-03 00:00:00', 0, 0, 0, 0, 'Duyệt tự động - không chấm công', 0, 0, 0, '2019-12-14 14:25:40', NULL, 159),
(1207, NULL, NULL, '2019-12-04 00:00:00', 0, 0, 0, 0, 'Duyệt tự động - không chấm công', 0, 0, 0, '2019-12-14 14:25:40', NULL, 159),
(1208, NULL, NULL, '2019-12-05 00:00:00', 0, 0, 0, 0, 'Duyệt tự động - không chấm công', 0, 0, 0, '2019-12-14 14:25:40', NULL, 159),
(1209, NULL, NULL, '2019-12-06 00:00:00', 0, 0, 0, 0, 'Duyệt tự động - không chấm công', 0, 0, 0, '2019-12-14 14:25:40', NULL, 159),
(1210, NULL, NULL, '2019-12-07 00:00:00', 0, 0, 0, 0, 'Duyệt tự động - không chấm công', 0, 0, 0, '2019-12-14 14:25:40', NULL, 159),
(1211, NULL, NULL, '2019-12-09 00:00:00', 0, 0, 0, 0, 'Duyệt tự động - không chấm công', 0, 0, 0, '2019-12-14 14:25:40', NULL, 159),
(1212, NULL, NULL, '2019-12-10 00:00:00', 0, 0, 0, 0, 'Duyệt tự động - không chấm công', 0, 0, 0, '2019-12-14 14:25:41', NULL, 159),
(1213, NULL, NULL, '2019-12-11 00:00:00', 0, 0, 0, 0, 'Duyệt tự động - không chấm công', 0, 0, 0, '2019-12-14 14:25:41', NULL, 159),
(1214, NULL, NULL, '2019-12-12 00:00:00', 0, 0, 0, 0, 'Duyệt tự động - không chấm công', 0, 0, 0, '2019-12-14 14:25:41', NULL, 159),
(1215, NULL, NULL, '2019-12-13 00:00:00', 0, 0, 0, 0, 'Duyệt tự động - không chấm công', 0, 0, 0, '2019-12-14 14:25:41', NULL, 159),
(1216, NULL, NULL, '2019-12-02 00:00:00', 0, 0, 0, 0, 'Duyệt tự động - không chấm công', 0, 0, 0, '2019-12-14 14:25:41', NULL, 160),
(1217, NULL, NULL, '2019-12-03 00:00:00', 0, 0, 0, 0, 'Duyệt tự động - không chấm công', 0, 0, 0, '2019-12-14 14:25:41', NULL, 160),
(1218, NULL, NULL, '2019-12-04 00:00:00', 0, 0, 0, 0, 'Duyệt tự động - không chấm công', 0, 0, 0, '2019-12-14 14:25:41', NULL, 160),
(1219, NULL, NULL, '2019-12-05 00:00:00', 0, 0, 0, 0, 'Duyệt tự động - không chấm công', 0, 0, 0, '2019-12-14 14:25:41', NULL, 160),
(1220, NULL, NULL, '2019-12-06 00:00:00', 0, 0, 0, 0, 'Duyệt tự động - không chấm công', 0, 0, 0, '2019-12-14 14:25:41', NULL, 160),
(1221, NULL, NULL, '2019-12-07 00:00:00', 0, 0, 0, 0, 'Duyệt tự động - không chấm công', 0, 0, 0, '2019-12-14 14:25:41', NULL, 160),
(1222, NULL, NULL, '2019-12-09 00:00:00', 0, 0, 0, 0, 'Duyệt tự động - không chấm công', 0, 0, 0, '2019-12-14 14:25:41', NULL, 160),
(1223, NULL, NULL, '2019-12-10 00:00:00', 0, 0, 0, 0, 'Duyệt tự động - không chấm công', 0, 0, 0, '2019-12-14 14:25:41', NULL, 160),
(1224, NULL, NULL, '2019-12-11 00:00:00', 0, 0, 0, 0, 'Duyệt tự động - không chấm công', 0, 0, 0, '2019-12-14 14:25:41', NULL, 160),
(1225, NULL, NULL, '2019-12-12 00:00:00', 0, 0, 0, 0, 'Duyệt tự động - không chấm công', 0, 0, 0, '2019-12-14 14:25:42', NULL, 160),
(1226, NULL, NULL, '2019-12-13 00:00:00', 0, 0, 0, 0, 'Duyệt tự động - không chấm công', 0, 0, 0, '2019-12-14 14:25:42', NULL, 160),
(1227, NULL, NULL, '2019-12-02 00:00:00', 0, 0, 0, 0, 'Duyệt tự động - không chấm công', 0, 0, 0, '2019-12-14 14:25:42', NULL, 161),
(1228, NULL, NULL, '2019-12-03 00:00:00', 0, 0, 0, 0, 'Duyệt tự động - không chấm công', 0, 0, 0, '2019-12-14 14:25:42', NULL, 161),
(1229, NULL, NULL, '2019-12-04 00:00:00', 0, 0, 0, 0, 'Duyệt tự động - không chấm công', 0, 0, 0, '2019-12-14 14:25:42', NULL, 161),
(1230, NULL, NULL, '2019-12-05 00:00:00', 0, 0, 0, 0, 'Duyệt tự động - không chấm công', 0, 0, 0, '2019-12-14 14:25:42', NULL, 161),
(1231, NULL, NULL, '2019-12-06 00:00:00', 0, 0, 0, 0, 'Duyệt tự động - không chấm công', 0, 0, 0, '2019-12-14 14:25:42', NULL, 161),
(1232, NULL, NULL, '2019-12-07 00:00:00', 0, 0, 0, 0, 'Duyệt tự động - không chấm công', 0, 0, 0, '2019-12-14 14:25:42', NULL, 161),
(1233, NULL, NULL, '2019-12-09 00:00:00', 0, 0, 0, 0, 'Duyệt tự động - không chấm công', 0, 0, 0, '2019-12-14 14:25:42', NULL, 161),
(1234, NULL, NULL, '2019-12-10 00:00:00', 0, 0, 0, 0, 'Duyệt tự động - không chấm công', 0, 0, 0, '2019-12-14 14:25:42', NULL, 161),
(1235, NULL, NULL, '2019-12-11 00:00:00', 0, 0, 0, 0, 'Duyệt tự động - không chấm công', 0, 0, 0, '2019-12-14 14:25:42', NULL, 161),
(1236, NULL, NULL, '2019-12-12 00:00:00', 0, 0, 0, 0, 'Duyệt tự động - không chấm công', 0, 0, 0, '2019-12-14 14:25:43', NULL, 161),
(1237, NULL, NULL, '2019-12-13 00:00:00', 0, 0, 0, 0, 'Duyệt tự động - không chấm công', 0, 0, 0, '2019-12-14 14:25:43', NULL, 161),
(1238, NULL, NULL, '2019-12-02 00:00:00', 0, 0, 0, 0, 'Duyệt tự động - không chấm công', 0, 0, 0, '2019-12-14 14:25:43', NULL, 162),
(1239, NULL, NULL, '2019-12-03 00:00:00', 0, 0, 0, 0, 'Duyệt tự động - không chấm công', 0, 0, 0, '2019-12-14 14:25:43', NULL, 162),
(1240, NULL, NULL, '2019-12-04 00:00:00', 0, 0, 0, 0, 'Duyệt tự động - không chấm công', 0, 0, 0, '2019-12-14 14:25:43', NULL, 162),
(1241, NULL, NULL, '2019-12-05 00:00:00', 0, 0, 0, 0, 'Duyệt tự động - không chấm công', 0, 0, 0, '2019-12-14 14:25:43', NULL, 162),
(1242, NULL, NULL, '2019-12-06 00:00:00', 0, 0, 0, 0, 'Duyệt tự động - không chấm công', 0, 0, 0, '2019-12-14 14:25:43', NULL, 162),
(1243, NULL, NULL, '2019-12-07 00:00:00', 0, 0, 0, 0, 'Duyệt tự động - không chấm công', 0, 0, 0, '2019-12-14 14:25:43', NULL, 162),
(1244, NULL, NULL, '2019-12-09 00:00:00', 0, 0, 0, 0, 'Duyệt tự động - không chấm công', 0, 0, 0, '2019-12-14 14:25:43', NULL, 162),
(1245, NULL, NULL, '2019-12-10 00:00:00', 0, 0, 0, 0, 'Duyệt tự động - không chấm công', 0, 0, 0, '2019-12-14 14:25:43', NULL, 162),
(1246, NULL, NULL, '2019-12-11 00:00:00', 0, 0, 0, 0, 'Duyệt tự động - không chấm công', 0, 0, 0, '2019-12-14 14:25:43', NULL, 162),
(1247, NULL, NULL, '2019-12-12 00:00:00', 0, 0, 0, 0, 'Duyệt tự động - không chấm công', 0, 0, 0, '2019-12-14 14:25:43', NULL, 162),
(1248, NULL, NULL, '2019-12-13 00:00:00', 0, 0, 0, 0, 'Duyệt tự động - không chấm công', 0, 0, 0, '2019-12-14 14:25:43', NULL, 162),
(1249, NULL, NULL, '2019-12-02 00:00:00', 0, 0, 0, 0, 'Duyệt tự động - không chấm công', 0, 0, 0, '2019-12-14 14:25:43', NULL, 163),
(1250, NULL, NULL, '2019-12-03 00:00:00', 0, 0, 0, 0, 'Duyệt tự động - không chấm công', 0, 0, 0, '2019-12-14 14:25:43', NULL, 163),
(1251, NULL, NULL, '2019-12-04 00:00:00', 0, 0, 0, 0, 'Duyệt tự động - không chấm công', 0, 0, 0, '2019-12-14 14:25:43', NULL, 163),
(1252, NULL, NULL, '2019-12-05 00:00:00', 0, 0, 0, 0, 'Duyệt tự động - không chấm công', 0, 0, 0, '2019-12-14 14:25:43', NULL, 163),
(1253, NULL, NULL, '2019-12-06 00:00:00', 0, 0, 0, 0, 'Duyệt tự động - không chấm công', 0, 0, 0, '2019-12-14 14:25:44', NULL, 163),
(1254, NULL, NULL, '2019-12-07 00:00:00', 0, 0, 0, 0, 'Duyệt tự động - không chấm công', 0, 0, 0, '2019-12-14 14:25:44', NULL, 163),
(1255, NULL, NULL, '2019-12-09 00:00:00', 0, 0, 0, 0, 'Duyệt tự động - không chấm công', 0, 0, 0, '2019-12-14 14:25:44', NULL, 163),
(1256, NULL, NULL, '2019-12-10 00:00:00', 0, 0, 0, 0, 'Duyệt tự động - không chấm công', 0, 0, 0, '2019-12-14 14:25:44', NULL, 163),
(1257, NULL, NULL, '2019-12-11 00:00:00', 0, 0, 0, 0, 'Duyệt tự động - không chấm công', 0, 0, 0, '2019-12-14 14:25:44', NULL, 163),
(1258, NULL, NULL, '2019-12-12 00:00:00', 0, 0, 0, 0, 'Duyệt tự động - không chấm công', 0, 0, 0, '2019-12-14 14:25:44', NULL, 163),
(1259, NULL, NULL, '2019-12-13 00:00:00', 0, 0, 0, 0, 'Duyệt tự động - không chấm công', 0, 0, 0, '2019-12-14 14:25:44', NULL, 163),
(1260, NULL, NULL, '2019-12-03 00:00:00', 0, 0, 0, 0, 'Duyệt tự động - không chấm công', 0, 0, 0, '2019-12-14 14:25:44', NULL, 164),
(1261, NULL, NULL, '2019-12-04 00:00:00', 0, 0, 0, 0, 'Duyệt tự động - không chấm công', 0, 0, 0, '2019-12-14 14:25:44', NULL, 164),
(1262, NULL, NULL, '2019-12-05 00:00:00', 0, 0, 0, 0, 'Duyệt tự động - không chấm công', 0, 0, 0, '2019-12-14 14:25:44', NULL, 164),
(1263, NULL, NULL, '2019-12-06 00:00:00', 0, 0, 0, 0, 'Duyệt tự động - không chấm công', 0, 0, 0, '2019-12-14 14:25:44', NULL, 164),
(1264, NULL, NULL, '2019-12-07 00:00:00', 0, 0, 0, 0, 'Duyệt tự động - không chấm công', 0, 0, 0, '2019-12-14 14:25:44', NULL, 164),
(1265, NULL, NULL, '2019-12-09 00:00:00', 0, 0, 0, 0, 'Duyệt tự động - không chấm công', 0, 0, 0, '2019-12-14 14:25:45', NULL, 164),
(1266, NULL, NULL, '2019-12-10 00:00:00', 0, 0, 0, 0, 'Duyệt tự động - không chấm công', 0, 0, 0, '2019-12-14 14:25:45', NULL, 164),
(1267, NULL, NULL, '2019-12-11 00:00:00', 0, 0, 0, 0, 'Duyệt tự động - không chấm công', 0, 0, 0, '2019-12-14 14:25:45', NULL, 164),
(1268, NULL, NULL, '2019-12-12 00:00:00', 0, 0, 0, 0, 'Duyệt tự động - không chấm công', 0, 0, 0, '2019-12-14 14:25:45', NULL, 164),
(1269, NULL, NULL, '2019-12-13 00:00:00', 0, 0, 0, 0, 'Duyệt tự động - không chấm công', 0, 0, 0, '2019-12-14 14:25:45', NULL, 164),
(1270, NULL, NULL, '2019-12-02 00:00:00', 0, 0, 0, 0, 'Duyệt tự động - không chấm công', 0, 0, 0, '2019-12-14 14:25:45', NULL, 165),
(1271, NULL, NULL, '2019-12-03 00:00:00', 0, 0, 0, 0, 'Duyệt tự động - không chấm công', 0, 0, 0, '2019-12-14 14:25:45', NULL, 165),
(1272, NULL, NULL, '2019-12-04 00:00:00', 0, 0, 0, 0, 'Duyệt tự động - không chấm công', 0, 0, 0, '2019-12-14 14:25:45', NULL, 165),
(1273, NULL, NULL, '2019-12-05 00:00:00', 0, 0, 0, 0, 'Duyệt tự động - không chấm công', 0, 0, 0, '2019-12-14 14:25:45', NULL, 165),
(1274, NULL, NULL, '2019-12-06 00:00:00', 0, 0, 0, 0, 'Duyệt tự động - không chấm công', 0, 0, 0, '2019-12-14 14:25:45', NULL, 165),
(1275, NULL, NULL, '2019-12-07 00:00:00', 0, 0, 0, 0, 'Duyệt tự động - không chấm công', 0, 0, 0, '2019-12-14 14:25:45', NULL, 165),
(1276, NULL, NULL, '2019-12-09 00:00:00', 0, 0, 0, 0, 'Duyệt tự động - không chấm công', 0, 0, 0, '2019-12-14 14:25:45', NULL, 165),
(1277, NULL, NULL, '2019-12-10 00:00:00', 0, 0, 0, 0, 'Duyệt tự động - không chấm công', 0, 0, 0, '2019-12-14 14:25:45', NULL, 165),
(1278, NULL, NULL, '2019-12-11 00:00:00', 0, 0, 0, 0, 'Duyệt tự động - không chấm công', 0, 0, 0, '2019-12-14 14:25:45', NULL, 165),
(1279, NULL, NULL, '2019-12-12 00:00:00', 0, 0, 0, 0, 'Duyệt tự động - không chấm công', 0, 0, 0, '2019-12-14 14:25:45', NULL, 165),
(1280, NULL, NULL, '2019-12-13 00:00:00', 0, 0, 0, 0, 'Duyệt tự động - không chấm công', 0, 0, 0, '2019-12-14 14:25:45', NULL, 165),
(1281, '2019-12-14 14:25:00', '2019-12-14 23:30:00', NULL, 1, 185, 420, 0, NULL, 1, 1, 0, '2019-12-14 23:12:20', 1, 166),
(1282, NULL, NULL, '2019-12-14 00:00:00', 0, 0, 0, 0, 'Duyệt tự động - không chấm công', 0, 0, 0, '2019-12-16 11:19:27', NULL, 158),
(1283, NULL, NULL, '2019-12-14 00:00:00', 0, 0, 0, 0, 'Duyệt tự động - không chấm công', 0, 0, 0, '2019-12-16 11:19:28', NULL, 159),
(1284, NULL, NULL, '2019-12-14 00:00:00', 0, 0, 0, 0, 'Duyệt tự động - không chấm công', 0, 0, 0, '2019-12-16 11:19:28', NULL, 160),
(1285, NULL, NULL, '2019-12-14 00:00:00', 0, 0, 0, 0, 'Duyệt tự động - không chấm công', 0, 0, 0, '2019-12-16 11:19:28', NULL, 161),
(1286, NULL, NULL, '2019-12-14 00:00:00', 0, 0, 0, 0, 'Duyệt tự động - không chấm công', 0, 0, 0, '2019-12-16 11:19:29', NULL, 162),
(1287, NULL, NULL, '2019-12-14 00:00:00', 0, 0, 0, 0, 'Duyệt tự động - không chấm công', 0, 0, 0, '2019-12-16 11:19:29', NULL, 163),
(1288, NULL, NULL, '2019-12-14 00:00:00', 0, 0, 0, 0, 'Duyệt tự động - không chấm công', 0, 0, 0, '2019-12-16 11:19:29', NULL, 164),
(1289, NULL, NULL, '2019-12-14 00:00:00', 0, 0, 0, 0, 'Duyệt tự động - không chấm công', 0, 0, 0, '2019-12-16 11:19:29', NULL, 165),
(1290, NULL, NULL, '2019-12-16 00:00:00', 0, 0, 0, 0, 'Duyệt tự động - không chấm công', 0, 0, 0, '2019-12-18 23:39:40', NULL, 158),
(1291, NULL, NULL, '2019-12-17 00:00:00', 0, 0, 0, 0, 'Duyệt tự động - không chấm công', 0, 0, 0, '2019-12-18 23:39:40', NULL, 158),
(1292, NULL, NULL, '2019-12-16 00:00:00', 0, 0, 0, 0, 'Duyệt tự động - không chấm công', 0, 0, 0, '2019-12-18 23:39:40', NULL, 159),
(1293, NULL, NULL, '2019-12-17 00:00:00', 0, 0, 0, 0, 'Duyệt tự động - không chấm công', 0, 0, 0, '2019-12-18 23:39:41', NULL, 159),
(1294, NULL, NULL, '2019-12-16 00:00:00', 0, 0, 0, 0, 'Duyệt tự động - không chấm công', 0, 0, 0, '2019-12-18 23:39:41', NULL, 160),
(1295, NULL, NULL, '2019-12-17 00:00:00', 0, 0, 0, 0, 'Duyệt tự động - không chấm công', 0, 0, 0, '2019-12-18 23:39:41', NULL, 160),
(1296, NULL, NULL, '2019-12-16 00:00:00', 0, 0, 0, 0, 'Duyệt tự động - không chấm công', 0, 0, 0, '2019-12-18 23:39:41', NULL, 161),
(1297, NULL, NULL, '2019-12-17 00:00:00', 0, 0, 0, 0, 'Duyệt tự động - không chấm công', 0, 0, 0, '2019-12-18 23:39:41', NULL, 161),
(1298, NULL, NULL, '2019-12-16 00:00:00', 0, 0, 0, 0, 'Duyệt tự động - không chấm công', 0, 0, 0, '2019-12-18 23:39:42', NULL, 162),
(1299, NULL, NULL, '2019-12-17 00:00:00', 0, 0, 0, 0, 'Duyệt tự động - không chấm công', 0, 0, 0, '2019-12-18 23:39:42', NULL, 162),
(1300, NULL, NULL, '2019-12-16 00:00:00', 0, 0, 0, 0, 'Duyệt tự động - không chấm công', 0, 0, 0, '2019-12-18 23:39:42', NULL, 163),
(1301, NULL, NULL, '2019-12-17 00:00:00', 0, 0, 0, 0, 'Duyệt tự động - không chấm công', 0, 0, 0, '2019-12-18 23:39:42', NULL, 163),
(1302, NULL, NULL, '2019-12-16 00:00:00', 0, 0, 0, 0, 'Duyệt tự động - không chấm công', 0, 0, 0, '2019-12-18 23:39:42', NULL, 164),
(1303, NULL, NULL, '2019-12-17 00:00:00', 0, 0, 0, 0, 'Duyệt tự động - không chấm công', 0, 0, 0, '2019-12-18 23:39:42', NULL, 164),
(1304, NULL, NULL, '2019-12-16 00:00:00', 0, 0, 0, 0, 'Duyệt tự động - không chấm công', 0, 0, 0, '2019-12-18 23:39:43', NULL, 165),
(1305, NULL, NULL, '2019-12-17 00:00:00', 0, 0, 0, 0, 'Duyệt tự động - không chấm công', 0, 0, 0, '2019-12-18 23:39:43', NULL, 165),
(1306, '2019-12-16 11:19:00', NULL, NULL, 0, 0, 0, 0, 'Duyệt tự động - không báo giờ ra', 0, 1, 0, '2019-12-18 23:39:43', NULL, 166),
(1307, NULL, NULL, '2019-12-17 00:00:00', 0, 0, 0, 0, 'Duyệt tự động - không chấm công', 0, 0, 0, '2019-12-18 23:39:43', NULL, 166),
(1308, NULL, NULL, '2019-12-18 00:00:00', 0, 0, 0, 0, 'Duyệt tự động - không chấm công', 0, 0, 0, '2019-12-21 22:05:18', NULL, 158),
(1309, NULL, NULL, '2019-12-19 00:00:00', 0, 0, 0, 0, 'Duyệt tự động - không chấm công', 0, 0, 0, '2019-12-21 22:05:18', NULL, 158),
(1310, NULL, NULL, '2019-12-20 00:00:00', 0, 0, 0, 0, 'Duyệt tự động - không chấm công', 0, 0, 0, '2019-12-21 22:05:18', NULL, 158),
(1311, NULL, NULL, '2019-12-18 00:00:00', 0, 0, 0, 0, 'Duyệt tự động - không chấm công', 0, 0, 0, '2019-12-21 22:05:19', NULL, 159),
(1312, NULL, NULL, '2019-12-19 00:00:00', 0, 0, 0, 0, 'Duyệt tự động - không chấm công', 0, 0, 0, '2019-12-21 22:05:19', NULL, 159),
(1313, NULL, NULL, '2019-12-20 00:00:00', 0, 0, 0, 0, 'Duyệt tự động - không chấm công', 0, 0, 0, '2019-12-21 22:05:19', NULL, 159),
(1314, NULL, NULL, '2019-12-18 00:00:00', 0, 0, 0, 0, 'Duyệt tự động - không chấm công', 0, 0, 0, '2019-12-21 22:05:19', NULL, 160),
(1315, NULL, NULL, '2019-12-19 00:00:00', 0, 0, 0, 0, 'Duyệt tự động - không chấm công', 0, 0, 0, '2019-12-21 22:05:19', NULL, 160),
(1316, NULL, NULL, '2019-12-20 00:00:00', 0, 0, 0, 0, 'Duyệt tự động - không chấm công', 0, 0, 0, '2019-12-21 22:05:19', NULL, 160),
(1317, NULL, NULL, '2019-12-18 00:00:00', 0, 0, 0, 0, 'Duyệt tự động - không chấm công', 0, 0, 0, '2019-12-21 22:05:20', NULL, 161),
(1318, NULL, NULL, '2019-12-19 00:00:00', 0, 0, 0, 0, 'Duyệt tự động - không chấm công', 0, 0, 0, '2019-12-21 22:05:20', NULL, 161),
(1319, NULL, NULL, '2019-12-20 00:00:00', 0, 0, 0, 0, 'Duyệt tự động - không chấm công', 0, 0, 0, '2019-12-21 22:05:20', NULL, 161),
(1320, NULL, NULL, '2019-12-18 00:00:00', 0, 0, 0, 0, 'Duyệt tự động - không chấm công', 0, 0, 0, '2019-12-21 22:05:20', NULL, 162),
(1321, NULL, NULL, '2019-12-19 00:00:00', 0, 0, 0, 0, 'Duyệt tự động - không chấm công', 0, 0, 0, '2019-12-21 22:05:20', NULL, 162),
(1322, NULL, NULL, '2019-12-20 00:00:00', 0, 0, 0, 0, 'Duyệt tự động - không chấm công', 0, 0, 0, '2019-12-21 22:05:20', NULL, 162),
(1323, NULL, NULL, '2019-12-18 00:00:00', 0, 0, 0, 0, 'Duyệt tự động - không chấm công', 0, 0, 0, '2019-12-21 22:05:20', NULL, 163),
(1324, NULL, NULL, '2019-12-19 00:00:00', 0, 0, 0, 0, 'Duyệt tự động - không chấm công', 0, 0, 0, '2019-12-21 22:05:21', NULL, 163),
(1325, NULL, NULL, '2019-12-20 00:00:00', 0, 0, 0, 0, 'Duyệt tự động - không chấm công', 0, 0, 0, '2019-12-21 22:05:21', NULL, 163),
(1326, NULL, NULL, '2019-12-18 00:00:00', 0, 0, 0, 0, 'Duyệt tự động - không chấm công', 0, 0, 0, '2019-12-21 22:05:21', NULL, 164),
(1327, NULL, NULL, '2019-12-19 00:00:00', 0, 0, 0, 0, 'Duyệt tự động - không chấm công', 0, 0, 0, '2019-12-21 22:05:21', NULL, 164),
(1328, NULL, NULL, '2019-12-20 00:00:00', 0, 0, 0, 0, 'Duyệt tự động - không chấm công', 0, 0, 0, '2019-12-21 22:05:21', NULL, 164),
(1329, NULL, NULL, '2019-12-18 00:00:00', 0, 0, 0, 0, 'Duyệt tự động - không chấm công', 0, 0, 0, '2019-12-21 22:05:21', NULL, 165),
(1330, NULL, NULL, '2019-12-19 00:00:00', 0, 0, 0, 0, 'Duyệt tự động - không chấm công', 0, 0, 0, '2019-12-21 22:05:21', NULL, 165),
(1331, NULL, NULL, '2019-12-20 00:00:00', 0, 0, 0, 0, 'Duyệt tự động - không chấm công', 0, 0, 0, '2019-12-21 22:05:21', NULL, 165),
(1332, NULL, NULL, '2019-12-18 00:00:00', 0, 0, 0, 0, 'Duyệt tự động - không chấm công', 0, 0, 0, '2019-12-21 22:05:22', NULL, 166),
(1333, NULL, NULL, '2019-12-19 00:00:00', 0, 0, 0, 0, 'Duyệt tự động - không chấm công', 0, 0, 0, '2019-12-21 22:05:22', NULL, 166),
(1334, NULL, NULL, '2019-12-20 00:00:00', 0, 0, 0, 0, 'Duyệt tự động - không chấm công', 0, 0, 0, '2019-12-21 22:05:22', NULL, 166),
(1335, NULL, NULL, '2019-12-21 00:00:00', 0, 0, 0, 0, 'Duyệt tự động - không chấm công', 0, 0, 0, '2019-12-23 16:55:47', NULL, 158),
(1336, NULL, NULL, '2019-12-21 00:00:00', 0, 0, 0, 0, 'Duyệt tự động - không chấm công', 0, 0, 0, '2019-12-23 16:55:48', NULL, 159),
(1337, NULL, NULL, '2019-12-21 00:00:00', 0, 0, 0, 0, 'Duyệt tự động - không chấm công', 0, 0, 0, '2019-12-23 16:55:48', NULL, 160),
(1338, NULL, NULL, '2019-12-21 00:00:00', 0, 0, 0, 0, 'Duyệt tự động - không chấm công', 0, 0, 0, '2019-12-23 16:55:48', NULL, 161),
(1339, NULL, NULL, '2019-12-21 00:00:00', 0, 0, 0, 0, 'Duyệt tự động - không chấm công', 0, 0, 0, '2019-12-23 16:55:49', NULL, 162),
(1340, NULL, NULL, '2019-12-21 00:00:00', 0, 0, 0, 0, 'Duyệt tự động - không chấm công', 0, 0, 0, '2019-12-23 16:55:49', NULL, 163),
(1341, NULL, NULL, '2019-12-21 00:00:00', 0, 0, 0, 0, 'Duyệt tự động - không chấm công', 0, 0, 0, '2019-12-23 16:55:50', NULL, 164),
(1342, NULL, NULL, '2019-12-21 00:00:00', 0, 0, 0, 0, 'Duyệt tự động - không chấm công', 0, 0, 0, '2019-12-23 16:55:50', NULL, 165),
(1343, NULL, NULL, '2019-12-21 00:00:00', 0, 0, 0, 0, 'Duyệt tự động - không chấm công', 0, 0, 0, '2019-12-23 16:55:50', NULL, 166),
(1344, NULL, NULL, '2019-12-23 00:00:00', 0, 0, 0, 0, 'Duyệt tự động - không chấm công', 0, 0, 0, '2019-12-28 19:08:25', NULL, 158),
(1345, NULL, NULL, '2019-12-24 00:00:00', 0, 0, 0, 0, 'Duyệt tự động - không chấm công', 0, 0, 0, '2019-12-28 19:08:25', NULL, 158),
(1346, NULL, NULL, '2019-12-25 00:00:00', 0, 0, 0, 0, 'Duyệt tự động - không chấm công', 0, 0, 0, '2019-12-28 19:08:26', NULL, 158),
(1347, NULL, NULL, '2019-12-26 00:00:00', 0, 0, 0, 0, 'Duyệt tự động - không chấm công', 0, 0, 0, '2019-12-28 19:08:26', NULL, 158),
(1348, NULL, NULL, '2019-12-27 00:00:00', 0, 0, 0, 0, 'Duyệt tự động - không chấm công', 0, 0, 0, '2019-12-28 19:08:26', NULL, 158),
(1349, NULL, NULL, '2019-12-23 00:00:00', 0, 0, 0, 0, 'Duyệt tự động - không chấm công', 0, 0, 0, '2019-12-28 19:08:26', NULL, 159),
(1350, NULL, NULL, '2019-12-24 00:00:00', 0, 0, 0, 0, 'Duyệt tự động - không chấm công', 0, 0, 0, '2019-12-28 19:08:26', NULL, 159),
(1351, NULL, NULL, '2019-12-25 00:00:00', 0, 0, 0, 0, 'Duyệt tự động - không chấm công', 0, 0, 0, '2019-12-28 19:08:26', NULL, 159),
(1352, NULL, NULL, '2019-12-26 00:00:00', 0, 0, 0, 0, 'Duyệt tự động - không chấm công', 0, 0, 0, '2019-12-28 19:08:26', NULL, 159),
(1353, NULL, NULL, '2019-12-27 00:00:00', 0, 0, 0, 0, 'Duyệt tự động - không chấm công', 0, 0, 0, '2019-12-28 19:08:27', NULL, 159),
(1354, NULL, NULL, '2019-12-23 00:00:00', 0, 0, 0, 0, 'Duyệt tự động - không chấm công', 0, 0, 0, '2019-12-28 19:08:27', NULL, 160),
(1355, NULL, NULL, '2019-12-24 00:00:00', 0, 0, 0, 0, 'Duyệt tự động - không chấm công', 0, 0, 0, '2019-12-28 19:08:27', NULL, 160),
(1356, NULL, NULL, '2019-12-25 00:00:00', 0, 0, 0, 0, 'Duyệt tự động - không chấm công', 0, 0, 0, '2019-12-28 19:08:27', NULL, 160),
(1357, NULL, NULL, '2019-12-26 00:00:00', 0, 0, 0, 0, 'Duyệt tự động - không chấm công', 0, 0, 0, '2019-12-28 19:08:27', NULL, 160),
(1358, NULL, NULL, '2019-12-27 00:00:00', 0, 0, 0, 0, 'Duyệt tự động - không chấm công', 0, 0, 0, '2019-12-28 19:08:27', NULL, 160),
(1359, NULL, NULL, '2019-12-23 00:00:00', 0, 0, 0, 0, 'Duyệt tự động - không chấm công', 0, 0, 0, '2019-12-28 19:08:28', NULL, 161),
(1360, NULL, NULL, '2019-12-24 00:00:00', 0, 0, 0, 0, 'Duyệt tự động - không chấm công', 0, 0, 0, '2019-12-28 19:08:28', NULL, 161),
(1361, NULL, NULL, '2019-12-25 00:00:00', 0, 0, 0, 0, 'Duyệt tự động - không chấm công', 0, 0, 0, '2019-12-28 19:08:28', NULL, 161),
(1362, NULL, NULL, '2019-12-26 00:00:00', 0, 0, 0, 0, 'Duyệt tự động - không chấm công', 0, 0, 0, '2019-12-28 19:08:28', NULL, 161),
(1363, NULL, NULL, '2019-12-27 00:00:00', 0, 0, 0, 0, 'Duyệt tự động - không chấm công', 0, 0, 0, '2019-12-28 19:08:28', NULL, 161),
(1364, NULL, NULL, '2019-12-23 00:00:00', 0, 0, 0, 0, 'Duyệt tự động - không chấm công', 0, 0, 0, '2019-12-28 19:08:28', NULL, 162),
(1365, NULL, NULL, '2019-12-24 00:00:00', 0, 0, 0, 0, 'Duyệt tự động - không chấm công', 0, 0, 0, '2019-12-28 19:08:28', NULL, 162),
(1366, NULL, NULL, '2019-12-25 00:00:00', 0, 0, 0, 0, 'Duyệt tự động - không chấm công', 0, 0, 0, '2019-12-28 19:08:28', NULL, 162),
(1367, NULL, NULL, '2019-12-26 00:00:00', 0, 0, 0, 0, 'Duyệt tự động - không chấm công', 0, 0, 0, '2019-12-28 19:08:29', NULL, 162),
(1368, NULL, NULL, '2019-12-27 00:00:00', 0, 0, 0, 0, 'Duyệt tự động - không chấm công', 0, 0, 0, '2019-12-28 19:08:29', NULL, 162),
(1369, NULL, NULL, '2019-12-23 00:00:00', 0, 0, 0, 0, 'Duyệt tự động - không chấm công', 0, 0, 0, '2019-12-28 19:08:29', NULL, 163),
(1370, NULL, NULL, '2019-12-24 00:00:00', 0, 0, 0, 0, 'Duyệt tự động - không chấm công', 0, 0, 0, '2019-12-28 19:08:29', NULL, 163),
(1371, NULL, NULL, '2019-12-25 00:00:00', 0, 0, 0, 0, 'Duyệt tự động - không chấm công', 0, 0, 0, '2019-12-28 19:08:29', NULL, 163),
(1372, NULL, NULL, '2019-12-26 00:00:00', 0, 0, 0, 0, 'Duyệt tự động - không chấm công', 0, 0, 0, '2019-12-28 19:08:29', NULL, 163),
(1373, NULL, NULL, '2019-12-27 00:00:00', 0, 0, 0, 0, 'Duyệt tự động - không chấm công', 0, 0, 0, '2019-12-28 19:08:29', NULL, 163),
(1374, NULL, NULL, '2019-12-23 00:00:00', 0, 0, 0, 0, 'Duyệt tự động - không chấm công', 0, 0, 0, '2019-12-28 19:08:30', NULL, 164),
(1375, NULL, NULL, '2019-12-24 00:00:00', 0, 0, 0, 0, 'Duyệt tự động - không chấm công', 0, 1, 0, '2019-12-28 19:08:30', NULL, 164),
(1376, NULL, NULL, '2019-12-25 00:00:00', 0, 0, 0, 0, 'Duyệt tự động - không chấm công', 0, 0, 0, '2019-12-28 19:08:30', NULL, 164),
(1377, NULL, NULL, '2019-12-26 00:00:00', 0, 0, 0, 0, 'Duyệt tự động - không chấm công', 0, 0, 0, '2019-12-28 19:08:30', NULL, 164),
(1378, NULL, NULL, '2019-12-27 00:00:00', 0, 0, 0, 0, 'Duyệt tự động - không chấm công', 0, 0, 0, '2019-12-28 19:08:30', NULL, 164),
(1379, NULL, NULL, '2019-12-23 00:00:00', 0, 0, 0, 0, 'Duyệt tự động - không chấm công', 0, 0, 0, '2019-12-28 19:08:30', NULL, 165),
(1380, NULL, NULL, '2019-12-24 00:00:00', 0, 0, 0, 0, 'Duyệt tự động - không chấm công', 0, 0, 0, '2019-12-28 19:08:30', NULL, 165),
(1381, NULL, NULL, '2019-12-25 00:00:00', 0, 0, 0, 0, 'Duyệt tự động - không chấm công', 0, 0, 0, '2019-12-28 19:08:30', NULL, 165),
(1382, NULL, NULL, '2019-12-26 00:00:00', 0, 0, 0, 0, 'Duyệt tự động - không chấm công', 0, 0, 0, '2019-12-28 19:08:31', NULL, 165),
(1383, NULL, NULL, '2019-12-27 00:00:00', 0, 0, 0, 0, 'Duyệt tự động - không chấm công', 0, 0, 0, '2019-12-28 19:08:31', NULL, 165),
(1384, NULL, NULL, '2019-12-23 00:00:00', 0, 0, 0, 0, 'Duyệt tự động - không chấm công', 0, 0, 0, '2019-12-28 19:08:31', NULL, 166),
(1385, NULL, NULL, '2019-12-24 00:00:00', 0, 0, 0, 0, 'Duyệt tự động - không chấm công', 0, 0, 0, '2019-12-28 19:08:31', NULL, 166),
(1386, NULL, NULL, '2019-12-25 00:00:00', 0, 0, 0, 0, 'Duyệt tự động - không chấm công', 0, 0, 0, '2019-12-28 19:08:31', NULL, 166),
(1387, NULL, NULL, '2019-12-26 00:00:00', 0, 0, 0, 0, 'Duyệt tự động - không chấm công', 0, 0, 0, '2019-12-28 19:08:31', NULL, 166),
(1388, NULL, NULL, '2019-12-27 00:00:00', 0, 0, 0, 0, 'Duyệt tự động - không chấm công', 0, 0, 0, '2019-12-28 19:08:31', NULL, 166);

-- --------------------------------------------------------

--
-- Table structure for table `qc_timekeeping_image`
--

CREATE TABLE `qc_timekeeping_image` (
  `image_id` int(10) UNSIGNED NOT NULL,
  `name` varchar(250) COLLATE utf8mb4_unicode_ci NOT NULL,
  `timekeeping_id` int(10) UNSIGNED NOT NULL,
  `created_at` datetime NOT NULL
) ENGINE=InnoDB DEFAULT CHARSET=utf8mb4 COLLATE=utf8mb4_unicode_ci;

--
-- Dumping data for table `qc_timekeeping_image`
--

INSERT INTO `qc_timekeeping_image` (`image_id`, `name`, `timekeeping_id`, `created_at`) VALUES
(1, '181213131807_1.png', 90, '2018-12-13 16:10:16'),
(2, '181213131808_2.png', 90, '2018-12-13 16:10:16'),
(3, '181215021049_1.png', 97, '2018-12-27 04:39:12'),
(4, '181215021050_2.jpg', 97, '2018-12-27 04:39:12'),
(5, '190610045909_1.JPG', 140, '2019-06-24 02:28:10'),
(6, '190610045909_2.JPG', 140, '2019-06-24 02:28:10'),
(7, '190721003833_1.png', 144, '2019-08-02 15:06:38'),
(8, '190806091620_1.png', 145, '2019-08-06 14:07:27'),
(9, '190808141426_1.jpg', 146, '2019-08-08 14:15:15'),
(10, '190808141502_1.JPG', 147, '2019-08-08 14:15:20'),
(11, '190907005315_1.JPG', 639, '2019-09-13 11:30:11'),
(12, '190916232253_1.jpg', 767, '2019-09-22 13:33:17'),
(13, '191119183221.JPG', 1145, '2019-11-19 18:32:45'),
(14, '191203001050.jpg', 1193, '2019-12-03 00:11:06'),
(15, '191214230914.jpg', 1281, '2019-12-14 23:12:20');

-- --------------------------------------------------------

--
-- Table structure for table `qc_timekeeping_provisional`
--

CREATE TABLE `qc_timekeeping_provisional` (
  `timekeeping_provisional_id` int(10) UNSIGNED NOT NULL,
  `timeBegin` datetime NOT NULL,
  `timeEnd` datetime DEFAULT NULL,
  `note` text COLLATE utf8mb4_unicode_ci,
  `afternoonStatus` tinyint(4) NOT NULL DEFAULT '0',
  `lateTimekeeping` tinyint(1) NOT NULL DEFAULT '0',
  `workStatus` tinyint(4) NOT NULL DEFAULT '0',
  `accuracyStatus` tinyint(4) NOT NULL DEFAULT '0',
  `confirmNote` text COLLATE utf8mb4_unicode_ci,
  `confirmDate` datetime DEFAULT NULL,
  `confirmStatus` tinyint(4) NOT NULL DEFAULT '0',
  `created_at` datetime NOT NULL,
  `work_id` int(10) UNSIGNED NOT NULL,
  `staffConfirm_id` int(10) UNSIGNED DEFAULT NULL
) ENGINE=InnoDB DEFAULT CHARSET=utf8mb4 COLLATE=utf8mb4_unicode_ci;

--
-- Dumping data for table `qc_timekeeping_provisional`
--

INSERT INTO `qc_timekeeping_provisional` (`timekeeping_provisional_id`, `timeBegin`, `timeEnd`, `note`, `afternoonStatus`, `lateTimekeeping`, `workStatus`, `accuracyStatus`, `confirmNote`, `confirmDate`, `confirmStatus`, `created_at`, `work_id`, `staffConfirm_id`) VALUES
(2, '2018-07-02 08:15:00', '2018-07-02 19:30:00', 'Kẹt Xe', 0, 0, 0, 1, NULL, '2018-11-26 18:19:16', 1, '2018-11-21 07:58:57', 24, 1),
(3, '2018-07-03 08:00:00', '2018-07-03 17:30:00', 'công trình quận 3', 1, 0, 0, 1, NULL, '2018-11-28 16:00:46', 1, '2018-11-21 17:24:13', 24, 1),
(4, '2018-07-04 08:30:00', '2018-07-04 17:30:00', 'kẹt xe', 0, 0, 0, 1, NULL, '2018-12-13 16:10:16', 1, '2018-11-22 07:56:15', 24, 1),
(6, '2018-07-01 08:00:00', NULL, NULL, 0, 0, 0, 0, NULL, '2019-01-24 09:32:24', 1, '2018-11-28 15:59:35', 24, 1),
(7, '2018-07-08 08:00:00', '2018-07-08 17:30:00', 'công trình q3', 1, 0, 0, 1, NULL, '2018-12-13 13:58:58', 1, '2018-12-10 03:44:03', 24, 1),
(28, '2018-07-14 08:00:00', '2018-07-14 17:30:00', NULL, 0, 0, 0, 1, NULL, '2018-12-27 04:39:12', 1, '2018-12-13 08:36:36', 24, 1),
(30, '2018-07-18 08:30:00', '2018-07-18 17:30:00', NULL, 0, 0, 0, 1, NULL, '2018-12-27 04:38:58', 1, '2018-12-22 05:30:27', 24, 1),
(31, '2018-07-12 09:00:00', '2018-07-12 17:30:00', NULL, 0, 0, 0, 1, NULL, '2018-12-22 05:40:42', 1, '2018-12-22 05:31:36', 24, 1),
(32, '2018-07-13 09:30:00', '2018-07-13 18:30:00', NULL, 0, 0, 0, 1, NULL, '2018-12-22 05:53:42', 1, '2018-12-22 05:32:48', 24, 1),
(34, '2018-07-15 08:20:00', '2018-07-15 17:30:00', 'trời mưa', 0, 0, 0, 1, NULL, '2018-12-22 06:08:05', 1, '2018-12-22 06:07:32', 24, 1),
(36, '2018-07-25 08:15:00', '2018-07-25 17:30:00', 'kẹt xe', 0, 0, 0, 1, NULL, '2018-12-27 04:39:06', 1, '2018-12-22 06:29:56', 24, 1),
(37, '2018-07-29 08:00:00', NULL, NULL, 0, 0, 0, 0, NULL, '2018-12-27 09:24:25', 1, '2018-12-25 03:54:48', 24, 1),
(38, '2018-12-27 08:00:00', NULL, NULL, 0, 0, 0, 0, NULL, '2019-01-24 09:32:31', 1, '2018-12-27 04:31:39', 31, 1),
(39, '2018-12-01 08:00:00', '2018-12-01 17:30:00', NULL, 0, 0, 0, 1, NULL, '2018-12-27 04:39:42', 1, '2018-12-27 04:37:31', 31, 1),
(41, '2018-12-02 08:00:00', '2018-12-02 17:30:00', NULL, 0, 0, 0, 1, NULL, '2018-12-27 04:39:38', 1, '2018-12-27 04:37:43', 31, 1),
(42, '2018-12-03 08:00:00', '2018-12-03 17:30:00', NULL, 1, 0, 0, 1, NULL, '2018-12-27 04:39:30', 1, '2018-12-27 04:37:53', 31, 1),
(43, '2018-12-04 08:00:00', '2018-12-04 17:30:00', NULL, 0, 0, 0, 1, NULL, '2018-12-27 09:41:26', 1, '2018-12-27 04:38:07', 31, 1),
(44, '2018-12-26 08:00:00', NULL, NULL, 0, 0, 0, 0, NULL, '2019-01-24 09:32:26', 1, '2018-12-27 08:02:13', 31, 1),
(48, '2018-12-22 08:00:00', '2018-12-22 17:30:00', NULL, 0, 0, 0, 1, NULL, '2018-12-27 09:41:30', 1, '2018-12-27 08:03:24', 31, 1),
(49, '2018-12-29 08:50:00', '2018-12-29 17:30:00', NULL, 0, 0, 0, 1, NULL, '2019-01-22 17:21:18', 1, '2019-01-22 17:20:45', 31, 1),
(50, '2019-01-01 08:00:00', '2019-01-01 17:30:00', NULL, 0, 0, 0, 1, NULL, '2019-05-07 03:54:52', 1, '2019-01-26 03:06:45', 40, 1),
(51, '2019-01-02 08:00:00', '2019-01-02 17:30:00', NULL, 1, 0, 0, 1, NULL, '2019-05-07 04:01:57', 1, '2019-01-26 03:06:54', 40, 1),
(52, '2019-01-04 08:30:00', '2019-01-04 17:30:00', NULL, 0, 0, 0, 1, NULL, '2019-01-26 03:16:02', 1, '2019-01-26 03:07:05', 40, 1),
(53, '2019-01-03 08:00:00', NULL, NULL, 0, 0, 0, 0, NULL, NULL, 0, '2019-01-26 03:14:47', 40, NULL),
(54, '2019-01-06 08:00:00', NULL, NULL, 0, 0, 0, 0, NULL, NULL, 0, '2019-01-26 03:14:58', 40, NULL),
(55, '2019-01-08 09:00:00', '2019-01-08 17:30:00', NULL, 0, 0, 0, 1, NULL, '2019-01-26 03:22:29', 1, '2019-01-26 03:19:47', 40, 1),
(56, '2019-01-09 08:35:00', '2019-01-09 17:30:00', NULL, 0, 0, 0, 1, NULL, '2019-01-26 03:25:48', 1, '2019-01-26 03:20:02', 40, 1),
(57, '2019-01-10 10:00:00', '2019-01-10 17:30:00', NULL, 0, 0, 0, 1, NULL, '2019-01-26 03:26:49', 1, '2019-01-26 03:20:17', 40, 1),
(58, '2019-01-11 08:25:00', '2019-01-11 17:30:00', NULL, 0, 0, 0, 1, NULL, '2019-01-26 03:28:34', 1, '2019-01-26 03:28:09', 40, 1),
(59, '2019-01-26 08:00:00', NULL, NULL, 0, 0, 0, 0, NULL, NULL, 0, '2019-01-26 03:36:23', 40, NULL),
(60, '2019-01-12 08:00:00', '2019-01-12 20:30:00', NULL, 0, 0, 0, 1, NULL, '2019-01-26 03:39:09', 1, '2019-01-26 03:36:34', 40, 1),
(61, '2019-01-13 08:00:00', '2019-01-13 22:30:00', NULL, 1, 0, 0, 1, NULL, '2019-01-26 03:39:03', 1, '2019-01-26 03:36:41', 40, 1),
(62, '2019-01-14 08:00:00', '2019-01-14 21:30:00', NULL, 0, 0, 0, 1, NULL, '2019-01-26 03:38:55', 1, '2019-01-26 03:36:53', 40, 1),
(63, '2019-01-15 08:00:00', '2019-01-22 17:30:00', NULL, 0, 0, 0, 1, NULL, '2019-01-26 03:38:48', 1, '2019-01-26 03:37:04', 40, 1),
(64, '2019-01-16 08:00:00', '2019-01-16 22:30:00', NULL, 0, 0, 0, 1, NULL, '2019-01-26 03:38:40', 1, '2019-01-26 03:37:23', 40, 1),
(65, '2019-01-17 08:00:00', '2019-01-17 17:30:00', NULL, 0, 0, 0, 1, NULL, '2019-01-26 08:07:59', 1, '2019-01-26 03:42:18', 40, 1),
(66, '2019-01-18 08:00:00', '2019-01-18 17:30:00', NULL, 0, 0, 0, 1, NULL, '2019-05-07 04:02:24', 1, '2019-01-26 08:06:52', 40, 1),
(67, '2019-01-19 08:00:00', '2019-01-19 17:30:00', NULL, 0, 0, 0, 1, NULL, '2019-05-07 04:02:46', 1, '2019-01-26 08:07:02', 40, 1),
(68, '2019-04-04 08:00:00', NULL, NULL, 0, 0, 0, 0, NULL, '2019-08-06 10:15:26', 1, '2019-04-04 16:19:47', 67, 1),
(69, '2019-05-02 08:00:00', '2019-05-02 17:30:00', NULL, 0, 0, 0, 1, NULL, '2019-05-10 03:38:04', 1, '2019-05-10 03:13:52', 76, 1),
(70, '2019-05-03 08:00:00', '2019-05-03 17:30:00', NULL, 0, 0, 0, 1, NULL, '2019-05-10 03:38:07', 1, '2019-05-10 03:14:00', 76, 1),
(71, '2019-05-05 08:00:00', '2019-05-05 23:30:00', NULL, 0, 0, 0, 1, NULL, '2019-05-10 04:13:22', 1, '2019-05-10 03:37:27', 76, 1),
(72, '2019-05-06 08:00:00', '2019-05-06 22:30:00', NULL, 0, 0, 0, 1, NULL, '2019-05-10 04:13:27', 1, '2019-05-10 03:37:40', 76, 1),
(73, '2019-05-08 08:00:00', NULL, NULL, 0, 0, 0, 0, NULL, NULL, 0, '2019-05-10 04:13:05', 76, NULL),
(75, '2019-06-05 15:39:00', '2019-06-05 17:30:00', NULL, 0, 0, 0, 1, NULL, '2019-06-24 02:28:10', 1, '2019-06-05 08:40:00', 85, 1),
(76, '2019-06-24 09:26:00', NULL, NULL, 0, 0, 0, 0, NULL, NULL, 0, '2019-06-24 02:26:43', 85, NULL),
(77, '2019-07-14 12:24:00', '2019-07-14 17:30:00', NULL, 0, 0, 0, 1, NULL, '2019-08-02 15:06:38', 1, '2019-07-14 12:24:23', 95, 1),
(78, '2019-07-24 17:02:00', NULL, NULL, 0, 0, 0, 0, NULL, NULL, 0, '2019-07-24 17:02:57', 95, NULL),
(79, '2019-08-04 16:10:00', '2019-08-04 23:30:00', NULL, 1, 0, 0, 1, NULL, '2019-08-06 14:07:26', 1, '2019-08-04 16:10:18', 106, 1),
(80, '2019-08-06 09:16:00', '2019-08-07 00:30:00', NULL, 0, 0, 0, 1, NULL, '2019-08-08 14:15:19', 1, '2019-08-06 09:16:05', 106, 1),
(81, '2019-08-06 09:35:00', NULL, NULL, 0, 0, 0, 0, NULL, '2019-09-13 11:11:51', 1, '2019-08-06 09:35:44', 116, 1),
(82, '2019-08-08 14:14:00', '2019-08-09 00:30:00', NULL, 0, 0, 0, 1, NULL, '2019-08-08 14:15:15', 1, '2019-08-08 14:14:03', 106, 1),
(83, '2019-08-12 10:07:00', NULL, NULL, 0, 0, 0, 0, NULL, '2019-09-13 11:11:55', 1, '2019-08-12 10:07:43', 116, 1),
(84, '2019-08-13 21:58:00', NULL, NULL, 0, 0, 0, 0, NULL, '2019-09-13 11:11:58', 1, '2019-08-13 21:58:35', 106, 1),
(85, '2019-08-14 14:52:00', '2019-08-14 20:30:00', 'test tính năng sửa giờ', 1, 0, 0, 0, NULL, '2019-09-07 00:59:45', 1, '2019-08-14 14:52:29', 106, 1),
(86, '2019-08-22 09:07:00', NULL, NULL, 0, 0, 0, 0, NULL, '2019-09-13 11:12:00', 1, '2019-08-22 09:07:19', 106, 1),
(87, '2019-08-24 10:56:00', NULL, NULL, 0, 0, 0, 0, NULL, '2019-09-13 11:12:04', 1, '2019-08-24 10:56:48', 106, 1),
(88, '2019-09-04 13:35:00', NULL, NULL, 0, 0, 0, 0, 'Không báo giờ ra', '2019-09-26 23:20:47', 1, '2019-09-04 13:35:26', 135, NULL),
(89, '2019-09-06 23:11:00', '2019-09-07 00:30:00', NULL, 0, 0, 0, 1, NULL, '2019-09-13 11:30:11', 1, '2019-09-06 23:11:37', 135, 1),
(90, '2019-09-07 10:02:00', NULL, NULL, 0, 0, 0, 0, 'Không báo giờ ra', '2019-09-26 23:20:47', 1, '2019-09-07 10:02:38', 135, NULL),
(91, '2019-09-11 11:50:00', NULL, NULL, 0, 0, 0, 0, 'Không báo giờ ra', '2019-09-26 23:20:47', 1, '2019-09-11 11:50:55', 135, NULL),
(92, '2019-09-13 09:39:00', NULL, NULL, 0, 0, 0, 0, 'Không báo giờ ra', '2019-09-26 23:20:47', 1, '2019-09-13 09:39:20', 135, NULL),
(93, '2019-09-13 10:02:00', NULL, NULL, 0, 0, 0, 0, 'Không báo giờ ra', '2019-09-26 23:20:50', 1, '2019-09-13 10:02:35', 140, NULL),
(94, '2019-09-14 10:22:00', NULL, NULL, 0, 0, 0, 0, 'Không báo giờ ra', '2019-09-26 23:20:48', 1, '2019-09-14 10:22:08', 135, NULL),
(95, '2019-09-16 23:21:00', '2019-09-17 00:30:00', NULL, 0, 0, 0, 1, NULL, '2019-09-22 13:33:16', 1, '2019-09-16 23:21:44', 140, 1),
(96, '2019-09-19 22:41:00', NULL, NULL, 0, 0, 0, 0, 'Không báo giờ ra', '2019-09-26 23:20:48', 1, '2019-09-19 22:41:37', 135, NULL),
(99, '2019-09-20 16:58:00', NULL, NULL, 0, 0, 0, 0, 'Không báo giờ ra', '2019-09-26 23:20:48', 1, '2019-09-20 16:58:39', 135, NULL),
(100, '2019-09-21 23:43:00', NULL, NULL, 0, 0, 0, 0, 'Không báo giờ ra', '2019-09-26 23:20:48', 1, '2019-09-21 23:43:59', 135, NULL),
(101, '2019-09-22 13:38:00', '2019-09-22 17:30:00', 'bbbbbbbbbb', 0, 0, 0, 0, NULL, NULL, 0, '2019-09-22 13:38:37', 135, NULL),
(102, '2019-09-22 16:03:00', NULL, NULL, 0, 0, 0, 0, 'Không báo giờ ra', '2019-09-26 23:20:47', 1, '2019-09-22 16:03:25', 134, NULL),
(103, '2019-10-02 11:51:00', NULL, NULL, 0, 0, 0, 0, 'Không báo giờ ra', '2019-10-31 23:07:24', 1, '2019-10-02 11:51:22', 148, NULL),
(104, '2019-10-17 12:09:00', NULL, NULL, 0, 0, 0, 0, 'Không báo giờ ra', '2019-10-31 23:07:24', 1, '2019-10-17 12:09:44', 148, NULL),
(105, '2019-10-31 23:07:00', NULL, NULL, 0, 0, 0, 0, NULL, NULL, 0, '2019-10-31 23:07:21', 148, NULL),
(106, '2019-11-18 10:26:00', NULL, NULL, 0, 0, 0, 0, 'Không báo giờ ra', '2019-11-26 18:08:32', 1, '2019-11-18 10:26:25', 151, NULL),
(107, '2019-11-19 18:31:00', '2019-11-20 00:30:00', NULL, 0, 0, 0, 1, NULL, '2019-11-19 18:32:44', 1, '2019-11-19 18:32:00', 151, 1),
(108, '2019-11-26 18:08:00', NULL, NULL, 0, 0, 0, 0, NULL, NULL, 0, '2019-11-26 18:08:31', 151, NULL),
(109, '2019-12-02 10:20:00', '2019-12-02 23:30:00', NULL, 1, 0, 0, 1, NULL, '2019-12-03 00:11:07', 1, '2019-12-02 10:20:31', 164, 1),
(110, '2019-12-14 14:25:00', '2019-12-14 23:30:00', NULL, 1, 0, 0, 1, NULL, '2019-12-14 23:12:20', 1, '2019-12-14 14:25:51', 166, 1),
(111, '2019-12-16 11:19:00', NULL, NULL, 0, 0, 0, 0, 'Không báo giờ ra', '2019-12-28 19:09:40', 1, '2019-12-16 11:19:34', 166, NULL),
(112, '2019-12-28 19:08:00', NULL, NULL, 0, 0, 0, 0, NULL, NULL, 0, '2019-12-28 19:08:47', 164, NULL);

-- --------------------------------------------------------

--
-- Table structure for table `qc_timekeeping_provisional_image`
--

CREATE TABLE `qc_timekeeping_provisional_image` (
  `image_id` int(10) UNSIGNED NOT NULL,
  `name` varchar(250) COLLATE utf8mb4_unicode_ci NOT NULL,
  `timekeeping_provisional_id` int(10) UNSIGNED NOT NULL,
  `report_id` int(10) UNSIGNED DEFAULT NULL,
  `created_at` datetime NOT NULL
) ENGINE=InnoDB DEFAULT CHARSET=utf8mb4 COLLATE=utf8mb4_unicode_ci;

--
-- Dumping data for table `qc_timekeeping_provisional_image`
--

INSERT INTO `qc_timekeeping_provisional_image` (`image_id`, `name`, `timekeeping_provisional_id`, `report_id`, `created_at`) VALUES
(29, '181213131807_1.png', 4, NULL, '2018-12-13 13:18:08'),
(30, '181213131808_2.png', 4, NULL, '2018-12-13 13:18:09'),
(31, '181213133211_1.png', 7, NULL, '2018-12-13 13:32:11'),
(32, '181215021049_1.png', 28, NULL, '2018-12-15 02:10:50'),
(33, '181215021050_2.jpg', 28, NULL, '2018-12-15 02:10:50'),
(34, '190404162009_1.jpg', 68, NULL, '2019-04-04 16:20:10'),
(35, '190404162010_2.jpg', 68, NULL, '2019-04-04 16:20:10'),
(36, '190525023604_1.png', 73, NULL, '2019-05-25 02:36:04'),
(37, '190525023604_2.JPG', 73, NULL, '2019-05-25 02:36:04'),
(38, '190525023605_1.png', 73, NULL, '2019-05-25 02:36:05'),
(39, '190525023605_2.JPG', 73, NULL, '2019-05-25 02:36:06'),
(40, '190610045909_1.JPG', 75, NULL, '2019-06-10 04:59:09'),
(41, '190610045909_2.JPG', 75, NULL, '2019-06-10 04:59:09'),
(42, '190721003833_1.png', 77, NULL, '2019-07-21 00:38:33'),
(43, '190806091620_1.png', 79, NULL, '2019-08-06 09:16:20'),
(44, '190808141426_1.jpg', 82, NULL, '2019-08-08 14:14:26'),
(45, '190808141502_1.JPG', 80, NULL, '2019-08-08 14:15:02'),
(46, '190812100758_1.JPG', 83, NULL, '2019-08-12 10:07:58'),
(47, '190812102448_1.jpg', 83, NULL, '2019-08-12 10:24:49'),
(48, '190814150041_1.png', 85, NULL, '2019-08-14 15:00:42'),
(49, '190907005315_1.JPG', 89, NULL, '2019-09-07 00:53:15'),
(50, '190916232253_1.jpg', 95, NULL, '2019-09-16 23:22:53'),
(57, '190922152732.jpg', 101, NULL, '2019-09-22 15:27:33'),
(58, '190922152733.JPG', 101, 15, '2019-09-22 15:27:33'),
(59, '191119183221.JPG', 107, NULL, '2019-11-19 18:32:21'),
(60, '191203001050.jpg', 109, NULL, '2019-12-03 00:10:50'),
(61, '191214230914.jpg', 110, NULL, '2019-12-14 23:09:14');

-- --------------------------------------------------------

--
-- Table structure for table `qc_tools`
--

CREATE TABLE `qc_tools` (
  `tool_id` int(10) UNSIGNED NOT NULL,
  `name` varchar(50) COLLATE utf8mb4_unicode_ci NOT NULL,
  `unit` varchar(30) COLLATE utf8mb4_unicode_ci NOT NULL,
  `description` text COLLATE utf8mb4_unicode_ci,
  `created_at` datetime NOT NULL
) ENGINE=InnoDB DEFAULT CHARSET=utf8mb4 COLLATE=utf8mb4_unicode_ci;

--
-- Dumping data for table `qc_tools`
--

INSERT INTO `qc_tools` (`tool_id`, `name`, `unit`, `description`, `created_at`) VALUES
(1, 'Máy khoan', 'Cái', NULL, '2019-03-24 16:57:56'),
(2, 'Máy hàn', 'Cái', NULL, '2019-03-24 16:59:30'),
(3, 'Súng bắn silicon', 'Cái', NULL, '2019-03-24 16:59:39'),
(5, 'Giàn giáo', 'bộ', NULL, '2019-03-24 16:59:58'),
(6, 'Máy cắt sắt cầm tay', 'cái', NULL, '2019-03-24 17:00:22'),
(7, 'Máy cắt sắt lớn', 'cái', NULL, '2019-03-24 17:00:46'),
(8, 'Thang', 'cái', NULL, '2019-03-24 17:19:49'),
(9, 'dụng cụ 2', 'cái', '', '2019-04-11 17:56:43'),
(11, 'dụng cụ 3', 'cây', '', '2019-04-11 18:01:23'),
(12, 'dụng cụ 4', 'cây', '', '2019-04-11 18:05:53'),
(13, 'dụng cụ 5', 'cái', '', '2019-04-11 18:05:53'),
(14, 'thuoc thuy', 'cái', '', '2019-04-15 07:10:31');

-- --------------------------------------------------------

--
-- Table structure for table `qc_tool_allocation`
--

CREATE TABLE `qc_tool_allocation` (
  `allocation_id` int(10) UNSIGNED NOT NULL,
  `allocationDate` datetime NOT NULL,
  `confirmStatus` tinyint(4) NOT NULL DEFAULT '0',
  `confirmDate` datetime DEFAULT NULL,
  `created_at` datetime NOT NULL,
  `allocationStaff_id` int(10) UNSIGNED NOT NULL,
  `receiveStaff_id` int(10) UNSIGNED NOT NULL
) ENGINE=InnoDB DEFAULT CHARSET=utf8mb4 COLLATE=utf8mb4_unicode_ci;

--
-- Dumping data for table `qc_tool_allocation`
--

INSERT INTO `qc_tool_allocation` (`allocation_id`, `allocationDate`, `confirmStatus`, `confirmDate`, `created_at`, `allocationStaff_id`, `receiveStaff_id`) VALUES
(1, '2019-04-11 18:05:54', 1, '2019-04-15 06:23:45', '2019-04-11 18:05:54', 1, 1),
(2, '2019-04-11 18:22:01', 1, '2019-04-15 06:25:26', '2019-04-11 18:22:01', 1, 1),
(3, '2019-04-11 18:22:01', 1, '2019-04-15 06:25:55', '2019-04-11 18:22:01', 1, 1),
(4, '2019-04-11 18:30:43', 1, '2019-04-15 06:25:51', '2019-04-11 18:30:43', 1, 1),
(5, '2019-04-11 18:32:28', 1, '2019-04-15 06:25:43', '2019-04-11 18:32:28', 1, 1),
(6, '2019-04-15 05:52:33', 1, '2019-04-15 06:25:38', '2019-04-15 05:52:33', 1, 1),
(7, '2019-04-15 05:52:33', 1, '2019-04-15 06:25:35', '2019-04-15 05:52:33', 1, 1),
(8, '2019-04-15 05:52:33', 1, '2019-04-15 06:25:33', '2019-04-15 05:52:33', 1, 1),
(9, '2019-04-15 07:10:31', 1, '2019-04-15 07:11:37', '2019-04-15 07:10:31', 1, 1),
(11, '2019-04-16 17:12:03', 1, '2019-04-16 17:15:25', '2019-04-16 17:12:03', 1, 1),
(12, '2019-04-16 17:17:13', 1, '2019-08-09 14:11:54', '2019-04-16 17:17:13', 1, 1),
(13, '2019-04-17 04:48:44', 0, NULL, '2019-04-17 04:48:44', 1, 1),
(14, '2019-05-10 04:39:49', 1, '2019-06-17 08:51:59', '2019-05-10 04:39:49', 1, 1),
(15, '2019-06-17 07:49:24', 0, NULL, '2019-06-17 07:49:24', 1, 1),
(16, '2019-06-17 08:56:07', 0, NULL, '2019-06-17 08:56:07', 1, 1),
(17, '2019-08-09 16:21:56', 0, NULL, '2019-08-09 16:21:56', 1, 1),
(18, '2019-08-09 22:34:32', 0, NULL, '2019-08-09 22:34:32', 1, 1),
(19, '2019-08-09 22:40:18', 0, NULL, '2019-08-09 22:40:18', 1, 1),
(20, '2019-08-09 23:49:40', 0, NULL, '2019-08-09 23:49:40', 1, 1),
(21, '2019-08-10 01:01:00', 0, NULL, '2019-08-10 01:01:00', 1, 15),
(22, '2019-08-10 01:03:34', 0, NULL, '2019-08-10 01:03:34', 1, 15),
(23, '2019-08-10 01:04:30', 0, NULL, '2019-08-10 01:04:30', 1, 15),
(24, '2019-08-10 01:09:03', 0, NULL, '2019-08-10 01:09:03', 1, 15),
(25, '2019-08-11 17:06:16', 1, '2019-08-11 17:06:31', '2019-08-11 17:06:16', 1, 15),
(26, '2019-09-18 23:15:56', 0, NULL, '2019-09-18 23:15:56', 16, 16),
(27, '2019-12-16 20:35:18', 0, NULL, '2019-12-16 20:35:18', 1, 1);

-- --------------------------------------------------------

--
-- Table structure for table `qc_tool_allocation_detail`
--

CREATE TABLE `qc_tool_allocation_detail` (
  `detail_id` int(10) UNSIGNED NOT NULL,
  `amount` int(11) NOT NULL,
  `newStatus` tinyint(4) NOT NULL DEFAULT '1',
  `created_at` datetime NOT NULL,
  `tool_id` int(10) UNSIGNED DEFAULT NULL,
  `company_id` int(10) UNSIGNED DEFAULT NULL,
  `store_id` int(10) UNSIGNED DEFAULT NULL,
  `allocation_id` int(10) UNSIGNED NOT NULL
) ENGINE=InnoDB DEFAULT CHARSET=utf8mb4 COLLATE=utf8mb4_unicode_ci;

--
-- Dumping data for table `qc_tool_allocation_detail`
--

INSERT INTO `qc_tool_allocation_detail` (`detail_id`, `amount`, `newStatus`, `created_at`, `tool_id`, `company_id`, `store_id`, `allocation_id`) VALUES
(1, 1, 1, '2019-04-12 00:00:00', 13, 2, 8, 1),
(2, 3, 1, '2019-04-11 18:22:01', 6, 2, 12, 2),
(3, 3, 1, '2019-04-11 18:22:01', 1, 2, 13, 3),
(4, 2, 1, '2019-04-11 18:30:43', 1, 2, 13, 4),
(5, 30, 1, '2019-04-11 18:32:28', 1, 2, 13, 5),
(6, 2, 1, '2019-04-15 05:52:33', 3, 2, 4, 6),
(7, 1, 1, '2019-04-15 05:52:33', 1, 2, 13, 7),
(8, 1, 1, '2019-04-15 05:52:33', 7, 2, 15, 8),
(9, 1, 1, '2019-04-15 07:10:31', 14, 2, 17, 9),
(11, 1, 1, '2019-04-16 17:12:03', 9, 2, 20, 11),
(12, 1, 0, '2019-04-16 17:12:03', 12, 2, 7, 11),
(13, 1, 0, '2019-04-16 17:17:14', 12, 2, 7, 12),
(14, 1, 1, '2019-04-17 04:48:44', 9, 2, 20, 13),
(15, 2, 0, '2019-04-17 04:48:44', 12, 2, 7, 13),
(16, 1, 0, '2019-05-10 04:39:49', 11, 2, 6, 14),
(17, 2, 1, '2019-06-17 07:49:25', 11, 2, 6, 15),
(18, 1, 1, '2019-06-17 08:56:07', 9, 2, 20, 16),
(19, 1, 1, '2019-08-09 16:21:56', 1, 2, 13, 17),
(20, 1, 1, '2019-08-09 22:34:32', 8, 1, 22, 18),
(21, 1, 1, '2019-08-09 22:40:18', 8, 1, 22, 19),
(22, 8, 1, '2019-08-09 23:49:40', 6, 2, 12, 20),
(23, 1, 1, '2019-08-10 01:03:35', 8, 2, 24, 22),
(24, 2, 1, '2019-08-10 01:04:30', 8, 2, 24, 23),
(25, 5, 1, '2019-08-10 01:09:03', 8, 2, 24, 24),
(26, 1, 0, '2019-08-11 17:06:16', 12, 2, 7, 25),
(27, 1, 1, '2019-09-18 23:15:56', 5, 2, 27, 26),
(28, 2, 1, '2019-12-16 20:35:19', 1, 1, 31, 27);

-- --------------------------------------------------------

--
-- Table structure for table `qc_tool_return`
--

CREATE TABLE `qc_tool_return` (
  `return_id` int(10) UNSIGNED NOT NULL,
  `returnDate` datetime NOT NULL,
  `created_at` datetime NOT NULL,
  `returnStaff_id` int(10) UNSIGNED NOT NULL,
  `confirmStaff_id` int(10) UNSIGNED DEFAULT NULL
) ENGINE=InnoDB DEFAULT CHARSET=utf8mb4 COLLATE=utf8mb4_unicode_ci;

-- --------------------------------------------------------

--
-- Table structure for table `qc_tool_return_detail`
--

CREATE TABLE `qc_tool_return_detail` (
  `detail_id` int(10) UNSIGNED NOT NULL,
  `amount` int(11) NOT NULL,
  `useStatus` tinyint(4) NOT NULL DEFAULT '1',
  `created_at` datetime NOT NULL,
  `tool_id` int(10) UNSIGNED NOT NULL,
  `return_id` int(10) UNSIGNED NOT NULL
) ENGINE=InnoDB DEFAULT CHARSET=utf8mb4 COLLATE=utf8mb4_unicode_ci;

-- --------------------------------------------------------

--
-- Table structure for table `qc_tool_staff`
--

CREATE TABLE `qc_tool_staff` (
  `detail_id` int(10) UNSIGNED NOT NULL,
  `amount` int(11) NOT NULL,
  `addDate` datetime NOT NULL,
  `created_at` datetime NOT NULL,
  `tool_id` int(10) UNSIGNED NOT NULL,
  `staff_id` int(10) UNSIGNED NOT NULL
) ENGINE=InnoDB DEFAULT CHARSET=utf8mb4 COLLATE=utf8mb4_unicode_ci;

-- --------------------------------------------------------

--
-- Table structure for table `qc_transfers`
--

CREATE TABLE `qc_transfers` (
  `transfers_id` int(10) UNSIGNED NOT NULL,
  `transfersCode` varchar(30) COLLATE utf8mb4_unicode_ci NOT NULL,
  `money` int(11) NOT NULL,
  `transfersDate` datetime NOT NULL,
  `reason` varchar(255) COLLATE utf8mb4_unicode_ci DEFAULT NULL,
  `transferImage` varchar(255) COLLATE utf8mb4_unicode_ci DEFAULT NULL,
  `confirmDate` datetime DEFAULT NULL,
  `confirmReceive` tinyint(1) NOT NULL DEFAULT '0',
  `created_at` datetime NOT NULL,
  `transfersStaff_id` int(10) UNSIGNED NOT NULL,
  `receiveStaff_id` int(10) UNSIGNED NOT NULL,
  `company_id` int(10) UNSIGNED DEFAULT NULL
) ENGINE=InnoDB DEFAULT CHARSET=utf8mb4 COLLATE=utf8mb4_unicode_ci;

--
-- Dumping data for table `qc_transfers`
--

INSERT INTO `qc_transfers` (`transfers_id`, `transfersCode`, `money`, `transfersDate`, `reason`, `transferImage`, `confirmDate`, `confirmReceive`, `created_at`, `transfersStaff_id`, `receiveStaff_id`, `company_id`) VALUES
(1, '180614161911', 1000000, '2018-06-14 00:00:00', 'giao cty', NULL, NULL, 0, '2018-06-14 16:19:11', 1, 7, 1),
(3, '180614162450', 3000000, '2018-06-14 00:00:00', 'mua hàng', NULL, NULL, 0, '2018-06-14 16:24:50', 7, 9, 1),
(4, '180614165056', 10000000, '2018-06-14 00:00:00', 'tiền nhà', NULL, NULL, 0, '2018-06-14 16:50:56', 7, 1, 2),
(5, '180614165929', 50000001, '2018-06-10 00:00:00', 'abczzzzz', NULL, NULL, 0, '2018-06-14 16:59:29', 7, 9, 1),
(6, '180614171503', 1000000, '2018-06-14 00:00:00', 'nm', NULL, NULL, 0, '2018-06-14 17:15:03', 9, 7, 1),
(7, '180630082351', 1500000, '2018-06-28 00:00:00', 'abc', NULL, NULL, 0, '2018-06-30 08:23:51', 1, 8, 2),
(9, '190718121956', 6100000, '2019-07-18 12:19:56', 'giao lần 1', '1', NULL, 0, '2019-07-18 12:19:56', 1, 1, 1),
(10, '190718153704', 100000, '2019-07-18 15:37:04', NULL, '1', '2019-07-19 02:20:36', 1, '2019-07-18 15:37:04', 1, 1, 1),
(11, '190804142558', 10000000, '2019-08-04 00:00:00', 'Mua vật tư', NULL, NULL, 0, '2019-08-04 14:25:58', 1, 16, 2),
(12, '190913144059', 10000000, '2019-09-13 14:40:59', NULL, NULL, '2019-09-13 16:53:21', 1, '2019-09-13 14:40:59', 16, 16, 2),
(13, '190913150349', 20000000, '2019-09-13 00:00:00', 'thanh toan luong', NULL, '2019-09-13 16:52:47', 1, '2019-09-13 15:03:49', 1, 16, 2),
(14, '191214142046', 5000000, '2019-12-14 00:00:00', 'chi mua vat tu', NULL, '2019-12-14 14:48:42', 1, '2019-12-14 14:20:46', 1, 10, 2),
(15, '191216211436', 9000000, '2019-12-16 21:14:36', NULL, NULL, NULL, 0, '2019-12-16 21:14:36', 10, 16, 2);

-- --------------------------------------------------------

--
-- Table structure for table `qc_transfers_detail`
--

CREATE TABLE `qc_transfers_detail` (
  `detail_id` int(10) UNSIGNED NOT NULL,
  `created_at` datetime NOT NULL,
  `transfers_id` int(10) UNSIGNED NOT NULL,
  `pay_id` int(10) UNSIGNED NOT NULL
) ENGINE=InnoDB DEFAULT CHARSET=utf8mb4 COLLATE=utf8mb4_unicode_ci;

--
-- Dumping data for table `qc_transfers_detail`
--

INSERT INTO `qc_transfers_detail` (`detail_id`, `created_at`, `transfers_id`, `pay_id`) VALUES
(1, '2019-07-18 12:19:56', 9, 50),
(2, '2019-07-18 12:19:56', 9, 49),
(3, '2019-07-18 12:19:56', 9, 48),
(4, '2019-07-18 12:19:56', 9, 47),
(5, '2019-07-18 15:37:04', 10, 53),
(6, '2019-09-13 14:40:59', 12, 61),
(7, '2019-12-16 21:14:36', 15, 83),
(8, '2019-12-16 21:14:36', 15, 27);

-- --------------------------------------------------------

--
-- Table structure for table `qc_works`
--

CREATE TABLE `qc_works` (
  `work_id` int(10) UNSIGNED NOT NULL,
  `fromDate` datetime NOT NULL,
  `toDate` datetime NOT NULL,
  `salaryStatus` tinyint(1) NOT NULL DEFAULT '0',
  `action` tinyint(4) NOT NULL DEFAULT '1',
  `created_at` datetime NOT NULL,
  `staff_id` int(10) UNSIGNED DEFAULT NULL,
  `companyStaffWork_id` int(10) UNSIGNED DEFAULT NULL
) ENGINE=InnoDB DEFAULT CHARSET=utf8mb4 COLLATE=utf8mb4_unicode_ci;

--
-- Dumping data for table `qc_works`
--

INSERT INTO `qc_works` (`work_id`, `fromDate`, `toDate`, `salaryStatus`, `action`, `created_at`, `staff_id`, `companyStaffWork_id`) VALUES
(1, '2018-03-19 00:00:00', '2018-03-31 00:00:00', 1, 0, '2018-03-20 00:00:00', 1, NULL),
(3, '2018-03-19 00:00:00', '2018-03-31 00:00:00', 1, 0, '2018-03-20 16:10:39', 5, NULL),
(4, '2018-03-01 00:00:00', '2018-03-31 00:00:00', 1, 0, '2018-03-21 05:02:43', 6, NULL),
(5, '2018-03-01 00:00:00', '2018-03-31 00:00:00', 0, 0, '2018-03-21 05:23:12', 7, NULL),
(6, '2018-05-14 00:00:00', '2018-05-31 00:00:00', 1, 0, '2018-05-14 03:41:52', 5, NULL),
(7, '2018-05-14 00:00:00', '2018-05-31 00:00:00', 1, 0, '2018-05-14 03:53:32', 6, NULL),
(8, '2018-05-14 00:00:00', '2018-05-31 00:00:00', 1, 0, '2018-05-14 03:55:22', 1, NULL),
(9, '2017-05-01 00:00:00', '2017-05-31 00:00:00', 1, 0, '2018-05-24 04:59:18', 8, NULL),
(10, '2018-05-01 00:00:00', '2018-05-31 00:00:00', 1, 0, '2018-05-25 07:16:52', 9, NULL),
(11, '2018-05-31 00:00:00', '2018-05-31 00:00:00', 1, 0, '2018-05-31 04:08:55', 5, NULL),
(12, '2018-05-31 00:00:00', '2018-05-31 00:00:00', 1, 0, '2018-05-31 06:58:02', 10, NULL),
(13, '2018-05-31 00:00:00', '2018-05-31 00:00:00', 1, 0, '2018-05-31 07:04:57', 12, NULL),
(14, '2018-06-01 00:00:00', '2018-06-30 00:00:00', 1, 0, '2018-06-01 04:51:12', 5, NULL),
(15, '2018-06-01 00:00:00', '2018-06-30 00:00:00', 1, 0, '2018-06-01 04:51:17', 12, NULL),
(16, '2018-06-01 00:00:00', '2018-06-30 00:00:00', 1, 0, '2018-06-01 04:51:22', 10, NULL),
(17, '2018-06-01 00:00:00', '2018-06-30 00:00:00', 0, 0, '2018-06-01 04:51:27', 9, NULL),
(18, '2018-06-01 00:00:00', '2018-06-30 00:00:00', 1, 0, '2018-06-01 04:51:32', 1, NULL),
(19, '2018-06-01 00:00:00', '2018-06-30 00:00:00', 0, 0, '2018-06-01 04:51:36', 6, NULL),
(20, '2018-06-08 00:00:00', '2018-06-30 00:00:00', 1, 0, '2018-06-08 13:31:54', 8, NULL),
(21, '2018-07-01 00:00:00', '2018-07-31 00:00:00', 1, 0, '2018-07-01 17:47:57', 5, NULL),
(22, '2018-07-01 00:00:00', '2018-07-31 00:00:00', 1, 0, '2018-07-01 18:07:56', 8, NULL),
(23, '2018-07-01 00:00:00', '2018-07-31 00:00:00', 1, 0, '2018-07-01 18:20:42', 12, NULL),
(24, '2018-07-01 00:00:00', '2018-07-31 00:00:00', 1, 0, '2018-07-01 18:21:59', 1, NULL),
(25, '2018-07-01 00:00:00', '2018-07-31 00:00:00', 1, 0, '2018-07-01 18:22:30', 10, NULL),
(27, '2018-11-01 00:00:00', '2018-11-30 00:00:00', 1, 0, '2018-11-14 08:16:22', 14, NULL),
(28, '2018-12-01 00:00:00', '2018-12-31 00:00:00', 0, 0, '2018-12-27 04:07:47', 5, NULL),
(29, '2018-12-01 00:00:00', '2018-12-31 00:00:00', 0, 0, '2018-12-27 04:07:52', 8, NULL),
(30, '2018-12-01 00:00:00', '2018-12-31 00:00:00', 0, 0, '2018-12-27 04:07:56', 12, NULL),
(31, '2018-12-01 00:00:00', '2018-12-31 00:00:00', 1, 0, '2018-12-27 04:08:01', 1, NULL),
(32, '2018-12-01 00:00:00', '2018-12-31 00:00:00', 0, 0, '2018-12-27 04:08:06', 10, NULL),
(33, '2018-12-01 00:00:00', '2018-12-31 00:00:00', 0, 0, '2018-12-27 04:47:21', 14, NULL),
(34, '2019-01-01 00:00:00', '2019-01-31 00:00:00', 1, 0, '2019-01-23 16:28:57', 7, NULL),
(35, '2019-01-01 00:00:00', '2019-01-31 00:00:00', 1, 0, '2019-01-23 16:28:57', 9, NULL),
(36, '2019-01-01 00:00:00', '2019-01-31 00:00:00', 0, 0, '2019-01-23 16:28:57', 6, NULL),
(37, '2019-01-01 00:00:00', '2019-01-31 00:00:00', 1, 0, '2019-01-23 16:28:57', 5, NULL),
(38, '2019-01-01 00:00:00', '2019-01-31 00:00:00', 1, 0, '2019-01-23 16:28:58', 8, NULL),
(39, '2019-01-01 00:00:00', '2019-01-31 00:00:00', 1, 0, '2019-01-23 16:28:58', 12, NULL),
(40, '2019-01-01 00:00:00', '2019-01-31 00:00:00', 1, 0, '2019-01-23 16:28:58', 1, NULL),
(41, '2019-01-01 00:00:00', '2019-01-31 00:00:00', 0, 0, '2019-01-23 16:28:58', 10, NULL),
(42, '2019-01-01 00:00:00', '2019-01-31 00:00:00', 1, 0, '2019-01-23 16:28:58', 14, NULL),
(43, '2019-02-01 00:00:00', '2019-02-28 00:00:00', 0, 0, '2019-02-13 01:59:04', 7, NULL),
(44, '2019-02-01 00:00:00', '2019-02-28 00:00:00', 0, 0, '2019-02-13 01:59:04', 9, NULL),
(45, '2019-02-01 00:00:00', '2019-02-28 00:00:00', 0, 0, '2019-02-13 01:59:04', 6, NULL),
(46, '2019-02-01 00:00:00', '2019-02-28 00:00:00', 0, 0, '2019-02-13 01:59:05', 5, NULL),
(47, '2019-02-01 00:00:00', '2019-02-28 00:00:00', 0, 0, '2019-02-13 01:59:05', 8, NULL),
(48, '2019-02-01 00:00:00', '2019-02-28 00:00:00', 0, 0, '2019-02-13 01:59:05', 12, NULL),
(49, '2019-02-01 00:00:00', '2019-02-28 00:00:00', 0, 0, '2019-02-13 01:59:05', 1, NULL),
(50, '2019-02-01 00:00:00', '2019-02-28 00:00:00', 0, 0, '2019-02-13 01:59:05', 10, NULL),
(51, '2019-02-01 00:00:00', '2019-02-28 00:00:00', 0, 0, '2019-02-13 01:59:05', 14, NULL),
(52, '2019-03-01 00:00:00', '2019-03-31 00:00:00', 0, 0, '2019-03-07 09:23:37', 7, NULL),
(53, '2019-03-01 00:00:00', '2019-03-31 00:00:00', 0, 0, '2019-03-07 09:23:37', 9, NULL),
(54, '2019-03-01 00:00:00', '2019-03-31 00:00:00', 0, 0, '2019-03-07 09:23:37', 6, NULL),
(55, '2019-03-01 00:00:00', '2019-03-31 00:00:00', 0, 0, '2019-03-07 09:23:37', 5, NULL),
(56, '2019-03-01 00:00:00', '2019-03-31 00:00:00', 0, 0, '2019-03-07 09:23:38', 8, NULL),
(57, '2019-03-01 00:00:00', '2019-03-31 00:00:00', 0, 0, '2019-03-07 09:23:38', 12, NULL),
(58, '2019-03-01 00:00:00', '2019-03-31 00:00:00', 0, 0, '2019-03-07 09:23:38', 1, NULL),
(59, '2019-03-01 00:00:00', '2019-03-31 00:00:00', 0, 0, '2019-03-07 09:23:38', 10, NULL),
(60, '2019-03-01 00:00:00', '2019-03-31 00:00:00', 0, 0, '2019-03-07 09:23:38', 14, NULL),
(61, '2019-04-01 00:00:00', '2019-04-30 00:00:00', 0, 0, '2019-04-01 08:56:48', 7, NULL),
(62, '2019-04-01 00:00:00', '2019-04-30 00:00:00', 0, 0, '2019-04-01 08:56:48', 9, NULL),
(63, '2019-04-01 00:00:00', '2019-04-30 00:00:00', 0, 0, '2019-04-01 08:56:48', 6, NULL),
(64, '2019-04-01 00:00:00', '2019-04-30 00:00:00', 1, 0, '2019-04-01 08:56:49', 5, NULL),
(65, '2019-04-01 00:00:00', '2019-04-30 00:00:00', 1, 0, '2019-04-01 08:56:49', 8, NULL),
(66, '2019-04-01 00:00:00', '2019-04-30 00:00:00', 0, 0, '2019-04-01 08:56:49', 12, NULL),
(67, '2019-04-01 00:00:00', '2019-04-30 00:00:00', 1, 0, '2019-04-01 08:56:49', 1, NULL),
(68, '2019-04-01 00:00:00', '2019-04-30 00:00:00', 0, 0, '2019-04-01 08:56:49', 10, NULL),
(69, '2019-04-01 00:00:00', '2019-04-30 00:00:00', 0, 0, '2019-04-01 08:56:49', 14, NULL),
(70, '2019-05-01 00:00:00', '2019-05-31 00:00:00', 0, 0, '2019-05-07 02:28:54', 7, NULL),
(71, '2019-05-01 00:00:00', '2019-05-31 00:00:00', 0, 0, '2019-05-07 02:28:54', 9, NULL),
(72, '2019-05-01 00:00:00', '2019-05-31 00:00:00', 0, 0, '2019-05-07 02:28:54', 6, NULL),
(73, '2019-05-01 00:00:00', '2019-05-31 00:00:00', 0, 0, '2019-05-07 02:28:54', 5, NULL),
(74, '2019-05-01 00:00:00', '2019-05-31 00:00:00', 0, 0, '2019-05-07 02:28:54', 8, NULL),
(75, '2019-05-01 00:00:00', '2019-05-31 00:00:00', 0, 0, '2019-05-07 02:28:55', 12, NULL),
(76, '2019-05-01 00:00:00', '2019-05-31 00:00:00', 0, 0, '2019-05-07 02:28:55', 1, NULL),
(77, '2019-05-01 00:00:00', '2019-05-31 00:00:00', 0, 0, '2019-05-07 02:28:55', 10, NULL),
(78, '2019-05-01 00:00:00', '2019-05-31 00:00:00', 0, 0, '2019-05-07 02:28:55', 14, NULL),
(79, '2019-06-01 00:00:00', '2019-06-30 00:00:00', 0, 0, '2019-06-04 04:27:50', 7, NULL),
(80, '2019-06-01 00:00:00', '2019-06-30 00:00:00', 0, 0, '2019-06-04 04:27:50', 9, NULL),
(81, '2019-06-01 00:00:00', '2019-06-30 00:00:00', 0, 0, '2019-06-04 04:27:50', 6, NULL),
(82, '2019-06-01 00:00:00', '2019-06-30 00:00:00', 0, 0, '2019-06-04 04:27:50', 5, NULL),
(83, '2019-06-01 00:00:00', '2019-06-30 00:00:00', 0, 0, '2019-06-04 04:27:50', 8, NULL),
(84, '2019-06-01 00:00:00', '2019-06-30 00:00:00', 0, 0, '2019-06-04 04:27:50', 12, NULL),
(85, '2019-06-01 00:00:00', '2019-06-30 00:00:00', 0, 0, '2019-06-04 04:27:51', 1, NULL),
(86, '2019-06-01 00:00:00', '2019-06-30 00:00:00', 0, 0, '2019-06-04 04:27:51', 10, NULL),
(87, '2019-06-01 00:00:00', '2019-06-30 00:00:00', 0, 0, '2019-06-04 04:27:51', 14, NULL),
(88, '2019-06-01 00:00:00', '2019-06-30 00:00:00', 0, 0, '2019-06-18 12:46:04', 15, NULL),
(89, '2019-07-01 00:00:00', '2019-07-31 00:00:00', 0, 0, '2019-07-01 19:42:52', 7, NULL),
(90, '2019-07-01 00:00:00', '2019-07-31 00:00:00', 0, 0, '2019-07-01 19:42:52', 9, NULL),
(91, '2019-07-01 00:00:00', '2019-07-31 00:00:00', 0, 0, '2019-07-01 19:42:52', 6, NULL),
(92, '2019-07-01 00:00:00', '2019-07-31 00:00:00', 0, 0, '2019-07-01 19:42:52', 5, NULL),
(93, '2019-07-01 00:00:00', '2019-07-31 00:00:00', 0, 0, '2019-07-01 19:42:52', 8, NULL),
(94, '2019-07-01 00:00:00', '2019-07-31 00:00:00', 0, 0, '2019-07-01 19:42:52', 12, NULL),
(95, '2019-07-01 00:00:00', '2019-07-31 00:00:00', 0, 0, '2019-07-01 19:42:53', 1, NULL),
(96, '2019-07-01 00:00:00', '2019-07-31 00:00:00', 0, 0, '2019-07-01 19:42:53', 10, NULL),
(97, '2019-07-01 00:00:00', '2019-07-31 00:00:00', 0, 0, '2019-07-01 19:42:53', 14, NULL),
(98, '2019-07-01 00:00:00', '2019-07-31 00:00:00', 0, 0, '2019-07-01 19:42:53', 15, NULL),
(99, '2019-07-13 00:00:00', '2019-07-31 00:00:00', 0, 0, '2019-07-15 22:12:09', 16, NULL),
(100, '2019-07-28 00:00:00', '2019-07-31 00:00:00', 0, 0, '2019-07-29 23:13:23', 18, NULL),
(101, '2019-07-24 00:00:00', '2019-07-31 00:00:00', 0, 0, '2019-07-24 00:00:00', 17, NULL),
(102, '2019-08-01 00:00:00', '2019-08-31 00:00:00', 1, 0, '2019-08-01 10:06:00', NULL, 13),
(103, '2019-08-01 00:00:00', '2019-08-31 00:00:00', 1, 0, '2019-08-01 10:06:00', NULL, 12),
(104, '2019-08-01 00:00:00', '2019-08-31 00:00:00', 1, 0, '2019-08-01 10:06:00', NULL, 5),
(105, '2019-08-01 00:00:00', '2019-08-31 00:00:00', 1, 0, '2019-08-01 10:06:00', NULL, 6),
(106, '2019-08-01 00:00:00', '2019-08-31 00:00:00', 1, 0, '2019-08-01 10:06:00', NULL, 7),
(107, '2019-08-01 00:00:00', '2019-08-31 00:00:00', 1, 0, '2019-08-01 10:06:00', NULL, 8),
(108, '2019-08-01 00:00:00', '2019-08-31 00:00:00', 1, 0, '2019-08-01 10:06:01', NULL, 10),
(109, '2019-08-01 00:00:00', '2019-08-31 00:00:00', 0, 0, '2019-08-01 10:06:01', NULL, 11),
(110, '2019-08-01 00:00:00', '2019-08-31 00:00:00', 1, 0, '2019-08-01 10:06:01', NULL, 9),
(111, '2019-08-01 00:00:00', '2019-08-31 00:00:00', 1, 0, '2019-08-01 10:06:01', NULL, 15),
(112, '2019-08-01 00:00:00', '2019-08-31 00:00:00', 1, 0, '2019-08-01 10:06:01', NULL, 14),
(113, '2019-08-02 00:00:00', '2019-08-31 00:00:00', 1, 0, '2019-08-02 00:00:00', NULL, 16),
(114, '2019-08-01 00:00:00', '2019-08-31 00:00:00', 0, 0, '2019-08-02 11:02:32', NULL, 19),
(115, '2019-08-02 00:00:00', '2019-08-31 00:00:00', 1, 0, '2019-08-02 11:12:07', NULL, 20),
(116, '2019-08-02 00:00:00', '2019-08-31 00:00:00', 1, 0, '2019-08-02 11:17:11', NULL, 21),
(117, '2019-08-03 00:00:00', '2019-08-31 00:00:00', 1, 0, '2019-08-03 15:47:09', NULL, 16),
(118, '2019-08-13 00:00:00', '2019-08-31 00:00:00', 1, 0, '2019-08-13 22:23:49', NULL, 14),
(119, '2019-08-13 00:00:00', '2019-08-31 00:00:00', 1, 0, '2019-08-13 22:24:06', NULL, 8),
(120, '2019-08-13 00:00:00', '2019-08-31 00:00:00', 1, 0, '2019-08-13 22:25:20', NULL, 18),
(121, '2019-08-13 00:00:00', '2019-08-31 00:00:00', 0, 0, '2019-08-13 22:25:46', NULL, 17),
(122, '2019-08-14 00:00:00', '2019-08-31 00:00:00', 1, 0, '2019-08-14 10:58:05', NULL, 22),
(123, '2019-08-29 00:00:00', '2019-08-31 00:00:00', 1, 0, '2019-08-29 14:12:24', NULL, 23),
(124, '2019-08-29 00:00:00', '2019-08-31 00:00:00', 1, 0, '2019-08-29 16:06:53', NULL, 24),
(125, '2019-08-29 00:00:00', '2019-08-31 00:00:00', 1, 0, '2019-08-29 16:16:27', NULL, 25),
(126, '2019-09-03 00:00:00', '2019-09-30 00:00:00', 0, 0, '2019-09-03 09:58:47', NULL, 25),
(127, '2019-09-03 00:00:00', '2019-09-30 00:00:00', 0, 0, '2019-09-03 09:58:52', NULL, 24),
(128, '2019-09-03 00:00:00', '2019-09-30 00:00:00', 0, 0, '2019-09-03 09:59:02', NULL, 22),
(129, '2019-09-03 00:00:00', '2019-09-30 00:00:00', 0, 0, '2019-09-03 09:59:07', NULL, 23),
(130, '2019-09-03 00:00:00', '2019-09-30 00:00:00', 0, 0, '2019-09-03 09:59:16', NULL, 18),
(131, '2019-09-03 00:00:00', '2019-09-30 00:00:00', 0, 0, '2019-09-03 09:59:21', NULL, 16),
(132, '2019-09-03 00:00:00', '2019-09-30 00:00:00', 0, 0, '2019-09-03 09:59:31', NULL, 20),
(133, '2019-09-03 00:00:00', '2019-09-30 00:00:00', 0, 0, '2019-09-03 09:59:36', NULL, 6),
(134, '2019-09-03 00:00:00', '2019-09-30 00:00:00', 0, 0, '2019-09-03 09:59:41', NULL, 21),
(135, '2019-09-03 00:00:00', '2019-09-30 00:00:00', 1, 0, '2019-09-03 09:59:50', NULL, 7),
(136, '2019-09-03 00:00:00', '2019-09-30 00:00:00', 1, 0, '2019-09-03 10:00:12', NULL, 5),
(137, '2019-09-03 00:00:00', '2019-09-30 00:00:00', 1, 0, '2019-09-03 10:00:18', NULL, 13),
(138, '2019-09-03 00:00:00', '2019-09-30 00:00:00', 1, 0, '2019-09-03 10:00:22', NULL, 12),
(139, '2019-09-03 00:00:00', '2019-09-30 00:00:00', 1, 0, '2019-09-03 10:00:31', NULL, 10),
(140, '2019-09-03 00:00:00', '2019-09-30 00:00:00', 1, 0, '2019-09-03 10:00:37', NULL, 9),
(141, '2019-09-03 00:00:00', '2019-09-30 00:00:00', 1, 0, '2019-09-03 10:00:42', NULL, 15),
(142, '2019-10-01 00:00:00', '2019-10-31 00:00:00', 1, 0, '2019-10-01 11:22:03', NULL, 15),
(143, '2019-10-01 00:00:00', '2019-10-31 00:00:00', 1, 0, '2019-10-01 11:22:04', NULL, 9),
(144, '2019-10-01 00:00:00', '2019-10-31 00:00:00', 1, 0, '2019-10-01 11:22:06', NULL, 10),
(145, '2019-10-01 00:00:00', '2019-10-31 00:00:00', 1, 0, '2019-10-01 11:22:09', NULL, 12),
(146, '2019-10-01 00:00:00', '2019-10-31 00:00:00', 1, 0, '2019-10-01 11:22:13', NULL, 13),
(147, '2019-10-01 00:00:00', '2019-10-31 00:00:00', 1, 0, '2019-10-01 11:22:18', NULL, 5),
(148, '2019-10-01 00:00:00', '2019-10-31 00:00:00', 1, 0, '2019-10-01 11:22:21', NULL, 7),
(149, '2019-10-01 00:00:00', '2019-10-31 00:00:00', 1, 0, '2019-10-01 11:34:55', NULL, 26),
(150, '2019-11-01 00:00:00', '2019-11-30 00:00:00', 1, 0, '2019-11-01 00:09:10', NULL, 26),
(151, '2019-11-01 00:00:00', '2019-11-30 00:00:00', 1, 0, '2019-11-01 00:09:10', NULL, 7),
(152, '2019-11-01 00:00:00', '2019-11-30 00:00:00', 1, 0, '2019-11-01 00:09:10', NULL, 5),
(153, '2019-11-01 00:00:00', '2019-11-30 00:00:00', 1, 0, '2019-11-01 00:09:11', NULL, 13),
(154, '2019-11-01 00:00:00', '2019-11-30 00:00:00', 1, 0, '2019-11-01 00:09:12', NULL, 12),
(155, '2019-11-01 00:00:00', '2019-11-30 00:00:00', 1, 0, '2019-11-01 00:09:12', NULL, 10),
(156, '2019-11-01 00:00:00', '2019-11-30 00:00:00', 1, 0, '2019-11-01 00:09:13', NULL, 9),
(157, '2019-11-01 00:00:00', '2019-11-30 00:00:00', 1, 0, '2019-11-01 00:09:14', NULL, 15),
(158, '2019-12-01 00:00:00', '2019-12-31 00:00:00', 1, 0, '2019-12-01 22:56:58', NULL, 15),
(159, '2019-12-01 00:00:00', '2019-12-31 00:00:00', 1, 0, '2019-12-01 22:56:59', NULL, 9),
(160, '2019-12-01 00:00:00', '2019-12-31 00:00:00', 1, 0, '2019-12-01 22:56:59', NULL, 10),
(161, '2019-12-01 00:00:00', '2019-12-31 00:00:00', 1, 0, '2019-12-01 22:56:59', NULL, 12),
(162, '2019-12-01 00:00:00', '2019-12-31 00:00:00', 1, 0, '2019-12-01 22:56:59', NULL, 13),
(163, '2019-12-01 00:00:00', '2019-12-31 00:00:00', 1, 0, '2019-12-01 22:57:00', NULL, 5),
(164, '2019-12-01 00:00:00', '2019-12-31 00:00:00', 1, 0, '2019-12-01 22:57:01', NULL, 7),
(165, '2019-12-01 00:00:00', '2019-12-31 00:00:00', 1, 0, '2019-12-01 22:57:01', NULL, 26),
(166, '2019-12-14 00:00:00', '2019-12-31 00:00:00', 1, 0, '2019-12-14 14:22:03', NULL, 17),
(167, '2020-01-02 00:00:00', '2020-01-31 00:00:00', 0, 1, '2020-01-02 09:32:10', NULL, 17),
(168, '2020-01-02 00:00:00', '2020-01-31 00:00:00', 0, 1, '2020-01-02 09:32:11', NULL, 26),
(169, '2020-01-02 00:00:00', '2020-01-31 00:00:00', 0, 1, '2020-01-02 09:32:11', NULL, 7),
(170, '2020-01-02 00:00:00', '2020-01-31 00:00:00', 0, 1, '2020-01-02 09:32:11', NULL, 5),
(171, '2020-01-02 00:00:00', '2020-01-31 00:00:00', 0, 1, '2020-01-02 09:32:12', NULL, 13),
(172, '2020-01-02 00:00:00', '2020-01-31 00:00:00', 0, 1, '2020-01-02 09:32:12', NULL, 12),
(173, '2020-01-02 00:00:00', '2020-01-31 00:00:00', 0, 1, '2020-01-02 09:32:13', NULL, 10),
(174, '2020-01-02 00:00:00', '2020-01-31 00:00:00', 0, 1, '2020-01-02 09:32:13', NULL, 9),
(175, '2020-01-02 00:00:00', '2020-01-31 00:00:00', 0, 1, '2020-01-02 09:32:14', NULL, 15);

-- --------------------------------------------------------

--
-- Table structure for table `qc_work_allocation`
--

CREATE TABLE `qc_work_allocation` (
  `allocation_id` int(10) UNSIGNED NOT NULL,
  `allocationDate` datetime NOT NULL,
  `receiveStatus` tinyint(4) NOT NULL DEFAULT '0',
  `receiveDeadline` datetime NOT NULL,
  `confirmStatus` tinyint(4) NOT NULL DEFAULT '0',
  `confirmDate` datetime DEFAULT NULL,
  `noted` text COLLATE utf8mb4_unicode_ci,
  `role` tinyint(1) NOT NULL DEFAULT '0',
  `action` tinyint(4) NOT NULL DEFAULT '1',
  `created_at` datetime NOT NULL,
  `product_id` int(10) UNSIGNED DEFAULT NULL,
  `allocationStaff_id` int(10) UNSIGNED NOT NULL,
  `receiveStaff_id` int(10) UNSIGNED NOT NULL
) ENGINE=InnoDB DEFAULT CHARSET=utf8mb4 COLLATE=utf8mb4_unicode_ci;

--
-- Dumping data for table `qc_work_allocation`
--

INSERT INTO `qc_work_allocation` (`allocation_id`, `allocationDate`, `receiveStatus`, `receiveDeadline`, `confirmStatus`, `confirmDate`, `noted`, `role`, `action`, `created_at`, `product_id`, `allocationStaff_id`, `receiveStaff_id`) VALUES
(1, '2019-05-22 16:00:00', 0, '2019-05-28 16:00:00', 1, '2019-05-24 08:00:00', 'làm theo thiết kế', 0, 0, '2019-05-22 09:13:04', 22, 1, 1),
(2, '2019-05-22 08:00:00', 0, '2019-05-29 17:30:00', 1, '2019-05-24 09:00:00', 'làm theo thiết kế', 0, 0, '2019-05-22 13:42:19', 21, 1, 1),
(3, '2019-05-22 08:00:00', 0, '2019-05-29 17:30:00', 1, '2019-05-24 07:00:00', 'làm theo thiết kế', 0, 1, '2019-05-22 13:42:19', 21, 1, 12),
(4, '2019-05-21 08:00:00', 0, '2019-05-26 08:00:00', 1, '2019-05-24 05:16:00', NULL, 0, 1, '2019-05-22 13:56:46', 20, 1, 6),
(5, '2019-05-25 08:00:00', 0, '2019-05-31 16:00:00', 1, '2019-05-24 09:58:37', 'làm theo thiết kế', 0, 1, '2019-05-24 09:58:37', 18, 1, 1),
(6, '2019-05-28 08:00:00', 0, '2019-05-30 17:30:00', 1, '2019-05-27 18:08:02', NULL, 0, 1, '2019-05-27 18:08:02', 17, 1, 10),
(7, '2019-06-30 19:00:00', 0, '2019-07-03 19:00:00', 1, '2019-06-30 19:14:06', 'làm theo thiết kế', 0, 0, '2019-06-30 19:14:06', 50, 1, 15),
(8, '2019-06-30 19:00:00', 0, '2019-07-03 19:00:00', 1, '2019-06-30 19:19:56', 'làm theo thiết kế', 0, 1, '2019-06-30 19:19:56', 49, 1, 15),
(9, '2019-07-05 19:00:00', 0, '2019-07-08 19:00:00', 1, '2019-07-05 19:42:22', NULL, 0, 1, '2019-07-05 19:42:22', 55, 1, 1),
(10, '2019-09-27 18:00:00', 0, '2019-09-30 18:00:00', 1, '2019-09-27 18:47:09', NULL, 0, 0, '2019-09-27 18:47:09', 66, 1, 1),
(11, '2019-09-28 09:00:00', 0, '2019-09-30 09:00:00', 1, '2019-09-28 17:01:15', NULL, 0, 1, '2019-09-28 17:01:15', 20, 1, 1),
(12, '2019-09-28 10:00:00', 0, '2019-09-30 10:00:00', 1, '2019-09-28 17:17:39', NULL, 1, 1, '2019-09-28 17:17:39', 20, 1, 19),
(13, '2019-09-28 09:00:00', 0, '2019-10-01 09:00:00', 1, '2019-09-28 17:34:15', NULL, 1, 1, '2019-09-28 17:34:15', 24, 1, 1),
(14, '2019-09-30 10:00:00', 0, '2019-10-07 10:00:00', 1, '2019-09-30 10:46:01', NULL, 0, 1, '2019-09-30 10:46:01', 24, 1, 14),
(15, '2019-10-01 09:00:00', 0, '2019-10-10 09:00:00', 1, '2019-10-01 16:45:49', 'làm theo thiết kế', 1, 1, '2019-10-01 16:45:49', 74, 1, 1),
(16, '2019-10-01 16:00:00', 0, '2019-10-08 16:00:00', 1, '2019-10-01 16:45:49', 'làm theo thiết kế', 0, 0, '2019-10-01 16:45:49', 74, 1, 19),
(17, '2019-12-30 16:00:00', 0, '2020-01-02 16:00:00', 1, '2019-12-30 16:45:33', NULL, 1, 1, '2019-12-30 16:45:33', 116, 1, 1),
(18, '2019-12-30 16:00:00', 0, '2020-01-02 16:00:00', 1, '2019-12-30 16:47:05', 'làm theo thiết kế', 0, 1, '2019-12-30 16:47:05', 116, 1, 14),
(19, '2019-12-30 16:00:00', 0, '2020-01-01 16:00:00', 1, '2019-12-30 16:59:01', NULL, 0, 1, '2019-12-30 16:59:01', 116, 1, 19);

-- --------------------------------------------------------

--
-- Table structure for table `qc_work_allocation_finish`
--

CREATE TABLE `qc_work_allocation_finish` (
  `finish_id` int(10) UNSIGNED NOT NULL,
  `finishDate` datetime NOT NULL,
  `finishStatus` tinyint(4) NOT NULL DEFAULT '1',
  `finishLevel` tinyint(4) NOT NULL DEFAULT '0',
  `finishReason` tinyint(4) NOT NULL DEFAULT '0',
  `noted` text COLLATE utf8mb4_unicode_ci,
  `created_at` datetime NOT NULL,
  `allocation_id` int(10) UNSIGNED NOT NULL
) ENGINE=InnoDB DEFAULT CHARSET=utf8mb4 COLLATE=utf8mb4_unicode_ci;

--
-- Dumping data for table `qc_work_allocation_finish`
--

INSERT INTO `qc_work_allocation_finish` (`finish_id`, `finishDate`, `finishStatus`, `finishLevel`, `finishReason`, `noted`, `created_at`, `allocation_id`) VALUES
(1, '2019-05-27 17:30:00', 1, 1, 0, '', '2019-05-27 10:29:09', 1),
(2, '2019-08-12 17:30:00', 0, 2, 0, '', '2019-08-12 15:01:23', 7),
(3, '2019-09-27 17:30:00', 1, 2, 0, '', '2019-09-27 18:42:33', 2),
(4, '2019-09-27 20:30:00', 0, 1, 0, '', '2019-09-27 18:48:14', 10),
(5, '2019-10-01 19:24:43', 0, 1, 1, '', '2019-10-01 19:24:43', 16);

-- --------------------------------------------------------

--
-- Table structure for table `qc_work_allocation_report`
--

CREATE TABLE `qc_work_allocation_report` (
  `report_id` int(10) UNSIGNED NOT NULL,
  `reportDate` datetime NOT NULL,
  `content` text COLLATE utf8mb4_unicode_ci,
  `created_at` datetime NOT NULL,
  `allocation_id` int(10) UNSIGNED NOT NULL
) ENGINE=InnoDB DEFAULT CHARSET=utf8mb4 COLLATE=utf8mb4_unicode_ci;

--
-- Dumping data for table `qc_work_allocation_report`
--

INSERT INTO `qc_work_allocation_report` (`report_id`, `reportDate`, `content`, `created_at`, `allocation_id`) VALUES
(5, '2019-05-27 04:37:00', 'Báo cáo tiến độ', '2019-05-27 04:37:00', 2),
(6, '2019-05-27 07:36:53', 'Báo cáo tiến độ', '2019-05-27 07:36:53', 1),
(7, '2019-05-27 08:43:11', 'Báo cáo tiến độ', '2019-05-27 08:43:11', 5),
(8, '2019-05-27 10:29:08', 'Báo cáo kết thúc công việc', '2019-05-27 10:29:08', 1),
(9, '2019-06-30 19:21:00', 'Báo cáo tiến độ', '2019-06-30 19:21:00', 7),
(10, '2019-08-04 15:50:48', 'Báo cáo tiến độ', '2019-08-04 15:50:48', 2),
(11, '2019-08-12 15:01:22', 'Báo cáo kết thúc công việc', '2019-08-12 15:01:22', 7),
(12, '2019-09-22 00:11:16', 'Báo cáo tiến độ', '2019-09-22 00:11:16', 2),
(15, '2019-09-22 15:27:33', 'Báo cáo tiến độ', '2019-09-22 15:27:33', 5),
(16, '2019-09-22 15:27:33', 'Báo cáo tiến độ', '2019-09-22 15:27:33', 9),
(17, '2019-09-22 15:46:46', 'Báo cáo tiến độ', '2019-09-22 15:46:46', 9),
(18, '2019-09-27 18:42:33', 'Báo cáo kết thúc công việc', '2019-09-27 18:42:33', 2),
(19, '2019-09-27 18:48:14', 'Báo cáo kết thúc công việc', '2019-09-27 18:48:14', 10),
(20, '2019-12-30 17:01:38', 'Báo cáo tiến độ', '2019-12-30 17:01:38', 17),
(21, '2019-12-31 14:42:33', 'Báo cáo tiến độ', '2019-12-31 14:42:33', 17);

-- --------------------------------------------------------

--
-- Table structure for table `qc_work_allocation_report_image`
--

CREATE TABLE `qc_work_allocation_report_image` (
  `image_id` int(10) UNSIGNED NOT NULL,
  `name` varchar(300) COLLATE utf8mb4_unicode_ci NOT NULL,
  `created_at` datetime NOT NULL,
  `report_id` int(10) UNSIGNED NOT NULL
) ENGINE=InnoDB DEFAULT CHARSET=utf8mb4 COLLATE=utf8mb4_unicode_ci;

--
-- Dumping data for table `qc_work_allocation_report_image`
--

INSERT INTO `qc_work_allocation_report_image` (`image_id`, `name`, `created_at`, `report_id`) VALUES
(3, '190527043700_1.png', '2019-05-27 04:37:00', 5),
(4, '190527043701_2.jpg', '2019-05-27 04:37:01', 5),
(5, '190527073653_1.jpg', '2019-05-27 07:36:53', 6),
(6, '190527073653_2.JPG', '2019-05-27 07:36:54', 6),
(7, '190527073654_3.jpg', '2019-05-27 07:36:54', 6),
(8, '190527084311_1.jpg', '2019-05-27 08:43:11', 7),
(9, '190527102909_1.jpg', '2019-05-27 10:29:09', 8),
(10, '190630192100_1.gif', '2019-06-30 19:21:01', 9),
(11, '190804155048_1.jpg', '2019-08-04 15:50:48', 10),
(12, '190812150122_1.jpg', '2019-08-12 15:01:23', 11),
(13, '190922001116_1.JPG', '2019-09-22 00:11:16', 12),
(14, '190922154646_1.JPG', '2019-09-22 15:46:46', 17),
(15, '190927184233_1.png', '2019-09-27 18:42:33', 18),
(16, '190927184814_1.jpg', '2019-09-27 18:48:14', 19),
(17, '191230170138_1.JPG', '2019-12-30 17:01:38', 20),
(18, '191230170138_2.JPG', '2019-12-30 17:01:38', 20),
(19, '191230170138_3.jpg', '2019-12-30 17:01:39', 20),
(20, '191231144233_1.png', '2019-12-31 14:42:33', 21);

-- --------------------------------------------------------

--
-- Table structure for table `users`
--

CREATE TABLE `users` (
  `id` int(10) UNSIGNED NOT NULL,
  `name` varchar(255) COLLATE utf8mb4_unicode_ci NOT NULL,
  `email` varchar(255) COLLATE utf8mb4_unicode_ci NOT NULL,
  `password` varchar(255) COLLATE utf8mb4_unicode_ci NOT NULL,
  `remember_token` varchar(100) COLLATE utf8mb4_unicode_ci DEFAULT NULL,
  `created_at` timestamp NULL DEFAULT NULL,
  `updated_at` timestamp NULL DEFAULT NULL
) ENGINE=InnoDB DEFAULT CHARSET=utf8mb4 COLLATE=utf8mb4_unicode_ci;

--
-- Indexes for dumped tables
--

--
-- Indexes for table `migrations`
--
ALTER TABLE `migrations`
  ADD PRIMARY KEY (`id`);

--
-- Indexes for table `qc_companies`
--
ALTER TABLE `qc_companies`
  ADD PRIMARY KEY (`company_id`),
  ADD UNIQUE KEY `qc_companies_companycode_unique` (`companyCode`),
  ADD UNIQUE KEY `qc_companies_name_unique` (`name`);

--
-- Indexes for table `qc_company_staff_work`
--
ALTER TABLE `qc_company_staff_work`
  ADD PRIMARY KEY (`work_id`),
  ADD KEY `qc_company_staff_work_staff_id_foreign` (`staff_id`),
  ADD KEY `qc_company_staff_work_company_id_foreign` (`company_id`),
  ADD KEY `staffAdd_id` (`staffAdd_id`);

--
-- Indexes for table `qc_company_staff_work_end`
--
ALTER TABLE `qc_company_staff_work_end`
  ADD PRIMARY KEY (`end_id`),
  ADD KEY `qc_company_staff_work_end_work_id_foreign` (`work_id`),
  ADD KEY `qc_company_staff_work_end_staff_id_foreign` (`staff_id`);

--
-- Indexes for table `qc_company_store`
--
ALTER TABLE `qc_company_store`
  ADD PRIMARY KEY (`store_id`),
  ADD KEY `qc_company_store_company_id_foreign` (`company_id`),
  ADD KEY `qc_company_store_tool_id_foreign` (`tool_id`),
  ADD KEY `qc_company_store_supplies_id_foreign` (`supplies_id`);

--
-- Indexes for table `qc_customers`
--
ALTER TABLE `qc_customers`
  ADD PRIMARY KEY (`customer_id`),
  ADD UNIQUE KEY `qc_customers_namecode_unique` (`nameCode`);

--
-- Indexes for table `qc_departments`
--
ALTER TABLE `qc_departments`
  ADD PRIMARY KEY (`department_id`),
  ADD UNIQUE KEY `qc_departments_departmentcode_unique` (`departmentCode`),
  ADD UNIQUE KEY `qc_departments_name_unique` (`name`);

--
-- Indexes for table `qc_department_staffs`
--
ALTER TABLE `qc_department_staffs`
  ADD PRIMARY KEY (`department_staff_id`),
  ADD KEY `qc_department_staff_staff_id_foreign` (`staff_id`),
  ADD KEY `qc_department_staff_department_id_foreign` (`department_id`),
  ADD KEY `rank_id` (`rank_id`);

--
-- Indexes for table `qc_import`
--
ALTER TABLE `qc_import`
  ADD PRIMARY KEY (`import_id`),
  ADD KEY `qc_import_company_id_foreign` (`company_id`),
  ADD KEY `qc_import_confirmstaff_id_foreign` (`confirmStaff_id`),
  ADD KEY `qc_import_importstaff_id_foreign` (`importStaff_id`);

--
-- Indexes for table `qc_import_detail`
--
ALTER TABLE `qc_import_detail`
  ADD PRIMARY KEY (`detail_id`),
  ADD KEY `qc_import_detail_import_id_foreign` (`import_id`),
  ADD KEY `qc_import_detail_supplies_id_foreign` (`supplies_id`),
  ADD KEY `qc_import_detail_tool_id_foreign` (`tool_id`),
  ADD KEY `product_id` (`product_id`);

--
-- Indexes for table `qc_import_image`
--
ALTER TABLE `qc_import_image`
  ADD PRIMARY KEY (`image_id`),
  ADD KEY `qc_import_image_import_id_foreign` (`import_id`);

--
-- Indexes for table `qc_import_pay`
--
ALTER TABLE `qc_import_pay`
  ADD PRIMARY KEY (`pay_id`),
  ADD KEY `qc_import_pay_import_id_foreign` (`import_id`),
  ADD KEY `qc_import_pay_staff_id_foreign` (`staff_id`);

--
-- Indexes for table `qc_keep_money`
--
ALTER TABLE `qc_keep_money`
  ADD PRIMARY KEY (`keep_id`),
  ADD KEY `qc_keep_money_work_id_foreign` (`work_id`),
  ADD KEY `confirmStaff_id` (`confirmStaff_id`);

--
-- Indexes for table `qc_kpi`
--
ALTER TABLE `qc_kpi`
  ADD PRIMARY KEY (`kpi_id`),
  ADD KEY `qc_kpi_department_id_foreign` (`department_id`);

--
-- Indexes for table `qc_license_late_works`
--
ALTER TABLE `qc_license_late_works`
  ADD PRIMARY KEY (`license_id`),
  ADD KEY `qc_license_late_works_work_id_foreign` (`work_id`),
  ADD KEY `qc_license_late_works_staffconfirm_id_foreign` (`staffConfirm_id`),
  ADD KEY `staff_id` (`staff_id`);

--
-- Indexes for table `qc_license_off_works`
--
ALTER TABLE `qc_license_off_works`
  ADD PRIMARY KEY (`license_id`),
  ADD KEY `qc_license_off_works_work_id_foreign` (`work_id`),
  ADD KEY `qc_license_off_works_staffconfirm_id_foreign` (`staffConfirm_id`),
  ADD KEY `staff_id` (`staff_id`);

--
-- Indexes for table `qc_minus_money`
--
ALTER TABLE `qc_minus_money`
  ADD PRIMARY KEY (`minus_id`),
  ADD KEY `qc_minus_money_work_id_foreign` (`work_id`),
  ADD KEY `qc_minus_money_staffminus_id_foreign` (`staff_id`),
  ADD KEY `punish_id` (`punish_id`);

--
-- Indexes for table `qc_off_works`
--
ALTER TABLE `qc_off_works`
  ADD PRIMARY KEY (`off_id`),
  ADD KEY `qc_off_works_timekeeping_id_foreign` (`timekeeping_id`);

--
-- Indexes for table `qc_orders`
--
ALTER TABLE `qc_orders`
  ADD PRIMARY KEY (`order_id`),
  ADD UNIQUE KEY `qc_orders_namecode_unique` (`orderCode`),
  ADD KEY `company_id` (`company_id`),
  ADD KEY `qc_orders_customer_id_foreign` (`customer_id`),
  ADD KEY `qc_orders_staff_id_foreign` (`staff_id`),
  ADD KEY `staffReceive_id` (`staffReceive_id`),
  ADD KEY `sales_id` (`staffKpi_id`),
  ADD KEY `staffConfirm_id` (`staffConfirm_id`);

--
-- Indexes for table `qc_order_allocation`
--
ALTER TABLE `qc_order_allocation`
  ADD PRIMARY KEY (`allocation_id`),
  ADD KEY `qc_order_allocation_allocationstaff_id_foreign` (`allocationStaff_id`),
  ADD KEY `qc_order_allocation_confirmstaff_id_foreign` (`confirmStaff_id`),
  ADD KEY `qc_order_allocation_order_id_foreign` (`order_id`),
  ADD KEY `qc_order_allocation_receivestaff_id_foreign` (`receiveStaff_id`);

--
-- Indexes for table `qc_order_pay`
--
ALTER TABLE `qc_order_pay`
  ADD PRIMARY KEY (`pay_id`),
  ADD KEY `qc_order_pay_order_id_foreign` (`order_id`),
  ADD KEY `qc_order_pay_staff_id_foreign` (`staff_id`);

--
-- Indexes for table `qc_payment`
--
ALTER TABLE `qc_payment`
  ADD PRIMARY KEY (`payment_id`),
  ADD UNIQUE KEY `qc_payment_paymentcode_unique` (`paymentCode`),
  ADD KEY `qc_payment_type_id_foreign` (`type_id`),
  ADD KEY `qc_payment_staff_id_foreign` (`staff_id`),
  ADD KEY `company_id` (`company_id`);

--
-- Indexes for table `qc_payment_type`
--
ALTER TABLE `qc_payment_type`
  ADD PRIMARY KEY (`type_id`);

--
-- Indexes for table `qc_pay_activity_detail`
--
ALTER TABLE `qc_pay_activity_detail`
  ADD PRIMARY KEY (`pay_id`),
  ADD UNIQUE KEY `qc_pay_activity_paycode_unique` (`payCode`),
  ADD KEY `payList_id` (`payList_id`),
  ADD KEY `qc_pay_activity_company_id_foreign` (`company_id`),
  ADD KEY `qc_pay_activity_staff_id_foreign` (`staff_id`),
  ADD KEY `confirmStaff_id` (`confirmStaff_id`);

--
-- Indexes for table `qc_pay_activity_list`
--
ALTER TABLE `qc_pay_activity_list`
  ADD PRIMARY KEY (`payList_id`);

--
-- Indexes for table `qc_products`
--
ALTER TABLE `qc_products`
  ADD PRIMARY KEY (`product_id`),
  ADD KEY `confirmStaff_id` (`confirmStaff_id`),
  ADD KEY `qc_products_order_id_foreign` (`order_id`),
  ADD KEY `qc_products_type_id_foreign` (`type_id`);

--
-- Indexes for table `qc_product_repair`
--
ALTER TABLE `qc_product_repair`
  ADD PRIMARY KEY (`repair_id`),
  ADD KEY `qc_product_repair_allocationstaff_id_foreign` (`allocationStaff_id`),
  ADD KEY `qc_product_repair_product_id_foreign` (`product_id`);

--
-- Indexes for table `qc_product_repair_allocation`
--
ALTER TABLE `qc_product_repair_allocation`
  ADD PRIMARY KEY (`allocation_id`),
  ADD KEY `qc_product_repair_allocation_repair_id_foreign` (`repair_id`),
  ADD KEY `qc_product_repair_allocation_staff_id_foreign` (`staff_id`);

--
-- Indexes for table `qc_product_repair_finish`
--
ALTER TABLE `qc_product_repair_finish`
  ADD PRIMARY KEY (`finish_id`),
  ADD KEY `qc_product_repair_finish_repair_id_foreign` (`repair_id`);

--
-- Indexes for table `qc_product_repair_finish_image`
--
ALTER TABLE `qc_product_repair_finish_image`
  ADD PRIMARY KEY (`image_id`),
  ADD KEY `qc_product_repair_finish_image_finish_id_foreign` (`finish_id`);

--
-- Indexes for table `qc_product_type`
--
ALTER TABLE `qc_product_type`
  ADD PRIMARY KEY (`type_id`),
  ADD UNIQUE KEY `qc_product_type_name_unique` (`name`);

--
-- Indexes for table `qc_product_type_image`
--
ALTER TABLE `qc_product_type_image`
  ADD PRIMARY KEY (`image_id`),
  ADD KEY `qc_product_type_image_type_id_foreign` (`type_id`);

--
-- Indexes for table `qc_product_type_price`
--
ALTER TABLE `qc_product_type_price`
  ADD PRIMARY KEY (`price_id`),
  ADD KEY `qc_product_type_price_company_id_foreign` (`company_id`),
  ADD KEY `qc_product_type_price_staff_id_foreign` (`staff_id`),
  ADD KEY `qc_product_type_price_type_id_foreign` (`type_id`);

--
-- Indexes for table `qc_punish_content`
--
ALTER TABLE `qc_punish_content`
  ADD PRIMARY KEY (`punish_id`),
  ADD UNIQUE KEY `qc_punish_content_name_unique` (`name`),
  ADD KEY `qc_punish_content_type_id_foreign` (`type_id`);

--
-- Indexes for table `qc_punish_type`
--
ALTER TABLE `qc_punish_type`
  ADD PRIMARY KEY (`type_id`);

--
-- Indexes for table `qc_ranks`
--
ALTER TABLE `qc_ranks`
  ADD PRIMARY KEY (`rank_id`),
  ADD UNIQUE KEY `qc_ranks_name_unique` (`name`);

--
-- Indexes for table `qc_rules`
--
ALTER TABLE `qc_rules`
  ADD PRIMARY KEY (`rules_id`);

--
-- Indexes for table `qc_salary`
--
ALTER TABLE `qc_salary`
  ADD PRIMARY KEY (`salary_id`),
  ADD KEY `qc_salary_work_id_foreign` (`work_id`),
  ADD KEY `qc_salary_salarybasic_id_foreign` (`salaryBasic_id`),
  ADD KEY `workSalary_id` (`workSalary_id`);

--
-- Indexes for table `qc_salary_before_pay`
--
ALTER TABLE `qc_salary_before_pay`
  ADD PRIMARY KEY (`pay_id`),
  ADD KEY `qc_salary_before_pay_work_id_foreign` (`work_id`),
  ADD KEY `qc_salary_before_pay_staffpay_id_foreign` (`staffPay_id`);

--
-- Indexes for table `qc_salary_before_pay_request`
--
ALTER TABLE `qc_salary_before_pay_request`
  ADD PRIMARY KEY (`request_id`),
  ADD KEY `qc_salary_before_pay_request_work_id_foreign` (`work_id`),
  ADD KEY `qc_salary_before_pay_request_staffconfirm_id_foreign` (`staffConfirm_id`),
  ADD KEY `staffTransfer_id` (`staffTransfer_id`);

--
-- Indexes for table `qc_salary_pays`
--
ALTER TABLE `qc_salary_pays`
  ADD PRIMARY KEY (`pay_id`),
  ADD KEY `qc_salary_pays_salary_id_foreign` (`salary_id`),
  ADD KEY `qc_salary_pays_staff_id_foreign` (`staff_id`);

--
-- Indexes for table `qc_staffs`
--
ALTER TABLE `qc_staffs`
  ADD PRIMARY KEY (`staff_id`),
  ADD UNIQUE KEY `tf_staffs_namecode_unique` (`nameCode`),
  ADD UNIQUE KEY `tf_staffs_account_unique` (`account`),
  ADD KEY `tf_staffs_company_id_foreign` (`company_id`);

--
-- Indexes for table `qc_staff_kpi`
--
ALTER TABLE `qc_staff_kpi`
  ADD PRIMARY KEY (`staffKpi_id`),
  ADD KEY `qc_staff_kpi_kpi_id_foreign` (`kpi_id`),
  ADD KEY `qc_staff_kpi_staff_id_foreign` (`staff_id`);

--
-- Indexes for table `qc_staff_kpi_register`
--
ALTER TABLE `qc_staff_kpi_register`
  ADD PRIMARY KEY (`register_id`),
  ADD KEY `qc_staff_kpi_register_kpi_id_foreign` (`kpi_id`),
  ADD KEY `qc_staff_kpi_register_staff_id_foreign` (`staff_id`),
  ADD KEY `qc_staff_kpi_register_confirmstaff_id_foreign` (`confirmStaff_id`);

--
-- Indexes for table `qc_staff_salary_basics`
--
ALTER TABLE `qc_staff_salary_basics`
  ADD PRIMARY KEY (`salary_basic_id`),
  ADD KEY `qc_staff_salary_basics_staff_id_foreign` (`staff_id`);

--
-- Indexes for table `qc_staff_work_department`
--
ALTER TABLE `qc_staff_work_department`
  ADD PRIMARY KEY (`detail_id`),
  ADD KEY `department_id` (`department_id`),
  ADD KEY `rank_id` (`rank_id`),
  ADD KEY `work_id` (`work_id`);

--
-- Indexes for table `qc_staff_work_method`
--
ALTER TABLE `qc_staff_work_method`
  ADD PRIMARY KEY (`method_id`),
  ADD KEY `qc_staff_work_method_staff_id_foreign` (`staff_id`),
  ADD KEY `qc_staff_work_method_confirmstaff_id_foreign` (`confirmStaff_id`);

--
-- Indexes for table `qc_staff_work_salary`
--
ALTER TABLE `qc_staff_work_salary`
  ADD PRIMARY KEY (`workSalary_id`),
  ADD KEY `qc_staff_work_salary_work_id_foreign` (`work_id`);

--
-- Indexes for table `qc_supplies`
--
ALTER TABLE `qc_supplies`
  ADD PRIMARY KEY (`supplies_id`),
  ADD UNIQUE KEY `qc_supplies_name_unique` (`name`);

--
-- Indexes for table `qc_system_date_off`
--
ALTER TABLE `qc_system_date_off`
  ADD PRIMARY KEY (`dateOff_id`),
  ADD KEY `qc_system_date_off_company_id_foreign` (`company_id`),
  ADD KEY `qc_system_date_off_staff_id_foreign` (`staff_id`);

--
-- Indexes for table `qc_timekeeping`
--
ALTER TABLE `qc_timekeeping`
  ADD PRIMARY KEY (`timekeeping_id`),
  ADD KEY `work_id` (`work_id`),
  ADD KEY `staffCheck_id` (`staffCheck_id`);

--
-- Indexes for table `qc_timekeeping_image`
--
ALTER TABLE `qc_timekeeping_image`
  ADD PRIMARY KEY (`image_id`),
  ADD KEY `qc_timekeeping_image_timekeeping_id_foreign` (`timekeeping_id`);

--
-- Indexes for table `qc_timekeeping_provisional`
--
ALTER TABLE `qc_timekeeping_provisional`
  ADD PRIMARY KEY (`timekeeping_provisional_id`),
  ADD KEY `qc_timekeeping_provisional_work_id_foreign` (`work_id`),
  ADD KEY `qc_timekeeping_provisional_staffconfirm_id_foreign` (`staffConfirm_id`);

--
-- Indexes for table `qc_timekeeping_provisional_image`
--
ALTER TABLE `qc_timekeeping_provisional_image`
  ADD PRIMARY KEY (`image_id`),
  ADD KEY `timekeeping_id` (`timekeeping_provisional_id`),
  ADD KEY `report_id` (`report_id`);

--
-- Indexes for table `qc_tools`
--
ALTER TABLE `qc_tools`
  ADD PRIMARY KEY (`tool_id`),
  ADD UNIQUE KEY `qc_tools_name_unique` (`name`);

--
-- Indexes for table `qc_tool_allocation`
--
ALTER TABLE `qc_tool_allocation`
  ADD PRIMARY KEY (`allocation_id`),
  ADD KEY `qc_tool_allocation_allocationstaff_id_foreign` (`allocationStaff_id`),
  ADD KEY `qc_tool_allocation_receivestaff_id_foreign` (`receiveStaff_id`);

--
-- Indexes for table `qc_tool_allocation_detail`
--
ALTER TABLE `qc_tool_allocation_detail`
  ADD PRIMARY KEY (`detail_id`),
  ADD KEY `qc_tool_allocation_detail_allocation_id_foreign` (`allocation_id`),
  ADD KEY `store_id` (`store_id`),
  ADD KEY `qc_tool_allocation_detail_tool_id_foreign` (`tool_id`),
  ADD KEY `company_id` (`company_id`);

--
-- Indexes for table `qc_tool_return`
--
ALTER TABLE `qc_tool_return`
  ADD PRIMARY KEY (`return_id`),
  ADD KEY `qc_tool_return_returnstaff_id_foreign` (`returnStaff_id`),
  ADD KEY `qc_tool_return_confirmstaff_id_foreign` (`confirmStaff_id`);

--
-- Indexes for table `qc_tool_return_detail`
--
ALTER TABLE `qc_tool_return_detail`
  ADD PRIMARY KEY (`detail_id`),
  ADD KEY `qc_tool_return_detail_tool_id_foreign` (`tool_id`),
  ADD KEY `qc_tool_return_detail_return_id_foreign` (`return_id`);

--
-- Indexes for table `qc_tool_staff`
--
ALTER TABLE `qc_tool_staff`
  ADD PRIMARY KEY (`detail_id`),
  ADD KEY `qc_tool_staff_tool_id_foreign` (`tool_id`),
  ADD KEY `qc_tool_staff_staff_id_foreign` (`staff_id`);

--
-- Indexes for table `qc_transfers`
--
ALTER TABLE `qc_transfers`
  ADD PRIMARY KEY (`transfers_id`),
  ADD UNIQUE KEY `qc_transfers_transferscode_unique` (`transfersCode`),
  ADD KEY `qc_transfers_transfersstaff_id_foreign` (`transfersStaff_id`),
  ADD KEY `qc_transfers_receivestaff_id_foreign` (`receiveStaff_id`),
  ADD KEY `company_id` (`company_id`);

--
-- Indexes for table `qc_transfers_detail`
--
ALTER TABLE `qc_transfers_detail`
  ADD PRIMARY KEY (`detail_id`),
  ADD KEY `qc_transfers_detail_transfers_id_foreign` (`transfers_id`),
  ADD KEY `qc_transfers_detail_pay_id_foreign` (`pay_id`);

--
-- Indexes for table `qc_works`
--
ALTER TABLE `qc_works`
  ADD PRIMARY KEY (`work_id`),
  ADD KEY `qc_works_staff_id_foreign` (`staff_id`),
  ADD KEY `companyStaffWork_id` (`companyStaffWork_id`);

--
-- Indexes for table `qc_work_allocation`
--
ALTER TABLE `qc_work_allocation`
  ADD PRIMARY KEY (`allocation_id`),
  ADD KEY `qc_work_allocation_product_id_foreign` (`product_id`),
  ADD KEY `qc_work_allocation_allocationstaff_id_foreign` (`allocationStaff_id`),
  ADD KEY `qc_work_allocation_receivestaff_id_foreign` (`receiveStaff_id`);

--
-- Indexes for table `qc_work_allocation_finish`
--
ALTER TABLE `qc_work_allocation_finish`
  ADD PRIMARY KEY (`finish_id`),
  ADD KEY `qc_work_allocation_finish_allocation_id_foreign` (`allocation_id`);

--
-- Indexes for table `qc_work_allocation_report`
--
ALTER TABLE `qc_work_allocation_report`
  ADD PRIMARY KEY (`report_id`),
  ADD KEY `qc_work_allocation_report_allocation_id_foreign` (`allocation_id`);

--
-- Indexes for table `qc_work_allocation_report_image`
--
ALTER TABLE `qc_work_allocation_report_image`
  ADD PRIMARY KEY (`image_id`),
  ADD KEY `qc_work_allocation_report_image_report_id_foreign` (`report_id`);

--
-- Indexes for table `users`
--
ALTER TABLE `users`
  ADD PRIMARY KEY (`id`);

--
-- AUTO_INCREMENT for dumped tables
--

--
-- AUTO_INCREMENT for table `migrations`
--
ALTER TABLE `migrations`
  MODIFY `id` int(10) UNSIGNED NOT NULL AUTO_INCREMENT, AUTO_INCREMENT=66;
--
-- AUTO_INCREMENT for table `qc_companies`
--
ALTER TABLE `qc_companies`
  MODIFY `company_id` int(10) UNSIGNED NOT NULL AUTO_INCREMENT, AUTO_INCREMENT=4;
--
-- AUTO_INCREMENT for table `qc_company_staff_work`
--
ALTER TABLE `qc_company_staff_work`
  MODIFY `work_id` int(10) UNSIGNED NOT NULL AUTO_INCREMENT, AUTO_INCREMENT=27;
--
-- AUTO_INCREMENT for table `qc_company_staff_work_end`
--
ALTER TABLE `qc_company_staff_work_end`
  MODIFY `end_id` int(10) UNSIGNED NOT NULL AUTO_INCREMENT, AUTO_INCREMENT=3;
--
-- AUTO_INCREMENT for table `qc_company_store`
--
ALTER TABLE `qc_company_store`
  MODIFY `store_id` int(10) UNSIGNED NOT NULL AUTO_INCREMENT, AUTO_INCREMENT=33;
--
-- AUTO_INCREMENT for table `qc_customers`
--
ALTER TABLE `qc_customers`
  MODIFY `customer_id` int(10) UNSIGNED NOT NULL AUTO_INCREMENT, AUTO_INCREMENT=50;
--
-- AUTO_INCREMENT for table `qc_departments`
--
ALTER TABLE `qc_departments`
  MODIFY `department_id` int(10) UNSIGNED NOT NULL AUTO_INCREMENT, AUTO_INCREMENT=8;
--
-- AUTO_INCREMENT for table `qc_department_staffs`
--
ALTER TABLE `qc_department_staffs`
  MODIFY `department_staff_id` int(10) UNSIGNED NOT NULL AUTO_INCREMENT, AUTO_INCREMENT=38;
--
-- AUTO_INCREMENT for table `qc_import`
--
ALTER TABLE `qc_import`
  MODIFY `import_id` int(10) UNSIGNED NOT NULL AUTO_INCREMENT, AUTO_INCREMENT=57;
--
-- AUTO_INCREMENT for table `qc_import_detail`
--
ALTER TABLE `qc_import_detail`
  MODIFY `detail_id` int(10) UNSIGNED NOT NULL AUTO_INCREMENT, AUTO_INCREMENT=89;
--
-- AUTO_INCREMENT for table `qc_import_image`
--
ALTER TABLE `qc_import_image`
  MODIFY `image_id` int(10) UNSIGNED NOT NULL AUTO_INCREMENT, AUTO_INCREMENT=53;
--
-- AUTO_INCREMENT for table `qc_import_pay`
--
ALTER TABLE `qc_import_pay`
  MODIFY `pay_id` int(10) UNSIGNED NOT NULL AUTO_INCREMENT, AUTO_INCREMENT=43;
--
-- AUTO_INCREMENT for table `qc_keep_money`
--
ALTER TABLE `qc_keep_money`
  MODIFY `keep_id` int(10) UNSIGNED NOT NULL AUTO_INCREMENT, AUTO_INCREMENT=9;
--
-- AUTO_INCREMENT for table `qc_kpi`
--
ALTER TABLE `qc_kpi`
  MODIFY `kpi_id` int(10) UNSIGNED NOT NULL AUTO_INCREMENT, AUTO_INCREMENT=3;
--
-- AUTO_INCREMENT for table `qc_license_late_works`
--
ALTER TABLE `qc_license_late_works`
  MODIFY `license_id` int(10) UNSIGNED NOT NULL AUTO_INCREMENT, AUTO_INCREMENT=10;
--
-- AUTO_INCREMENT for table `qc_license_off_works`
--
ALTER TABLE `qc_license_off_works`
  MODIFY `license_id` int(10) UNSIGNED NOT NULL AUTO_INCREMENT, AUTO_INCREMENT=24;
--
-- AUTO_INCREMENT for table `qc_minus_money`
--
ALTER TABLE `qc_minus_money`
  MODIFY `minus_id` int(10) UNSIGNED NOT NULL AUTO_INCREMENT, AUTO_INCREMENT=1067;
--
-- AUTO_INCREMENT for table `qc_off_works`
--
ALTER TABLE `qc_off_works`
  MODIFY `off_id` int(10) UNSIGNED NOT NULL AUTO_INCREMENT;
--
-- AUTO_INCREMENT for table `qc_orders`
--
ALTER TABLE `qc_orders`
  MODIFY `order_id` int(10) UNSIGNED NOT NULL AUTO_INCREMENT, AUTO_INCREMENT=91;
--
-- AUTO_INCREMENT for table `qc_order_allocation`
--
ALTER TABLE `qc_order_allocation`
  MODIFY `allocation_id` int(10) UNSIGNED NOT NULL AUTO_INCREMENT, AUTO_INCREMENT=40;
--
-- AUTO_INCREMENT for table `qc_order_pay`
--
ALTER TABLE `qc_order_pay`
  MODIFY `pay_id` int(10) UNSIGNED NOT NULL AUTO_INCREMENT, AUTO_INCREMENT=94;
--
-- AUTO_INCREMENT for table `qc_payment`
--
ALTER TABLE `qc_payment`
  MODIFY `payment_id` int(10) UNSIGNED NOT NULL AUTO_INCREMENT, AUTO_INCREMENT=11;
--
-- AUTO_INCREMENT for table `qc_payment_type`
--
ALTER TABLE `qc_payment_type`
  MODIFY `type_id` int(10) UNSIGNED NOT NULL AUTO_INCREMENT, AUTO_INCREMENT=8;
--
-- AUTO_INCREMENT for table `qc_pay_activity_detail`
--
ALTER TABLE `qc_pay_activity_detail`
  MODIFY `pay_id` int(10) UNSIGNED NOT NULL AUTO_INCREMENT, AUTO_INCREMENT=19;
--
-- AUTO_INCREMENT for table `qc_pay_activity_list`
--
ALTER TABLE `qc_pay_activity_list`
  MODIFY `payList_id` int(10) UNSIGNED NOT NULL AUTO_INCREMENT, AUTO_INCREMENT=10;
--
-- AUTO_INCREMENT for table `qc_products`
--
ALTER TABLE `qc_products`
  MODIFY `product_id` int(10) UNSIGNED NOT NULL AUTO_INCREMENT, AUTO_INCREMENT=121;
--
-- AUTO_INCREMENT for table `qc_product_repair`
--
ALTER TABLE `qc_product_repair`
  MODIFY `repair_id` int(10) UNSIGNED NOT NULL AUTO_INCREMENT;
--
-- AUTO_INCREMENT for table `qc_product_repair_allocation`
--
ALTER TABLE `qc_product_repair_allocation`
  MODIFY `allocation_id` int(10) UNSIGNED NOT NULL AUTO_INCREMENT;
--
-- AUTO_INCREMENT for table `qc_product_repair_finish`
--
ALTER TABLE `qc_product_repair_finish`
  MODIFY `finish_id` int(10) UNSIGNED NOT NULL AUTO_INCREMENT;
--
-- AUTO_INCREMENT for table `qc_product_repair_finish_image`
--
ALTER TABLE `qc_product_repair_finish_image`
  MODIFY `image_id` int(10) UNSIGNED NOT NULL AUTO_INCREMENT;
--
-- AUTO_INCREMENT for table `qc_product_type`
--
ALTER TABLE `qc_product_type`
  MODIFY `type_id` int(10) UNSIGNED NOT NULL AUTO_INCREMENT, AUTO_INCREMENT=19;
--
-- AUTO_INCREMENT for table `qc_product_type_image`
--
ALTER TABLE `qc_product_type_image`
  MODIFY `image_id` int(10) UNSIGNED NOT NULL AUTO_INCREMENT, AUTO_INCREMENT=9;
--
-- AUTO_INCREMENT for table `qc_product_type_price`
--
ALTER TABLE `qc_product_type_price`
  MODIFY `price_id` int(10) UNSIGNED NOT NULL AUTO_INCREMENT, AUTO_INCREMENT=8;
--
-- AUTO_INCREMENT for table `qc_punish_content`
--
ALTER TABLE `qc_punish_content`
  MODIFY `punish_id` int(10) UNSIGNED NOT NULL AUTO_INCREMENT, AUTO_INCREMENT=9;
--
-- AUTO_INCREMENT for table `qc_punish_type`
--
ALTER TABLE `qc_punish_type`
  MODIFY `type_id` int(10) UNSIGNED NOT NULL AUTO_INCREMENT, AUTO_INCREMENT=3;
--
-- AUTO_INCREMENT for table `qc_ranks`
--
ALTER TABLE `qc_ranks`
  MODIFY `rank_id` int(10) UNSIGNED NOT NULL AUTO_INCREMENT, AUTO_INCREMENT=3;
--
-- AUTO_INCREMENT for table `qc_rules`
--
ALTER TABLE `qc_rules`
  MODIFY `rules_id` int(10) UNSIGNED NOT NULL AUTO_INCREMENT, AUTO_INCREMENT=2;
--
-- AUTO_INCREMENT for table `qc_salary`
--
ALTER TABLE `qc_salary`
  MODIFY `salary_id` int(10) UNSIGNED NOT NULL AUTO_INCREMENT, AUTO_INCREMENT=103;
--
-- AUTO_INCREMENT for table `qc_salary_before_pay`
--
ALTER TABLE `qc_salary_before_pay`
  MODIFY `pay_id` int(10) UNSIGNED NOT NULL AUTO_INCREMENT, AUTO_INCREMENT=32;
--
-- AUTO_INCREMENT for table `qc_salary_before_pay_request`
--
ALTER TABLE `qc_salary_before_pay_request`
  MODIFY `request_id` int(10) UNSIGNED NOT NULL AUTO_INCREMENT, AUTO_INCREMENT=11;
--
-- AUTO_INCREMENT for table `qc_salary_pays`
--
ALTER TABLE `qc_salary_pays`
  MODIFY `pay_id` int(10) UNSIGNED NOT NULL AUTO_INCREMENT, AUTO_INCREMENT=36;
--
-- AUTO_INCREMENT for table `qc_staffs`
--
ALTER TABLE `qc_staffs`
  MODIFY `staff_id` int(10) UNSIGNED NOT NULL AUTO_INCREMENT, AUTO_INCREMENT=25;
--
-- AUTO_INCREMENT for table `qc_staff_kpi`
--
ALTER TABLE `qc_staff_kpi`
  MODIFY `staffKpi_id` int(10) UNSIGNED NOT NULL AUTO_INCREMENT;
--
-- AUTO_INCREMENT for table `qc_staff_kpi_register`
--
ALTER TABLE `qc_staff_kpi_register`
  MODIFY `register_id` int(10) UNSIGNED NOT NULL AUTO_INCREMENT;
--
-- AUTO_INCREMENT for table `qc_staff_salary_basics`
--
ALTER TABLE `qc_staff_salary_basics`
  MODIFY `salary_basic_id` int(10) UNSIGNED NOT NULL AUTO_INCREMENT, AUTO_INCREMENT=20;
--
-- AUTO_INCREMENT for table `qc_staff_work_department`
--
ALTER TABLE `qc_staff_work_department`
  MODIFY `detail_id` int(10) UNSIGNED NOT NULL AUTO_INCREMENT, AUTO_INCREMENT=49;
--
-- AUTO_INCREMENT for table `qc_staff_work_method`
--
ALTER TABLE `qc_staff_work_method`
  MODIFY `method_id` int(10) UNSIGNED NOT NULL AUTO_INCREMENT, AUTO_INCREMENT=6;
--
-- AUTO_INCREMENT for table `qc_staff_work_salary`
--
ALTER TABLE `qc_staff_work_salary`
  MODIFY `workSalary_id` int(10) UNSIGNED NOT NULL AUTO_INCREMENT, AUTO_INCREMENT=32;
--
-- AUTO_INCREMENT for table `qc_supplies`
--
ALTER TABLE `qc_supplies`
  MODIFY `supplies_id` int(10) UNSIGNED NOT NULL AUTO_INCREMENT, AUTO_INCREMENT=25;
--
-- AUTO_INCREMENT for table `qc_system_date_off`
--
ALTER TABLE `qc_system_date_off`
  MODIFY `dateOff_id` int(10) UNSIGNED NOT NULL AUTO_INCREMENT, AUTO_INCREMENT=4;
--
-- AUTO_INCREMENT for table `qc_timekeeping`
--
ALTER TABLE `qc_timekeeping`
  MODIFY `timekeeping_id` int(10) UNSIGNED NOT NULL AUTO_INCREMENT, AUTO_INCREMENT=1389;
--
-- AUTO_INCREMENT for table `qc_timekeeping_image`
--
ALTER TABLE `qc_timekeeping_image`
  MODIFY `image_id` int(10) UNSIGNED NOT NULL AUTO_INCREMENT, AUTO_INCREMENT=16;
--
-- AUTO_INCREMENT for table `qc_timekeeping_provisional`
--
ALTER TABLE `qc_timekeeping_provisional`
  MODIFY `timekeeping_provisional_id` int(10) UNSIGNED NOT NULL AUTO_INCREMENT, AUTO_INCREMENT=113;
--
-- AUTO_INCREMENT for table `qc_timekeeping_provisional_image`
--
ALTER TABLE `qc_timekeeping_provisional_image`
  MODIFY `image_id` int(10) UNSIGNED NOT NULL AUTO_INCREMENT, AUTO_INCREMENT=62;
--
-- AUTO_INCREMENT for table `qc_tools`
--
ALTER TABLE `qc_tools`
  MODIFY `tool_id` int(10) UNSIGNED NOT NULL AUTO_INCREMENT, AUTO_INCREMENT=15;
--
-- AUTO_INCREMENT for table `qc_tool_allocation`
--
ALTER TABLE `qc_tool_allocation`
  MODIFY `allocation_id` int(10) UNSIGNED NOT NULL AUTO_INCREMENT, AUTO_INCREMENT=28;
--
-- AUTO_INCREMENT for table `qc_tool_allocation_detail`
--
ALTER TABLE `qc_tool_allocation_detail`
  MODIFY `detail_id` int(10) UNSIGNED NOT NULL AUTO_INCREMENT, AUTO_INCREMENT=29;
--
-- AUTO_INCREMENT for table `qc_tool_return`
--
ALTER TABLE `qc_tool_return`
  MODIFY `return_id` int(10) UNSIGNED NOT NULL AUTO_INCREMENT;
--
-- AUTO_INCREMENT for table `qc_tool_return_detail`
--
ALTER TABLE `qc_tool_return_detail`
  MODIFY `detail_id` int(10) UNSIGNED NOT NULL AUTO_INCREMENT;
--
-- AUTO_INCREMENT for table `qc_tool_staff`
--
ALTER TABLE `qc_tool_staff`
  MODIFY `detail_id` int(10) UNSIGNED NOT NULL AUTO_INCREMENT;
--
-- AUTO_INCREMENT for table `qc_transfers`
--
ALTER TABLE `qc_transfers`
  MODIFY `transfers_id` int(10) UNSIGNED NOT NULL AUTO_INCREMENT, AUTO_INCREMENT=16;
--
-- AUTO_INCREMENT for table `qc_transfers_detail`
--
ALTER TABLE `qc_transfers_detail`
  MODIFY `detail_id` int(10) UNSIGNED NOT NULL AUTO_INCREMENT, AUTO_INCREMENT=9;
--
-- AUTO_INCREMENT for table `qc_works`
--
ALTER TABLE `qc_works`
  MODIFY `work_id` int(10) UNSIGNED NOT NULL AUTO_INCREMENT, AUTO_INCREMENT=176;
--
-- AUTO_INCREMENT for table `qc_work_allocation`
--
ALTER TABLE `qc_work_allocation`
  MODIFY `allocation_id` int(10) UNSIGNED NOT NULL AUTO_INCREMENT, AUTO_INCREMENT=20;
--
-- AUTO_INCREMENT for table `qc_work_allocation_finish`
--
ALTER TABLE `qc_work_allocation_finish`
  MODIFY `finish_id` int(10) UNSIGNED NOT NULL AUTO_INCREMENT, AUTO_INCREMENT=6;
--
-- AUTO_INCREMENT for table `qc_work_allocation_report`
--
ALTER TABLE `qc_work_allocation_report`
  MODIFY `report_id` int(10) UNSIGNED NOT NULL AUTO_INCREMENT, AUTO_INCREMENT=22;
--
-- AUTO_INCREMENT for table `qc_work_allocation_report_image`
--
ALTER TABLE `qc_work_allocation_report_image`
  MODIFY `image_id` int(10) UNSIGNED NOT NULL AUTO_INCREMENT, AUTO_INCREMENT=21;
--
-- AUTO_INCREMENT for table `users`
--
ALTER TABLE `users`
  MODIFY `id` int(10) UNSIGNED NOT NULL AUTO_INCREMENT;
--
-- Constraints for dumped tables
--

--
-- Constraints for table `qc_company_staff_work`
--
ALTER TABLE `qc_company_staff_work`
  ADD CONSTRAINT `qc_company_staff_work_company_id_foreign` FOREIGN KEY (`company_id`) REFERENCES `qc_companies` (`company_id`) ON DELETE CASCADE,
  ADD CONSTRAINT `qc_company_staff_work_ibfk_1` FOREIGN KEY (`staffAdd_id`) REFERENCES `qc_staffs` (`staff_id`) ON DELETE CASCADE,
  ADD CONSTRAINT `qc_company_staff_work_staff_id_foreign` FOREIGN KEY (`staff_id`) REFERENCES `qc_staffs` (`staff_id`) ON DELETE CASCADE;

--
-- Constraints for table `qc_company_staff_work_end`
--
ALTER TABLE `qc_company_staff_work_end`
  ADD CONSTRAINT `qc_company_staff_work_end_staff_id_foreign` FOREIGN KEY (`staff_id`) REFERENCES `qc_staffs` (`staff_id`) ON DELETE CASCADE,
  ADD CONSTRAINT `qc_company_staff_work_end_work_id_foreign` FOREIGN KEY (`work_id`) REFERENCES `qc_company_staff_work` (`work_id`) ON DELETE CASCADE;

--
-- Constraints for table `qc_company_store`
--
ALTER TABLE `qc_company_store`
  ADD CONSTRAINT `qc_company_store_company_id_foreign` FOREIGN KEY (`company_id`) REFERENCES `qc_companies` (`company_id`),
  ADD CONSTRAINT `qc_company_store_supplies_id_foreign` FOREIGN KEY (`supplies_id`) REFERENCES `qc_supplies` (`supplies_id`),
  ADD CONSTRAINT `qc_company_store_tool_id_foreign` FOREIGN KEY (`tool_id`) REFERENCES `qc_tools` (`tool_id`);

--
-- Constraints for table `qc_department_staffs`
--
ALTER TABLE `qc_department_staffs`
  ADD CONSTRAINT `qc_department_staff_department_id_foreign` FOREIGN KEY (`department_id`) REFERENCES `qc_departments` (`department_id`) ON DELETE CASCADE,
  ADD CONSTRAINT `qc_department_staff_staff_id_foreign` FOREIGN KEY (`staff_id`) REFERENCES `qc_staffs` (`staff_id`) ON DELETE CASCADE,
  ADD CONSTRAINT `qc_department_staffs_ibfk_1` FOREIGN KEY (`rank_id`) REFERENCES `qc_ranks` (`rank_id`);

--
-- Constraints for table `qc_import`
--
ALTER TABLE `qc_import`
  ADD CONSTRAINT `qc_import_company_id_foreign` FOREIGN KEY (`company_id`) REFERENCES `qc_companies` (`company_id`),
  ADD CONSTRAINT `qc_import_confirmstaff_id_foreign` FOREIGN KEY (`confirmStaff_id`) REFERENCES `qc_staffs` (`staff_id`),
  ADD CONSTRAINT `qc_import_importstaff_id_foreign` FOREIGN KEY (`importStaff_id`) REFERENCES `qc_staffs` (`staff_id`);

--
-- Constraints for table `qc_import_detail`
--
ALTER TABLE `qc_import_detail`
  ADD CONSTRAINT `qc_import_detail_ibfk_1` FOREIGN KEY (`product_id`) REFERENCES `qc_products` (`product_id`) ON DELETE CASCADE,
  ADD CONSTRAINT `qc_import_detail_import_id_foreign` FOREIGN KEY (`import_id`) REFERENCES `qc_import` (`import_id`) ON DELETE CASCADE,
  ADD CONSTRAINT `qc_import_detail_supplies_id_foreign` FOREIGN KEY (`supplies_id`) REFERENCES `qc_supplies` (`supplies_id`) ON DELETE CASCADE,
  ADD CONSTRAINT `qc_import_detail_tool_id_foreign` FOREIGN KEY (`tool_id`) REFERENCES `qc_tools` (`tool_id`) ON DELETE CASCADE;

--
-- Constraints for table `qc_import_image`
--
ALTER TABLE `qc_import_image`
  ADD CONSTRAINT `qc_import_image_import_id_foreign` FOREIGN KEY (`import_id`) REFERENCES `qc_import` (`import_id`) ON DELETE CASCADE;

--
-- Constraints for table `qc_import_pay`
--
ALTER TABLE `qc_import_pay`
  ADD CONSTRAINT `qc_import_pay_import_id_foreign` FOREIGN KEY (`import_id`) REFERENCES `qc_import` (`import_id`) ON DELETE CASCADE,
  ADD CONSTRAINT `qc_import_pay_staff_id_foreign` FOREIGN KEY (`staff_id`) REFERENCES `qc_staffs` (`staff_id`) ON DELETE CASCADE;

--
-- Constraints for table `qc_keep_money`
--
ALTER TABLE `qc_keep_money`
  ADD CONSTRAINT `qc_keep_money_ibfk_1` FOREIGN KEY (`confirmStaff_id`) REFERENCES `qc_staffs` (`staff_id`) ON DELETE CASCADE,
  ADD CONSTRAINT `qc_keep_money_work_id_foreign` FOREIGN KEY (`work_id`) REFERENCES `qc_works` (`work_id`) ON DELETE CASCADE;

--
-- Constraints for table `qc_kpi`
--
ALTER TABLE `qc_kpi`
  ADD CONSTRAINT `qc_kpi_department_id_foreign` FOREIGN KEY (`department_id`) REFERENCES `qc_departments` (`department_id`) ON DELETE CASCADE;

--
-- Constraints for table `qc_license_late_works`
--
ALTER TABLE `qc_license_late_works`
  ADD CONSTRAINT `qc_license_late_works_ibfk_1` FOREIGN KEY (`staff_id`) REFERENCES `qc_staffs` (`staff_id`) ON DELETE CASCADE,
  ADD CONSTRAINT `qc_license_late_works_staffconfirm_id_foreign` FOREIGN KEY (`staffConfirm_id`) REFERENCES `qc_staffs` (`staff_id`) ON DELETE CASCADE,
  ADD CONSTRAINT `qc_license_late_works_work_id_foreign` FOREIGN KEY (`work_id`) REFERENCES `qc_works` (`work_id`) ON DELETE CASCADE;

--
-- Constraints for table `qc_license_off_works`
--
ALTER TABLE `qc_license_off_works`
  ADD CONSTRAINT `qc_license_off_works_ibfk_1` FOREIGN KEY (`staff_id`) REFERENCES `qc_staffs` (`staff_id`) ON DELETE CASCADE,
  ADD CONSTRAINT `qc_license_off_works_staffconfirm_id_foreign` FOREIGN KEY (`staffConfirm_id`) REFERENCES `qc_staffs` (`staff_id`) ON DELETE CASCADE,
  ADD CONSTRAINT `qc_license_off_works_work_id_foreign` FOREIGN KEY (`work_id`) REFERENCES `qc_works` (`work_id`) ON DELETE CASCADE;

--
-- Constraints for table `qc_minus_money`
--
ALTER TABLE `qc_minus_money`
  ADD CONSTRAINT `qc_minus_money_ibfk_1` FOREIGN KEY (`punish_id`) REFERENCES `qc_punish_content` (`punish_id`) ON DELETE CASCADE,
  ADD CONSTRAINT `qc_minus_money_staffminus_id_foreign` FOREIGN KEY (`staff_id`) REFERENCES `qc_staffs` (`staff_id`) ON DELETE CASCADE,
  ADD CONSTRAINT `qc_minus_money_work_id_foreign` FOREIGN KEY (`work_id`) REFERENCES `qc_works` (`work_id`) ON DELETE CASCADE;

--
-- Constraints for table `qc_off_works`
--
ALTER TABLE `qc_off_works`
  ADD CONSTRAINT `qc_off_works_timekeeping_id_foreign` FOREIGN KEY (`timekeeping_id`) REFERENCES `qc_timekeeping` (`timekeeping_id`) ON DELETE CASCADE;

--
-- Constraints for table `qc_orders`
--
ALTER TABLE `qc_orders`
  ADD CONSTRAINT `qc_orders_customer_id_foreign` FOREIGN KEY (`customer_id`) REFERENCES `qc_customers` (`customer_id`) ON DELETE CASCADE,
  ADD CONSTRAINT `qc_orders_ibfk_1` FOREIGN KEY (`company_id`) REFERENCES `qc_companies` (`company_id`) ON DELETE CASCADE,
  ADD CONSTRAINT `qc_orders_ibfk_2` FOREIGN KEY (`staffReceive_id`) REFERENCES `qc_staffs` (`staff_id`) ON DELETE CASCADE,
  ADD CONSTRAINT `qc_orders_ibfk_3` FOREIGN KEY (`staffKpi_id`) REFERENCES `qc_staff_kpi` (`staffKpi_id`) ON DELETE CASCADE,
  ADD CONSTRAINT `qc_orders_ibfk_4` FOREIGN KEY (`staffConfirm_id`) REFERENCES `qc_staffs` (`staff_id`) ON DELETE SET NULL,
  ADD CONSTRAINT `qc_orders_staff_id_foreign` FOREIGN KEY (`staff_id`) REFERENCES `qc_staffs` (`staff_id`) ON DELETE CASCADE;

--
-- Constraints for table `qc_order_allocation`
--
ALTER TABLE `qc_order_allocation`
  ADD CONSTRAINT `qc_order_allocation_allocationstaff_id_foreign` FOREIGN KEY (`allocationStaff_id`) REFERENCES `qc_staffs` (`staff_id`) ON DELETE CASCADE,
  ADD CONSTRAINT `qc_order_allocation_confirmstaff_id_foreign` FOREIGN KEY (`confirmStaff_id`) REFERENCES `qc_staffs` (`staff_id`) ON DELETE CASCADE,
  ADD CONSTRAINT `qc_order_allocation_order_id_foreign` FOREIGN KEY (`order_id`) REFERENCES `qc_orders` (`order_id`) ON DELETE CASCADE,
  ADD CONSTRAINT `qc_order_allocation_receivestaff_id_foreign` FOREIGN KEY (`receiveStaff_id`) REFERENCES `qc_staffs` (`staff_id`) ON DELETE CASCADE;

--
-- Constraints for table `qc_order_pay`
--
ALTER TABLE `qc_order_pay`
  ADD CONSTRAINT `qc_order_pay_order_id_foreign` FOREIGN KEY (`order_id`) REFERENCES `qc_orders` (`order_id`) ON DELETE CASCADE,
  ADD CONSTRAINT `qc_order_pay_staff_id_foreign` FOREIGN KEY (`staff_id`) REFERENCES `qc_staffs` (`staff_id`) ON DELETE CASCADE;

--
-- Constraints for table `qc_payment`
--
ALTER TABLE `qc_payment`
  ADD CONSTRAINT `qc_payment_ibfk_1` FOREIGN KEY (`company_id`) REFERENCES `qc_companies` (`company_id`),
  ADD CONSTRAINT `qc_payment_staff_id_foreign` FOREIGN KEY (`staff_id`) REFERENCES `qc_staffs` (`staff_id`),
  ADD CONSTRAINT `qc_payment_type_id_foreign` FOREIGN KEY (`type_id`) REFERENCES `qc_payment_type` (`type_id`);

--
-- Constraints for table `qc_pay_activity_detail`
--
ALTER TABLE `qc_pay_activity_detail`
  ADD CONSTRAINT `qc_pay_activity_company_id_foreign` FOREIGN KEY (`company_id`) REFERENCES `qc_companies` (`company_id`) ON DELETE CASCADE,
  ADD CONSTRAINT `qc_pay_activity_detail_ibfk_1` FOREIGN KEY (`payList_id`) REFERENCES `qc_pay_activity_list` (`payList_id`) ON DELETE CASCADE,
  ADD CONSTRAINT `qc_pay_activity_detail_ibfk_2` FOREIGN KEY (`confirmStaff_id`) REFERENCES `qc_staffs` (`staff_id`),
  ADD CONSTRAINT `qc_pay_activity_staff_id_foreign` FOREIGN KEY (`staff_id`) REFERENCES `qc_staffs` (`staff_id`) ON DELETE CASCADE;

--
-- Constraints for table `qc_products`
--
ALTER TABLE `qc_products`
  ADD CONSTRAINT `qc_products_ibfk_1` FOREIGN KEY (`confirmStaff_id`) REFERENCES `qc_staffs` (`staff_id`) ON DELETE SET NULL,
  ADD CONSTRAINT `qc_products_order_id_foreign` FOREIGN KEY (`order_id`) REFERENCES `qc_orders` (`order_id`) ON DELETE CASCADE,
  ADD CONSTRAINT `qc_products_type_id_foreign` FOREIGN KEY (`type_id`) REFERENCES `qc_product_type` (`type_id`) ON DELETE CASCADE;

--
-- Constraints for table `qc_product_repair`
--
ALTER TABLE `qc_product_repair`
  ADD CONSTRAINT `qc_product_repair_allocationstaff_id_foreign` FOREIGN KEY (`allocationStaff_id`) REFERENCES `qc_staffs` (`staff_id`),
  ADD CONSTRAINT `qc_product_repair_product_id_foreign` FOREIGN KEY (`product_id`) REFERENCES `qc_products` (`product_id`) ON DELETE CASCADE;

--
-- Constraints for table `qc_product_repair_allocation`
--
ALTER TABLE `qc_product_repair_allocation`
  ADD CONSTRAINT `qc_product_repair_allocation_repair_id_foreign` FOREIGN KEY (`repair_id`) REFERENCES `qc_product_repair` (`repair_id`) ON DELETE CASCADE,
  ADD CONSTRAINT `qc_product_repair_allocation_staff_id_foreign` FOREIGN KEY (`staff_id`) REFERENCES `qc_staffs` (`staff_id`) ON DELETE CASCADE;

--
-- Constraints for table `qc_product_repair_finish`
--
ALTER TABLE `qc_product_repair_finish`
  ADD CONSTRAINT `qc_product_repair_finish_repair_id_foreign` FOREIGN KEY (`repair_id`) REFERENCES `qc_product_repair` (`repair_id`) ON DELETE CASCADE;

--
-- Constraints for table `qc_product_repair_finish_image`
--
ALTER TABLE `qc_product_repair_finish_image`
  ADD CONSTRAINT `qc_product_repair_finish_image_finish_id_foreign` FOREIGN KEY (`finish_id`) REFERENCES `qc_product_repair_finish` (`finish_id`) ON DELETE CASCADE;

--
-- Constraints for table `qc_product_type_image`
--
ALTER TABLE `qc_product_type_image`
  ADD CONSTRAINT `qc_product_type_image_type_id_foreign` FOREIGN KEY (`type_id`) REFERENCES `qc_product_type` (`type_id`);

--
-- Constraints for table `qc_product_type_price`
--
ALTER TABLE `qc_product_type_price`
  ADD CONSTRAINT `qc_product_type_price_company_id_foreign` FOREIGN KEY (`company_id`) REFERENCES `qc_companies` (`company_id`) ON DELETE CASCADE,
  ADD CONSTRAINT `qc_product_type_price_staff_id_foreign` FOREIGN KEY (`staff_id`) REFERENCES `qc_staffs` (`staff_id`) ON DELETE CASCADE,
  ADD CONSTRAINT `qc_product_type_price_type_id_foreign` FOREIGN KEY (`type_id`) REFERENCES `qc_product_type` (`type_id`) ON DELETE CASCADE;

--
-- Constraints for table `qc_punish_content`
--
ALTER TABLE `qc_punish_content`
  ADD CONSTRAINT `qc_punish_content_type_id_foreign` FOREIGN KEY (`type_id`) REFERENCES `qc_punish_type` (`type_id`);

--
-- Constraints for table `qc_salary`
--
ALTER TABLE `qc_salary`
  ADD CONSTRAINT `qc_salary_ibfk_1` FOREIGN KEY (`workSalary_id`) REFERENCES `qc_staff_work_salary` (`workSalary_id`) ON DELETE CASCADE,
  ADD CONSTRAINT `qc_salary_salarybasic_id_foreign` FOREIGN KEY (`salaryBasic_id`) REFERENCES `qc_staff_salary_basics` (`salary_basic_id`) ON DELETE CASCADE,
  ADD CONSTRAINT `qc_salary_work_id_foreign` FOREIGN KEY (`work_id`) REFERENCES `qc_works` (`work_id`) ON DELETE CASCADE;

--
-- Constraints for table `qc_salary_before_pay`
--
ALTER TABLE `qc_salary_before_pay`
  ADD CONSTRAINT `qc_salary_before_pay_staffpay_id_foreign` FOREIGN KEY (`staffPay_id`) REFERENCES `qc_staffs` (`staff_id`) ON DELETE CASCADE,
  ADD CONSTRAINT `qc_salary_before_pay_work_id_foreign` FOREIGN KEY (`work_id`) REFERENCES `qc_works` (`work_id`) ON DELETE CASCADE;

--
-- Constraints for table `qc_salary_before_pay_request`
--
ALTER TABLE `qc_salary_before_pay_request`
  ADD CONSTRAINT `qc_salary_before_pay_request_ibfk_1` FOREIGN KEY (`staffTransfer_id`) REFERENCES `qc_staffs` (`staff_id`),
  ADD CONSTRAINT `qc_salary_before_pay_request_staffconfirm_id_foreign` FOREIGN KEY (`staffConfirm_id`) REFERENCES `qc_staffs` (`staff_id`) ON DELETE CASCADE,
  ADD CONSTRAINT `qc_salary_before_pay_request_work_id_foreign` FOREIGN KEY (`work_id`) REFERENCES `qc_works` (`work_id`) ON DELETE CASCADE;

--
-- Constraints for table `qc_salary_pays`
--
ALTER TABLE `qc_salary_pays`
  ADD CONSTRAINT `qc_salary_pays_salary_id_foreign` FOREIGN KEY (`salary_id`) REFERENCES `qc_salary` (`salary_id`) ON DELETE CASCADE,
  ADD CONSTRAINT `qc_salary_pays_staff_id_foreign` FOREIGN KEY (`staff_id`) REFERENCES `qc_staffs` (`staff_id`) ON DELETE CASCADE;

--
-- Constraints for table `qc_staffs`
--
ALTER TABLE `qc_staffs`
  ADD CONSTRAINT `tf_staffs_company_id_foreign` FOREIGN KEY (`company_id`) REFERENCES `qc_companies` (`company_id`);

--
-- Constraints for table `qc_staff_kpi`
--
ALTER TABLE `qc_staff_kpi`
  ADD CONSTRAINT `qc_staff_kpi_kpi_id_foreign` FOREIGN KEY (`kpi_id`) REFERENCES `qc_kpi` (`kpi_id`) ON DELETE CASCADE,
  ADD CONSTRAINT `qc_staff_kpi_staff_id_foreign` FOREIGN KEY (`staff_id`) REFERENCES `qc_staffs` (`staff_id`) ON DELETE CASCADE;

--
-- Constraints for table `qc_staff_kpi_register`
--
ALTER TABLE `qc_staff_kpi_register`
  ADD CONSTRAINT `qc_staff_kpi_register_confirmstaff_id_foreign` FOREIGN KEY (`confirmStaff_id`) REFERENCES `qc_staffs` (`staff_id`) ON DELETE CASCADE,
  ADD CONSTRAINT `qc_staff_kpi_register_kpi_id_foreign` FOREIGN KEY (`kpi_id`) REFERENCES `qc_kpi` (`kpi_id`) ON DELETE CASCADE,
  ADD CONSTRAINT `qc_staff_kpi_register_staff_id_foreign` FOREIGN KEY (`staff_id`) REFERENCES `qc_staffs` (`staff_id`) ON DELETE CASCADE;

--
-- Constraints for table `qc_staff_salary_basics`
--
ALTER TABLE `qc_staff_salary_basics`
  ADD CONSTRAINT `qc_staff_salary_basics_staff_id_foreign` FOREIGN KEY (`staff_id`) REFERENCES `qc_staffs` (`staff_id`) ON DELETE CASCADE;

--
-- Constraints for table `qc_staff_work_department`
--
ALTER TABLE `qc_staff_work_department`
  ADD CONSTRAINT `qc_staff_work_department_ibfk_1` FOREIGN KEY (`work_id`) REFERENCES `qc_company_staff_work` (`work_id`) ON DELETE CASCADE,
  ADD CONSTRAINT `qc_staff_work_department_ibfk_2` FOREIGN KEY (`department_id`) REFERENCES `qc_departments` (`department_id`) ON DELETE CASCADE,
  ADD CONSTRAINT `qc_staff_work_department_ibfk_3` FOREIGN KEY (`rank_id`) REFERENCES `qc_ranks` (`rank_id`) ON DELETE CASCADE;

--
-- Constraints for table `qc_staff_work_method`
--
ALTER TABLE `qc_staff_work_method`
  ADD CONSTRAINT `qc_staff_work_method_confirmstaff_id_foreign` FOREIGN KEY (`confirmStaff_id`) REFERENCES `qc_staffs` (`staff_id`) ON DELETE CASCADE,
  ADD CONSTRAINT `qc_staff_work_method_staff_id_foreign` FOREIGN KEY (`staff_id`) REFERENCES `qc_staffs` (`staff_id`) ON DELETE CASCADE;

--
-- Constraints for table `qc_staff_work_salary`
--
ALTER TABLE `qc_staff_work_salary`
  ADD CONSTRAINT `qc_staff_work_salary_work_id_foreign` FOREIGN KEY (`work_id`) REFERENCES `qc_company_staff_work` (`work_id`) ON DELETE CASCADE;

--
-- Constraints for table `qc_system_date_off`
--
ALTER TABLE `qc_system_date_off`
  ADD CONSTRAINT `qc_system_date_off_company_id_foreign` FOREIGN KEY (`company_id`) REFERENCES `qc_companies` (`company_id`) ON DELETE CASCADE,
  ADD CONSTRAINT `qc_system_date_off_staff_id_foreign` FOREIGN KEY (`staff_id`) REFERENCES `qc_staffs` (`staff_id`) ON DELETE CASCADE;

--
-- Constraints for table `qc_timekeeping`
--
ALTER TABLE `qc_timekeeping`
  ADD CONSTRAINT `qc_timekeeping_ibfk_1` FOREIGN KEY (`work_id`) REFERENCES `qc_works` (`work_id`),
  ADD CONSTRAINT `qc_timekeeping_ibfk_2` FOREIGN KEY (`staffCheck_id`) REFERENCES `qc_staffs` (`staff_id`),
  ADD CONSTRAINT `qc_timekeeping_staffcheck_id_foreign` FOREIGN KEY (`staffCheck_id`) REFERENCES `qc_staffs` (`staff_id`) ON DELETE CASCADE,
  ADD CONSTRAINT `qc_timekeeping_work_id_foreign` FOREIGN KEY (`work_id`) REFERENCES `qc_works` (`work_id`) ON DELETE CASCADE;

--
-- Constraints for table `qc_timekeeping_image`
--
ALTER TABLE `qc_timekeeping_image`
  ADD CONSTRAINT `qc_timekeeping_image_timekeeping_id_foreign` FOREIGN KEY (`timekeeping_id`) REFERENCES `qc_timekeeping` (`timekeeping_id`);

--
-- Constraints for table `qc_timekeeping_provisional`
--
ALTER TABLE `qc_timekeeping_provisional`
  ADD CONSTRAINT `qc_timekeeping_provisional_staffconfirm_id_foreign` FOREIGN KEY (`staffConfirm_id`) REFERENCES `qc_staffs` (`staff_id`) ON DELETE CASCADE,
  ADD CONSTRAINT `qc_timekeeping_provisional_work_id_foreign` FOREIGN KEY (`work_id`) REFERENCES `qc_works` (`work_id`) ON DELETE CASCADE;

--
-- Constraints for table `qc_timekeeping_provisional_image`
--
ALTER TABLE `qc_timekeeping_provisional_image`
  ADD CONSTRAINT `qc_timekeeping_provisional_image_ibfk_1` FOREIGN KEY (`timekeeping_provisional_id`) REFERENCES `qc_timekeeping_provisional` (`timekeeping_provisional_id`) ON DELETE CASCADE,
  ADD CONSTRAINT `qc_timekeeping_provisional_image_ibfk_2` FOREIGN KEY (`report_id`) REFERENCES `qc_work_allocation_report` (`report_id`) ON DELETE SET NULL;

--
-- Constraints for table `qc_tool_allocation`
--
ALTER TABLE `qc_tool_allocation`
  ADD CONSTRAINT `qc_tool_allocation_allocationstaff_id_foreign` FOREIGN KEY (`allocationStaff_id`) REFERENCES `qc_staffs` (`staff_id`),
  ADD CONSTRAINT `qc_tool_allocation_receivestaff_id_foreign` FOREIGN KEY (`receiveStaff_id`) REFERENCES `qc_staffs` (`staff_id`);

--
-- Constraints for table `qc_tool_allocation_detail`
--
ALTER TABLE `qc_tool_allocation_detail`
  ADD CONSTRAINT `qc_tool_allocation_detail_allocation_id_foreign` FOREIGN KEY (`allocation_id`) REFERENCES `qc_tool_allocation` (`allocation_id`) ON DELETE CASCADE,
  ADD CONSTRAINT `qc_tool_allocation_detail_ibfk_1` FOREIGN KEY (`store_id`) REFERENCES `qc_company_store` (`store_id`) ON DELETE CASCADE,
  ADD CONSTRAINT `qc_tool_allocation_detail_ibfk_2` FOREIGN KEY (`company_id`) REFERENCES `qc_companies` (`company_id`) ON DELETE CASCADE,
  ADD CONSTRAINT `qc_tool_allocation_detail_tool_id_foreign` FOREIGN KEY (`tool_id`) REFERENCES `qc_company_store` (`tool_id`) ON DELETE CASCADE;

--
-- Constraints for table `qc_tool_return`
--
ALTER TABLE `qc_tool_return`
  ADD CONSTRAINT `qc_tool_return_confirmstaff_id_foreign` FOREIGN KEY (`confirmStaff_id`) REFERENCES `qc_staffs` (`staff_id`),
  ADD CONSTRAINT `qc_tool_return_returnstaff_id_foreign` FOREIGN KEY (`returnStaff_id`) REFERENCES `qc_staffs` (`staff_id`);

--
-- Constraints for table `qc_tool_return_detail`
--
ALTER TABLE `qc_tool_return_detail`
  ADD CONSTRAINT `qc_tool_return_detail_return_id_foreign` FOREIGN KEY (`return_id`) REFERENCES `qc_tool_return` (`return_id`),
  ADD CONSTRAINT `qc_tool_return_detail_tool_id_foreign` FOREIGN KEY (`tool_id`) REFERENCES `qc_tools` (`tool_id`);

--
-- Constraints for table `qc_tool_staff`
--
ALTER TABLE `qc_tool_staff`
  ADD CONSTRAINT `qc_tool_staff_staff_id_foreign` FOREIGN KEY (`staff_id`) REFERENCES `qc_staffs` (`staff_id`),
  ADD CONSTRAINT `qc_tool_staff_tool_id_foreign` FOREIGN KEY (`tool_id`) REFERENCES `qc_tools` (`tool_id`);

--
-- Constraints for table `qc_transfers`
--
ALTER TABLE `qc_transfers`
  ADD CONSTRAINT `qc_transfers_ibfk_1` FOREIGN KEY (`company_id`) REFERENCES `qc_companies` (`company_id`) ON DELETE CASCADE,
  ADD CONSTRAINT `qc_transfers_receivestaff_id_foreign` FOREIGN KEY (`receiveStaff_id`) REFERENCES `qc_staffs` (`staff_id`),
  ADD CONSTRAINT `qc_transfers_transfersstaff_id_foreign` FOREIGN KEY (`transfersStaff_id`) REFERENCES `qc_staffs` (`staff_id`);

--
-- Constraints for table `qc_transfers_detail`
--
ALTER TABLE `qc_transfers_detail`
  ADD CONSTRAINT `qc_transfers_detail_pay_id_foreign` FOREIGN KEY (`pay_id`) REFERENCES `qc_order_pay` (`pay_id`) ON DELETE CASCADE,
  ADD CONSTRAINT `qc_transfers_detail_transfers_id_foreign` FOREIGN KEY (`transfers_id`) REFERENCES `qc_transfers` (`transfers_id`) ON DELETE CASCADE;

--
-- Constraints for table `qc_works`
--
ALTER TABLE `qc_works`
  ADD CONSTRAINT `qc_works_ibfk_1` FOREIGN KEY (`companyStaffWork_id`) REFERENCES `qc_company_staff_work` (`work_id`) ON DELETE CASCADE,
  ADD CONSTRAINT `qc_works_staff_id_foreign` FOREIGN KEY (`staff_id`) REFERENCES `qc_staffs` (`staff_id`) ON DELETE CASCADE;

--
-- Constraints for table `qc_work_allocation`
--
ALTER TABLE `qc_work_allocation`
  ADD CONSTRAINT `qc_work_allocation_allocationstaff_id_foreign` FOREIGN KEY (`allocationStaff_id`) REFERENCES `qc_staffs` (`staff_id`),
  ADD CONSTRAINT `qc_work_allocation_product_id_foreign` FOREIGN KEY (`product_id`) REFERENCES `qc_products` (`product_id`),
  ADD CONSTRAINT `qc_work_allocation_receivestaff_id_foreign` FOREIGN KEY (`receiveStaff_id`) REFERENCES `qc_staffs` (`staff_id`);

--
-- Constraints for table `qc_work_allocation_finish`
--
ALTER TABLE `qc_work_allocation_finish`
  ADD CONSTRAINT `qc_work_allocation_finish_allocation_id_foreign` FOREIGN KEY (`allocation_id`) REFERENCES `qc_work_allocation` (`allocation_id`);

--
-- Constraints for table `qc_work_allocation_report`
--
ALTER TABLE `qc_work_allocation_report`
  ADD CONSTRAINT `qc_work_allocation_report_allocation_id_foreign` FOREIGN KEY (`allocation_id`) REFERENCES `qc_work_allocation` (`allocation_id`) ON DELETE CASCADE;

--
-- Constraints for table `qc_work_allocation_report_image`
--
ALTER TABLE `qc_work_allocation_report_image`
  ADD CONSTRAINT `qc_work_allocation_report_image_report_id_foreign` FOREIGN KEY (`report_id`) REFERENCES `qc_work_allocation_report` (`report_id`) ON DELETE CASCADE;

/*!40101 SET CHARACTER_SET_CLIENT=@OLD_CHARACTER_SET_CLIENT */;
/*!40101 SET CHARACTER_SET_RESULTS=@OLD_CHARACTER_SET_RESULTS */;
/*!40101 SET COLLATION_CONNECTION=@OLD_COLLATION_CONNECTION */;
